timestamp_unix,datetime_iso,dt,active_car,switching_cars,state,raw_adc,raw_throttle_pct,smoothed_throttle_pct,engine_throttle_pct,idle_target_vol,idle_current_vol,idle_is_fading,hellcat_engine_load,hellcat_sim_gear,hellcat_sim_rpm,hellcat_smoothed_throttle,m4_lc_sounds_active,m4_sim_rpm,supra_sim_rpm,svj_clip_elapsed,svj_launch_firing,svj_launch_release_t,svj_rev_zone,svj_sim_gear,svj_smoothed_throttle
1779158606.704716,2026-05-18T21:43:26,0.000000,M4,false,ENGINE_OFF,15823,0.000000,0.000000,0.000000,0.700000,0.700000,false,,,,,false,800.000000,,,,,,,
1779158606.722588,2026-05-18T21:43:26,0.017902,M4,false,ENGINE_OFF,15823,0.000000,0.000000,0.000000,0.700000,0.700000,false,,,,,false,800.000000,,,,,,,
1779158606.740571,2026-05-18T21:43:26,0.018004,M4,false,ENGINE_OFF,15823,0.000000,0.000000,0.000000,0.700000,0.700000,false,,,,,false,800.000000,,,,,,,
1779158606.758675,2026-05-18T21:43:26,0.018083,M4,false,ENGINE_OFF,15823,0.000000,0.000000,0.000000,0.700000,0.700000,false,,,,,false,800.000000,,,,,,,
1779158606.776561,2026-05-18T21:43:26,0.017903,M4,false,ENGINE_OFF,15823,0.000000,0.000000,0.000000,0.700000,0.700000,false,,,,,false,800.000000,,,,,,,
1779158606.794574,2026-05-18T21:43:26,0.018003,M4,false,ENGINE_OFF,15823,0.000000,0.000000,0.000000,0.700000,0.700000,false,,,,,false,800.000000,,,,,,,
1779158606.812567,2026-05-18T21:43:26,0.018000,M4,false,ENGINE_OFF,15823,0.000000,0.000000,0.000000,0.700000,0.700000,false,,,,,false,800.000000,,,,,,,
1779158606.830579,2026-05-18T21:43:26,0.018001,M4,false,ENGINE_OFF,15823,0.000000,0.000000,0.000000,0.700000,0.700000,false,,,,,false,800.000000,,,,,,,
1779158606.848597,2026-05-18T21:43:26,0.018012,M4,false,ENGINE_OFF,15823,0.000000,0.000000,0.000000,0.700000,0.700000,false,,,,,false,800.000000,,,,,,,
1779158606.866580,2026-05-18T21:43:26,0.017988,M4,false,ENGINE_OFF,15823,0.000000,0.000000,0.000000,0.700000,0.700000,false,,,,,false,800.000000,,,,,,,
1779158606.884583,2026-05-18T21:43:26,0.017999,M4,false,ENGINE_OFF,15823,0.000000,0.000000,0.000000,0.700000,0.700000,false,,,,,false,800.000000,,,,,,,
1779158606.902604,2026-05-18T21:43:26,0.018002,M4,false,ENGINE_OFF,15823,0.000000,0.000000,0.000000,0.700000,0.700000,false,,,,,false,800.000000,,,,,,,
1779158606.920574,2026-05-18T21:43:26,0.017992,M4,false,ENGINE_OFF,15823,0.000000,0.000000,0.000000,0.700000,0.700000,false,,,,,false,800.000000,,,,,,,
1779158606.938588,2026-05-18T21:43:26,0.018006,M4,false,ENGINE_OFF,15823,0.000000,0.000000,0.000000,0.700000,0.700000,false,,,,,false,800.000000,,,,,,,
1779158606.956576,2026-05-18T21:43:26,0.018004,M4,false,ENGINE_OFF,15823,0.000000,0.000000,0.000000,0.700000,0.700000,false,,,,,false,800.000000,,,,,,,
1779158606.974600,2026-05-18T21:43:26,0.018002,M4,false,ENGINE_OFF,15823,0.000000,0.000000,0.000000,0.700000,0.700000,false,,,,,false,800.000000,,,,,,,
1779158606.992567,2026-05-18T21:43:26,0.017989,M4,false,ENGINE_OFF,15823,0.000000,0.000000,0.000000,0.700000,0.700000,false,,,,,false,800.000000,,,,,,,
1779158607.010622,2026-05-18T21:43:27,0.018010,M4,false,ENGINE_OFF,15823,0.000000,0.000000,0.000000,0.700000,0.700000,false,,,,,false,800.000000,,,,,,,
1779158607.028591,2026-05-18T21:43:27,0.017994,M4,false,ENGINE_OFF,15823,0.000000,0.000000,0.000000,0.700000,0.700000,false,,,,,false,800.000000,,,,,,,
1779158607.046608,2026-05-18T21:43:27,0.018016,M4,false,ENGINE_OFF,15823,0.000000,0.000000,0.000000,0.700000,0.700000,false,,,,,false,800.000000,,,,,,,
1779158607.064605,2026-05-18T21:43:27,0.017994,M4,false,ENGINE_OFF,15823,0.000000,0.000000,0.000000,0.700000,0.700000,false,,,,,false,800.000000,,,,,,,
1779158607.082588,2026-05-18T21:43:27,0.017997,M4,false,ENGINE_OFF,15823,0.000000,0.000000,0.000000,0.700000,0.700000,false,,,,,false,800.000000,,,,,,,
1779158607.100609,2026-05-18T21:43:27,0.018027,M4,false,ENGINE_OFF,15823,0.000000,0.000000,0.000000,0.700000,0.700000,false,,,,,false,800.000000,,,,,,,
1779158607.118637,2026-05-18T21:43:27,0.017978,M4,false,ENGINE_OFF,15823,0.000000,0.000000,0.000000,0.700000,0.700000,false,,,,,false,800.000000,,,,,,,
1779158607.136600,2026-05-18T21:43:27,0.017990,M4,false,ENGINE_OFF,15823,0.000000,0.000000,0.000000,0.700000,0.700000,false,,,,,false,800.000000,,,,,,,
1779158607.154648,2026-05-18T21:43:27,0.018023,M4,false,ENGINE_OFF,15823,0.000000,0.000000,0.000000,0.700000,0.700000,false,,,,,false,800.000000,,,,,,,
1779158607.172603,2026-05-18T21:43:27,0.017982,M4,false,ENGINE_OFF,15823,0.000000,0.000000,0.000000,0.700000,0.700000,false,,,,,false,800.000000,,,,,,,
1779158607.190621,2026-05-18T21:43:27,0.017996,M4,false,ENGINE_OFF,15823,0.000000,0.000000,0.000000,0.700000,0.700000,false,,,,,false,800.000000,,,,,,,
1779158607.208587,2026-05-18T21:43:27,0.018004,M4,false,ENGINE_OFF,15823,0.000000,0.000000,0.000000,0.700000,0.700000,false,,,,,false,800.000000,,,,,,,
1779158607.226605,2026-05-18T21:43:27,0.018010,M4,false,ENGINE_OFF,15823,0.000000,0.000000,0.000000,0.700000,0.700000,false,,,,,false,800.000000,,,,,,,
1779158607.244626,2026-05-18T21:43:27,0.018004,M4,false,ENGINE_OFF,15823,0.000000,0.000000,0.000000,0.700000,0.700000,false,,,,,false,800.000000,,,,,,,
1779158607.262593,2026-05-18T21:43:27,0.017984,M4,false,ENGINE_OFF,15823,0.000000,0.000000,0.000000,0.700000,0.700000,false,,,,,false,800.000000,,,,,,,
1779158607.280618,2026-05-18T21:43:27,0.018013,M4,false,ENGINE_OFF,15823,0.000000,0.000000,0.000000,0.700000,0.700000,false,,,,,false,800.000000,,,,,,,
1779158607.298598,2026-05-18T21:43:27,0.017994,M4,false,ENGINE_OFF,15823,0.000000,0.000000,0.000000,0.700000,0.700000,false,,,,,false,800.000000,,,,,,,
1779158607.316642,2026-05-18T21:43:27,0.018009,M4,false,ENGINE_OFF,15823,0.000000,0.000000,0.000000,0.700000,0.700000,false,,,,,false,800.000000,,,,,,,
1779158607.334619,2026-05-18T21:43:27,0.017988,M4,false,ENGINE_OFF,15823,0.000000,0.000000,0.000000,0.700000,0.700000,false,,,,,false,800.000000,,,,,,,
1779158607.352587,2026-05-18T21:43:27,0.017996,M4,false,ENGINE_OFF,15823,0.000000,0.000000,0.000000,0.700000,0.700000,false,,,,,false,800.000000,,,,,,,
1779158607.370595,2026-05-18T21:43:27,0.017994,M4,false,ENGINE_OFF,15823,0.000000,0.000000,0.000000,0.700000,0.700000,false,,,,,false,800.000000,,,,,,,
1779158607.388581,2026-05-18T21:43:27,0.018003,M4,false,ENGINE_OFF,15823,0.000000,0.000000,0.000000,0.700000,0.700000,false,,,,,false,800.000000,,,,,,,
1779158607.406595,2026-05-18T21:43:27,0.018002,M4,false,ENGINE_OFF,15823,0.000000,0.000000,0.000000,0.700000,0.700000,false,,,,,false,800.000000,,,,,,,
1779158607.424607,2026-05-18T21:43:27,0.018008,M4,false,ENGINE_OFF,15823,0.000000,0.000000,0.000000,0.700000,0.700000,false,,,,,false,800.000000,,,,,,,
1779158607.442642,2026-05-18T21:43:27,0.017992,M4,false,ENGINE_OFF,15823,0.000000,0.000000,0.000000,0.700000,0.700000,false,,,,,false,800.000000,,,,,,,
1779158607.460595,2026-05-18T21:43:27,0.017995,M4,false,ENGINE_OFF,15823,0.000000,0.000000,0.000000,0.700000,0.700000,false,,,,,false,800.000000,,,,,,,
1779158607.478602,2026-05-18T21:43:27,0.018013,M4,false,ENGINE_OFF,15823,0.000000,0.000000,0.000000,0.700000,0.700000,false,,,,,false,800.000000,,,,,,,
1779158607.496596,2026-05-18T21:43:27,0.017988,M4,false,ENGINE_OFF,15823,0.000000,0.000000,0.000000,0.700000,0.700000,false,,,,,false,800.000000,,,,,,,
1779158607.514649,2026-05-18T21:43:27,0.018022,M4,false,ENGINE_OFF,15823,0.000000,0.000000,0.000000,0.700000,0.700000,false,,,,,false,800.000000,,,,,,,
1779158607.532600,2026-05-18T21:43:27,0.017977,M4,false,ENGINE_OFF,15823,0.000000,0.000000,0.000000,0.700000,0.700000,false,,,,,false,800.000000,,,,,,,
1779158607.550627,2026-05-18T21:43:27,0.018014,M4,false,ENGINE_OFF,15823,0.000000,0.000000,0.000000,0.700000,0.700000,false,,,,,false,800.000000,,,,,,,
1779158607.568598,2026-05-18T21:43:27,0.017992,M4,false,ENGINE_OFF,15823,0.000000,0.000000,0.000000,0.700000,0.700000,false,,,,,false,800.000000,,,,,,,
1779158607.586654,2026-05-18T21:43:27,0.018013,M4,false,ENGINE_OFF,15823,0.000000,0.000000,0.000000,0.700000,0.700000,false,,,,,false,800.000000,,,,,,,
1779158607.604674,2026-05-18T21:43:27,0.018008,M4,false,ENGINE_OFF,15823,0.000000,0.000000,0.000000,0.700000,0.700000,false,,,,,false,800.000000,,,,,,,
1779158607.622617,2026-05-18T21:43:27,0.017984,M4,false,ENGINE_OFF,15823,0.000000,0.000000,0.000000,0.700000,0.700000,false,,,,,false,800.000000,,,,,,,
1779158607.640612,2026-05-18T21:43:27,0.017998,M4,false,ENGINE_OFF,15823,0.000000,0.000000,0.000000,0.700000,0.700000,false,,,,,false,800.000000,,,,,,,
1779158607.658743,2026-05-18T21:43:27,0.018117,M4,false,ENGINE_OFF,15823,0.000000,0.000000,0.000000,0.700000,0.700000,false,,,,,false,800.000000,,,,,,,
1779158607.676623,2026-05-18T21:43:27,0.017875,M4,false,ENGINE_OFF,15823,0.000000,0.000000,0.000000,0.700000,0.700000,false,,,,,false,800.000000,,,,,,,
1779158607.694805,2026-05-18T21:43:27,0.018200,M4,false,ENGINE_OFF,15823,0.000000,0.000000,0.000000,0.700000,0.700000,false,,,,,false,800.000000,,,,,,,
1779158607.712807,2026-05-18T21:43:27,0.018002,M4,false,ENGINE_OFF,15823,0.000000,0.000000,0.000000,0.700000,0.700000,false,,,,,false,800.000000,,,,,,,
1779158607.730812,2026-05-18T21:43:27,0.018001,M4,false,ENGINE_OFF,15823,0.000000,0.000000,0.000000,0.700000,0.700000,false,,,,,false,800.000000,,,,,,,
1779158607.748831,2026-05-18T21:43:27,0.017996,M4,false,ENGINE_OFF,15823,0.000000,0.000000,0.000000,0.700000,0.700000,false,,,,,false,800.000000,,,,,,,
1779158607.766820,2026-05-18T21:43:27,0.018007,M4,false,ENGINE_OFF,15823,0.000000,0.000000,0.000000,0.700000,0.700000,false,,,,,false,800.000000,,,,,,,
1779158607.784882,2026-05-18T21:43:27,0.017996,M4,false,ENGINE_OFF,15823,0.000000,0.000000,0.000000,0.700000,0.700000,false,,,,,false,800.000000,,,,,,,
1779158607.802797,2026-05-18T21:43:27,0.018013,M4,false,ENGINE_OFF,15823,0.000000,0.000000,0.000000,0.700000,0.700000,false,,,,,false,800.000000,,,,,,,
1779158607.820844,2026-05-18T21:43:27,0.017996,M4,false,ENGINE_OFF,15823,0.000000,0.000000,0.000000,0.700000,0.700000,false,,,,,false,800.000000,,,,,,,
1779158607.838843,2026-05-18T21:43:27,0.018034,M4,false,ENGINE_OFF,15823,0.000000,0.000000,0.000000,0.700000,0.700000,false,,,,,false,800.000000,,,,,,,
1779158607.856805,2026-05-18T21:43:27,0.017954,M4,false,ENGINE_OFF,15823,0.000000,0.000000,0.000000,0.700000,0.700000,false,,,,,false,800.000000,,,,,,,
1779158607.874830,2026-05-18T21:43:27,0.018013,M4,false,ENGINE_OFF,15823,0.000000,0.000000,0.000000,0.700000,0.700000,false,,,,,false,800.000000,,,,,,,
1779158607.892849,2026-05-18T21:43:27,0.017989,M4,false,ENGINE_OFF,15823,0.000000,0.000000,0.000000,0.700000,0.700000,false,,,,,false,800.000000,,,,,,,
1779158607.910816,2026-05-18T21:43:27,0.018002,M4,false,ENGINE_OFF,15823,0.000000,0.000000,0.000000,0.700000,0.700000,false,,,,,false,800.000000,,,,,,,
1779158607.928820,2026-05-18T21:43:27,0.018012,M4,false,ENGINE_OFF,15823,0.000000,0.000000,0.000000,0.700000,0.700000,false,,,,,false,800.000000,,,,,,,
1779158607.946843,2026-05-18T21:43:27,0.017989,M4,false,ENGINE_OFF,15823,0.000000,0.000000,0.000000,0.700000,0.700000,false,,,,,false,800.000000,,,,,,,
1779158607.964817,2026-05-18T21:43:27,0.017994,M4,false,ENGINE_OFF,15823,0.000000,0.000000,0.000000,0.700000,0.700000,false,,,,,false,800.000000,,,,,,,
1779158607.982808,2026-05-18T21:43:27,0.017995,M4,false,ENGINE_OFF,15823,0.000000,0.000000,0.000000,0.700000,0.700000,false,,,,,false,800.000000,,,,,,,
1779158608.000840,2026-05-18T21:43:28,0.018015,M4,false,ENGINE_OFF,15823,0.000000,0.000000,0.000000,0.700000,0.700000,false,,,,,false,800.000000,,,,,,,
1779158608.019002,2026-05-18T21:43:28,0.018184,M4,false,ENGINE_OFF,15823,0.000000,0.000000,0.000000,0.700000,0.700000,false,,,,,false,800.000000,,,,,,,
1779158608.036907,2026-05-18T21:43:28,0.017808,M4,false,ENGINE_OFF,15823,0.000000,0.000000,0.000000,0.700000,0.700000,false,,,,,false,800.000000,,,,,,,
1779158608.054797,2026-05-18T21:43:28,0.017997,M4,false,ENGINE_OFF,15823,0.000000,0.000000,0.000000,0.700000,0.700000,false,,,,,false,800.000000,,,,,,,
1779158608.072827,2026-05-18T21:43:28,0.017999,M4,false,ENGINE_OFF,15823,0.000000,0.000000,0.000000,0.700000,0.700000,false,,,,,false,800.000000,,,,,,,
1779158608.090834,2026-05-18T21:43:28,0.018012,M4,false,ENGINE_OFF,15823,0.000000,0.000000,0.000000,0.700000,0.700000,false,,,,,false,800.000000,,,,,,,
1779158608.108804,2026-05-18T21:43:28,0.017990,M4,false,ENGINE_OFF,15823,0.000000,0.000000,0.000000,0.700000,0.700000,false,,,,,false,800.000000,,,,,,,
1779158608.126850,2026-05-18T21:43:28,0.018014,M4,false,ENGINE_OFF,15823,0.000000,0.000000,0.000000,0.700000,0.700000,false,,,,,false,800.000000,,,,,,,
1779158608.144818,2026-05-18T21:43:28,0.017988,M4,false,ENGINE_OFF,15823,0.000000,0.000000,0.000000,0.700000,0.700000,false,,,,,false,800.000000,,,,,,,
1779158608.162814,2026-05-18T21:43:28,0.017996,M4,false,ENGINE_OFF,15823,0.000000,0.000000,0.000000,0.700000,0.700000,false,,,,,false,800.000000,,,,,,,
1779158608.180818,2026-05-18T21:43:28,0.018011,M4,false,ENGINE_OFF,15823,0.000000,0.000000,0.000000,0.700000,0.700000,false,,,,,false,800.000000,,,,,,,
1779158608.198804,2026-05-18T21:43:28,0.017998,M4,false,ENGINE_OFF,15823,0.000000,0.000000,0.000000,0.700000,0.700000,false,,,,,false,800.000000,,,,,,,
1779158608.216830,2026-05-18T21:43:28,0.017997,M4,false,ENGINE_OFF,15823,0.000000,0.000000,0.000000,0.700000,0.700000,false,,,,,false,800.000000,,,,,,,
1779158608.234810,2026-05-18T21:43:28,0.017999,M4,false,ENGINE_OFF,15823,0.000000,0.000000,0.000000,0.700000,0.700000,false,,,,,false,800.000000,,,,,,,
1779158608.252843,2026-05-18T21:43:28,0.018013,M4,false,ENGINE_OFF,15823,0.000000,0.000000,0.000000,0.700000,0.700000,false,,,,,false,800.000000,,,,,,,
1779158608.270837,2026-05-18T21:43:28,0.017991,M4,false,ENGINE_OFF,15823,0.000000,0.000000,0.000000,0.700000,0.700000,false,,,,,false,800.000000,,,,,,,
1779158608.288819,2026-05-18T21:43:28,0.017994,M4,false,ENGINE_OFF,15823,0.000000,0.000000,0.000000,0.700000,0.700000,false,,,,,false,800.000000,,,,,,,
1779158608.306809,2026-05-18T21:43:28,0.017998,M4,false,ENGINE_OFF,15823,0.000000,0.000000,0.000000,0.700000,0.700000,false,,,,,false,800.000000,,,,,,,
1779158608.324831,2026-05-18T21:43:28,0.018014,M4,false,ENGINE_OFF,15823,0.000000,0.000000,0.000000,0.700000,0.700000,false,,,,,false,800.000000,,,,,,,
1779158608.342820,2026-05-18T21:43:28,0.017988,M4,false,ENGINE_OFF,15823,0.000000,0.000000,0.000000,0.700000,0.700000,false,,,,,false,800.000000,,,,,,,
1779158608.360832,2026-05-18T21:43:28,0.018014,M4,false,ENGINE_OFF,15823,0.000000,0.000000,0.000000,0.700000,0.700000,false,,,,,false,800.000000,,,,,,,
1779158608.378840,2026-05-18T21:43:28,0.017993,M4,false,ENGINE_OFF,15823,0.000000,0.000000,0.000000,0.700000,0.700000,false,,,,,false,800.000000,,,,,,,
1779158608.396833,2026-05-18T21:43:28,0.017997,M4,false,ENGINE_OFF,15823,0.000000,0.000000,0.000000,0.700000,0.700000,false,,,,,false,800.000000,,,,,,,
1779158608.414973,2026-05-18T21:43:28,0.018018,M4,false,ENGINE_OFF,15823,0.000000,0.000000,0.000000,0.700000,0.700000,false,,,,,false,800.000000,,,,,,,
1779158608.433316,2026-05-18T21:43:28,0.017988,Supra,true,ENGINE_OFF,15823,0.000000,0.000000,0.000000,0.700000,0.700000,false,,,,,,,900.000000,,,,,,
1779158608.449825,2026-05-18T21:43:28,0.017005,Supra,true,ENGINE_OFF,15823,0.000000,0.000000,0.000000,0.700000,0.700000,false,,,,,,,900.000000,,,,,,
1779158608.467854,2026-05-18T21:43:28,0.018008,Supra,true,ENGINE_OFF,15823,0.000000,0.000000,0.000000,0.700000,0.700000,false,,,,,,,900.000000,,,,,,
1779158608.485800,2026-05-18T21:43:28,0.017977,Supra,true,ENGINE_OFF,15823,0.000000,0.000000,0.000000,0.700000,0.700000,false,,,,,,,900.000000,,,,,,
1779158608.503938,2026-05-18T21:43:28,0.018005,Supra,true,ENGINE_OFF,15823,0.000000,0.000000,0.000000,0.700000,0.700000,false,,,,,,,900.000000,,,,,,
1779158608.521816,2026-05-18T21:43:28,0.018005,Supra,true,ENGINE_OFF,15823,0.000000,0.000000,0.000000,0.700000,0.700000,false,,,,,,,900.000000,,,,,,
1779158608.539856,2026-05-18T21:43:28,0.018006,Supra,true,ENGINE_OFF,15823,0.000000,0.000000,0.000000,0.700000,0.700000,false,,,,,,,900.000000,,,,,,
1779158608.557810,2026-05-18T21:43:28,0.017991,Supra,true,ENGINE_OFF,15823,0.000000,0.000000,0.000000,0.700000,0.700000,false,,,,,,,900.000000,,,,,,
1779158608.575857,2026-05-18T21:43:28,0.017993,Supra,true,ENGINE_OFF,15823,0.000000,0.000000,0.000000,0.700000,0.700000,false,,,,,,,900.000000,,,,,,
1779158608.593819,2026-05-18T21:43:28,0.018001,Supra,true,ENGINE_OFF,15823,0.000000,0.000000,0.000000,0.700000,0.700000,false,,,,,,,900.000000,,,,,,
1779158608.611842,2026-05-18T21:43:28,0.018020,Supra,true,ENGINE_OFF,15823,0.000000,0.000000,0.000000,0.700000,0.700000,false,,,,,,,900.000000,,,,,,
1779158608.629856,2026-05-18T21:43:28,0.017978,Supra,true,ENGINE_OFF,15823,0.000000,0.000000,0.000000,0.700000,0.700000,false,,,,,,,900.000000,,,,,,
1779158608.647814,2026-05-18T21:43:28,0.018001,Supra,true,ENGINE_OFF,15823,0.000000,0.000000,0.000000,0.700000,0.700000,false,,,,,,,900.000000,,,,,,
1779158608.665829,2026-05-18T21:43:28,0.017999,Supra,true,ENGINE_OFF,15823,0.000000,0.000000,0.000000,0.700000,0.700000,false,,,,,,,900.000000,,,,,,
1779158608.683821,2026-05-18T21:43:28,0.018003,Supra,true,ENGINE_OFF,15823,0.000000,0.000000,0.000000,0.700000,0.700000,false,,,,,,,900.000000,,,,,,
1779158608.701850,2026-05-18T21:43:28,0.018016,Supra,true,ENGINE_OFF,15823,0.000000,0.000000,0.000000,0.700000,0.700000,false,,,,,,,900.000000,,,,,,
1779158608.719836,2026-05-18T21:43:28,0.017991,Supra,true,ENGINE_OFF,15823,0.000000,0.000000,0.000000,0.700000,0.700000,false,,,,,,,900.000000,,,,,,
1779158608.737838,2026-05-18T21:43:28,0.017999,Supra,true,ENGINE_OFF,15823,0.000000,0.000000,0.000000,0.700000,0.700000,false,,,,,,,900.000000,,,,,,
1779158608.755824,2026-05-18T21:43:28,0.017995,Supra,true,ENGINE_OFF,15823,0.000000,0.000000,0.000000,0.700000,0.700000,false,,,,,,,900.000000,,,,,,
1779158608.773848,2026-05-18T21:43:28,0.018009,Supra,true,ENGINE_OFF,15823,0.000000,0.000000,0.000000,0.700000,0.700000,false,,,,,,,900.000000,,,,,,
1779158608.791824,2026-05-18T21:43:28,0.017997,Supra,true,ENGINE_OFF,15823,0.000000,0.000000,0.000000,0.700000,0.700000,false,,,,,,,900.000000,,,,,,
1779158608.809826,2026-05-18T21:43:28,0.017994,Supra,true,ENGINE_OFF,15823,0.000000,0.000000,0.000000,0.700000,0.700000,false,,,,,,,900.000000,,,,,,
1779158608.827817,2026-05-18T21:43:28,0.018007,Supra,true,ENGINE_OFF,15823,0.000000,0.000000,0.000000,0.700000,0.700000,false,,,,,,,900.000000,,,,,,
1779158608.845811,2026-05-18T21:43:28,0.017989,Supra,true,ENGINE_OFF,15823,0.000000,0.000000,0.000000,0.700000,0.700000,false,,,,,,,900.000000,,,,,,
1779158608.863834,2026-05-18T21:43:28,0.018001,Supra,true,ENGINE_OFF,15823,0.000000,0.000000,0.000000,0.700000,0.700000,false,,,,,,,900.000000,,,,,,
1779158608.881848,2026-05-18T21:43:28,0.018021,Supra,true,ENGINE_OFF,15823,0.000000,0.000000,0.000000,0.700000,0.700000,false,,,,,,,900.000000,,,,,,
1779158608.899832,2026-05-18T21:43:28,0.017982,Supra,true,ENGINE_OFF,15823,0.000000,0.000000,0.000000,0.700000,0.700000,false,,,,,,,900.000000,,,,,,
1779158608.917832,2026-05-18T21:43:28,0.018013,Supra,true,ENGINE_OFF,15823,0.000000,0.000000,0.000000,0.700000,0.700000,false,,,,,,,900.000000,,,,,,
1779158608.935829,2026-05-18T21:43:28,0.017982,Supra,true,ENGINE_OFF,15823,0.000000,0.000000,0.000000,0.700000,0.700000,false,,,,,,,900.000000,,,,,,
1779158608.953815,2026-05-18T21:43:28,0.017999,Supra,true,ENGINE_OFF,15823,0.000000,0.000000,0.000000,0.700000,0.700000,false,,,,,,,900.000000,,,,,,
1779158608.971870,2026-05-18T21:43:28,0.018010,Supra,true,ENGINE_OFF,15823,0.000000,0.000000,0.000000,0.700000,0.700000,false,,,,,,,900.000000,,,,,,
1779158608.989842,2026-05-18T21:43:28,0.018006,Supra,true,ENGINE_OFF,15823,0.000000,0.000000,0.000000,0.700000,0.700000,false,,,,,,,900.000000,,,,,,
1779158609.007830,2026-05-18T21:43:29,0.017993,Supra,true,ENGINE_OFF,15823,0.000000,0.000000,0.000000,0.700000,0.700000,false,,,,,,,900.000000,,,,,,
1779158609.025848,2026-05-18T21:43:29,0.018005,Supra,true,ENGINE_OFF,15823,0.000000,0.000000,0.000000,0.700000,0.700000,false,,,,,,,900.000000,,,,,,
1779158609.043825,2026-05-18T21:43:29,0.017988,Supra,true,ENGINE_OFF,15823,0.000000,0.000000,0.000000,0.700000,0.700000,false,,,,,,,900.000000,,,,,,
1779158609.061819,2026-05-18T21:43:29,0.017999,Supra,true,ENGINE_OFF,15823,0.000000,0.000000,0.000000,0.700000,0.700000,false,,,,,,,900.000000,,,,,,
1779158609.079838,2026-05-18T21:43:29,0.018008,Supra,true,ENGINE_OFF,15823,0.000000,0.000000,0.000000,0.700000,0.700000,false,,,,,,,900.000000,,,,,,
1779158609.097959,2026-05-18T21:43:29,0.018014,Supra,true,ENGINE_OFF,15823,0.000000,0.000000,0.000000,0.700000,0.700000,false,,,,,,,900.000000,,,,,,
1779158609.116064,2026-05-18T21:43:29,0.018211,Supra,true,ENGINE_OFF,15823,0.000000,0.000000,0.000000,0.700000,0.700000,false,,,,,,,900.000000,,,,,,
1779158609.134061,2026-05-18T21:43:29,0.017991,Supra,true,ENGINE_OFF,15823,0.000000,0.000000,0.000000,0.700000,0.700000,false,,,,,,,900.000000,,,,,,
1779158609.152048,2026-05-18T21:43:29,0.018005,Supra,true,ENGINE_OFF,15823,0.000000,0.000000,0.000000,0.700000,0.700000,false,,,,,,,900.000000,,,,,,
1779158609.170059,2026-05-18T21:43:29,0.017991,Supra,true,ENGINE_OFF,15823,0.000000,0.000000,0.000000,0.700000,0.700000,false,,,,,,,900.000000,,,,,,
1779158609.188052,2026-05-18T21:43:29,0.018008,Supra,true,ENGINE_OFF,15823,0.000000,0.000000,0.000000,0.700000,0.700000,false,,,,,,,900.000000,,,,,,
1779158609.206042,2026-05-18T21:43:29,0.017993,Supra,true,ENGINE_OFF,15823,0.000000,0.000000,0.000000,0.700000,0.700000,false,,,,,,,900.000000,,,,,,
1779158609.224066,2026-05-18T21:43:29,0.018008,Supra,true,ENGINE_OFF,15823,0.000000,0.000000,0.000000,0.700000,0.700000,false,,,,,,,900.000000,,,,,,
1779158609.242193,2026-05-18T21:43:29,0.017994,Supra,false,ENGINE_OFF,15823,0.000000,0.000000,0.000000,0.700000,0.700000,false,,,,,,,900.000000,,,,,,
1779158609.260043,2026-05-18T21:43:29,0.018000,Supra,false,ENGINE_OFF,15823,0.000000,0.000000,0.000000,0.700000,0.700000,false,,,,,,,900.000000,,,,,,
1779158609.278045,2026-05-18T21:43:29,0.018003,Supra,false,ENGINE_OFF,15823,0.000000,0.000000,0.000000,0.700000,0.700000,false,,,,,,,900.000000,,,,,,
1779158609.296041,2026-05-18T21:43:29,0.017999,Supra,false,ENGINE_OFF,15823,0.000000,0.000000,0.000000,0.700000,0.700000,false,,,,,,,900.000000,,,,,,
1779158609.314064,2026-05-18T21:43:29,0.018007,Supra,false,ENGINE_OFF,15823,0.000000,0.000000,0.000000,0.700000,0.700000,false,,,,,,,900.000000,,,,,,
1779158609.332094,2026-05-18T21:43:29,0.017999,Supra,false,ENGINE_OFF,15823,0.000000,0.000000,0.000000,0.700000,0.700000,false,,,,,,,900.000000,,,,,,
1779158609.350106,2026-05-18T21:43:29,0.018009,Supra,false,ENGINE_OFF,15823,0.000000,0.000000,0.000000,0.700000,0.700000,false,,,,,,,900.000000,,,,,,
1779158609.368527,2026-05-18T21:43:29,0.017999,Hellcat,true,ENGINE_OFF,15823,0.000000,0.000000,0.000000,0.700000,0.700000,false,0.000000,1,750.000000,0.000000,,,,,,,,,
1779158609.386101,2026-05-18T21:43:29,0.017984,Hellcat,true,ENGINE_OFF,15823,0.000000,0.000000,0.000000,0.700000,0.700000,false,0.000000,1,750.000000,0.000000,,,,,,,,,
1779158609.404058,2026-05-18T21:43:29,0.018005,Hellcat,true,ENGINE_OFF,15823,0.000000,0.000000,0.000000,0.700000,0.700000,false,0.000000,1,750.000000,0.000000,,,,,,,,,
1779158609.422064,2026-05-18T21:43:29,0.017998,Hellcat,true,ENGINE_OFF,15823,0.000000,0.000000,0.000000,0.700000,0.700000,false,0.000000,1,750.000000,0.000000,,,,,,,,,
1779158609.440080,2026-05-18T21:43:29,0.018006,Hellcat,true,ENGINE_OFF,15823,0.000000,0.000000,0.000000,0.700000,0.700000,false,0.000000,1,750.000000,0.000000,,,,,,,,,
1779158609.458106,2026-05-18T21:43:29,0.017994,Hellcat,true,ENGINE_OFF,15823,0.000000,0.000000,0.000000,0.700000,0.700000,false,0.000000,1,750.000000,0.000000,,,,,,,,,
1779158609.476049,2026-05-18T21:43:29,0.017995,Hellcat,true,ENGINE_OFF,15823,0.000000,0.000000,0.000000,0.700000,0.700000,false,0.000000,1,750.000000,0.000000,,,,,,,,,
1779158609.494066,2026-05-18T21:43:29,0.018004,Hellcat,true,ENGINE_OFF,15823,0.000000,0.000000,0.000000,0.700000,0.700000,false,0.000000,1,750.000000,0.000000,,,,,,,,,
1779158609.512069,2026-05-18T21:43:29,0.018011,Hellcat,true,ENGINE_OFF,15823,0.000000,0.000000,0.000000,0.700000,0.700000,false,0.000000,1,750.000000,0.000000,,,,,,,,,
1779158609.530068,2026-05-18T21:43:29,0.017990,Hellcat,true,ENGINE_OFF,15823,0.000000,0.000000,0.000000,0.700000,0.700000,false,0.000000,1,750.000000,0.000000,,,,,,,,,
1779158609.548078,2026-05-18T21:43:29,0.018006,Hellcat,true,ENGINE_OFF,15823,0.000000,0.000000,0.000000,0.700000,0.700000,false,0.000000,1,750.000000,0.000000,,,,,,,,,
1779158609.566062,2026-05-18T21:43:29,0.017990,Hellcat,true,ENGINE_OFF,15823,0.000000,0.000000,0.000000,0.700000,0.700000,false,0.000000,1,750.000000,0.000000,,,,,,,,,
1779158609.584074,2026-05-18T21:43:29,0.018007,Hellcat,true,ENGINE_OFF,15823,0.000000,0.000000,0.000000,0.700000,0.700000,false,0.000000,1,750.000000,0.000000,,,,,,,,,
1779158609.602161,2026-05-18T21:43:29,0.017999,Hellcat,true,ENGINE_OFF,15823,0.000000,0.000000,0.000000,0.700000,0.700000,false,0.000000,1,750.000000,0.000000,,,,,,,,,
1779158609.620065,2026-05-18T21:43:29,0.018000,Hellcat,true,ENGINE_OFF,15823,0.000000,0.000000,0.000000,0.700000,0.700000,false,0.000000,1,750.000000,0.000000,,,,,,,,,
1779158609.638084,2026-05-18T21:43:29,0.018012,Hellcat,true,ENGINE_OFF,15823,0.000000,0.000000,0.000000,0.700000,0.700000,false,0.000000,1,750.000000,0.000000,,,,,,,,,
1779158609.656061,2026-05-18T21:43:29,0.017982,Hellcat,true,ENGINE_OFF,15823,0.000000,0.000000,0.000000,0.700000,0.700000,false,0.000000,1,750.000000,0.000000,,,,,,,,,
1779158609.674083,2026-05-18T21:43:29,0.018001,Hellcat,true,ENGINE_OFF,15823,0.000000,0.000000,0.000000,0.700000,0.700000,false,0.000000,1,750.000000,0.000000,,,,,,,,,
1779158609.692098,2026-05-18T21:43:29,0.018015,Hellcat,true,ENGINE_OFF,15823,0.000000,0.000000,0.000000,0.700000,0.700000,false,0.000000,1,750.000000,0.000000,,,,,,,,,
1779158609.710059,2026-05-18T21:43:29,0.017986,Hellcat,true,ENGINE_OFF,15823,0.000000,0.000000,0.000000,0.700000,0.700000,false,0.000000,1,750.000000,0.000000,,,,,,,,,
1779158609.728073,2026-05-18T21:43:29,0.018009,Hellcat,true,ENGINE_OFF,15823,0.000000,0.000000,0.000000,0.700000,0.700000,false,0.000000,1,750.000000,0.000000,,,,,,,,,
1779158609.746052,2026-05-18T21:43:29,0.017988,Hellcat,true,ENGINE_OFF,15823,0.000000,0.000000,0.000000,0.700000,0.700000,false,0.000000,1,750.000000,0.000000,,,,,,,,,
1779158609.764064,2026-05-18T21:43:29,0.018003,Hellcat,true,ENGINE_OFF,15823,0.000000,0.000000,0.000000,0.700000,0.700000,false,0.000000,1,750.000000,0.000000,,,,,,,,,
1779158609.782077,2026-05-18T21:43:29,0.017997,Hellcat,true,ENGINE_OFF,15823,0.000000,0.000000,0.000000,0.700000,0.700000,false,0.000000,1,750.000000,0.000000,,,,,,,,,
1779158609.800088,2026-05-18T21:43:29,0.018007,Hellcat,true,ENGINE_OFF,15823,0.000000,0.000000,0.000000,0.700000,0.700000,false,0.000000,1,750.000000,0.000000,,,,,,,,,
1779158609.818078,2026-05-18T21:43:29,0.018003,Hellcat,true,ENGINE_OFF,15823,0.000000,0.000000,0.000000,0.700000,0.700000,false,0.000000,1,750.000000,0.000000,,,,,,,,,
1779158609.836058,2026-05-18T21:43:29,0.017991,Hellcat,true,ENGINE_OFF,15823,0.000000,0.000000,0.000000,0.700000,0.700000,false,0.000000,1,750.000000,0.000000,,,,,,,,,
1779158609.854207,2026-05-18T21:43:29,0.018000,Hellcat,true,ENGINE_OFF,15823,0.000000,0.000000,0.000000,0.700000,0.700000,false,0.000000,1,750.000000,0.000000,,,,,,,,,
1779158609.872076,2026-05-18T21:43:29,0.018004,Hellcat,true,ENGINE_OFF,15823,0.000000,0.000000,0.000000,0.700000,0.700000,false,0.000000,1,750.000000,0.000000,,,,,,,,,
1779158609.890088,2026-05-18T21:43:29,0.017995,Hellcat,true,ENGINE_OFF,15823,0.000000,0.000000,0.000000,0.700000,0.700000,false,0.000000,1,750.000000,0.000000,,,,,,,,,
1779158609.908099,2026-05-18T21:43:29,0.018000,Hellcat,true,ENGINE_OFF,15823,0.000000,0.000000,0.000000,0.700000,0.700000,false,0.000000,1,750.000000,0.000000,,,,,,,,,
1779158609.926090,2026-05-18T21:43:29,0.018004,Hellcat,true,ENGINE_OFF,15823,0.000000,0.000000,0.000000,0.700000,0.700000,false,0.000000,1,750.000000,0.000000,,,,,,,,,
1779158609.944116,2026-05-18T21:43:29,0.018005,Hellcat,true,ENGINE_OFF,15823,0.000000,0.000000,0.000000,0.700000,0.700000,false,0.000000,1,750.000000,0.000000,,,,,,,,,
1779158609.962068,2026-05-18T21:43:29,0.017988,Hellcat,true,ENGINE_OFF,15823,0.000000,0.000000,0.000000,0.700000,0.700000,false,0.000000,1,750.000000,0.000000,,,,,,,,,
1779158609.980098,2026-05-18T21:43:29,0.018008,Hellcat,true,ENGINE_OFF,15823,0.000000,0.000000,0.000000,0.700000,0.700000,false,0.000000,1,750.000000,0.000000,,,,,,,,,
1779158609.998063,2026-05-18T21:43:29,0.017997,Hellcat,true,ENGINE_OFF,15823,0.000000,0.000000,0.000000,0.700000,0.700000,false,0.000000,1,750.000000,0.000000,,,,,,,,,
1779158610.016069,2026-05-18T21:43:30,0.018000,Hellcat,true,ENGINE_OFF,15823,0.000000,0.000000,0.000000,0.700000,0.700000,false,0.000000,1,750.000000,0.000000,,,,,,,,,
1779158610.034070,2026-05-18T21:43:30,0.017999,Hellcat,true,ENGINE_OFF,15823,0.000000,0.000000,0.000000,0.700000,0.700000,false,0.000000,1,750.000000,0.000000,,,,,,,,,
1779158610.052085,2026-05-18T21:43:30,0.018001,Hellcat,true,ENGINE_OFF,15823,0.000000,0.000000,0.000000,0.700000,0.700000,false,0.000000,1,750.000000,0.000000,,,,,,,,,
1779158610.070106,2026-05-18T21:43:30,0.018004,Hellcat,true,ENGINE_OFF,15823,0.000000,0.000000,0.000000,0.700000,0.700000,false,0.000000,1,750.000000,0.000000,,,,,,,,,
1779158610.088067,2026-05-18T21:43:30,0.017997,Hellcat,true,ENGINE_OFF,15823,0.000000,0.000000,0.000000,0.700000,0.700000,false,0.000000,1,750.000000,0.000000,,,,,,,,,
1779158610.106094,2026-05-18T21:43:30,0.017996,Hellcat,true,ENGINE_OFF,15823,0.000000,0.000000,0.000000,0.700000,0.700000,false,0.000000,1,750.000000,0.000000,,,,,,,,,
1779158610.124117,2026-05-18T21:43:30,0.018012,Hellcat,true,ENGINE_OFF,15823,0.000000,0.000000,0.000000,0.700000,0.700000,false,0.000000,1,750.000000,0.000000,,,,,,,,,
1779158610.142085,2026-05-18T21:43:30,0.017988,Hellcat,true,ENGINE_OFF,15823,0.000000,0.000000,0.000000,0.700000,0.700000,false,0.000000,1,750.000000,0.000000,,,,,,,,,
1779158610.160068,2026-05-18T21:43:30,0.017999,Hellcat,true,ENGINE_OFF,15823,0.000000,0.000000,0.000000,0.700000,0.700000,false,0.000000,1,750.000000,0.000000,,,,,,,,,
1779158610.178169,2026-05-18T21:43:30,0.018002,Hellcat,false,ENGINE_OFF,15823,0.000000,0.000000,0.000000,0.700000,0.700000,false,0.000000,1,750.000000,0.000000,,,,,,,,,
1779158610.196520,2026-05-18T21:43:30,0.018000,SVJ,true,ENGINE_OFF,15823,0.000000,0.000000,0.000000,0.700000,0.700000,false,,,,,,,,0.000000,false,0.000000,0,1,0.000000
1779158610.214118,2026-05-18T21:43:30,0.018015,SVJ,true,ENGINE_OFF,15823,0.000000,0.000000,0.000000,0.700000,0.700000,false,,,,,,,,0.000000,false,0.000000,0,1,0.000000
1779158610.232087,2026-05-18T21:43:30,0.017984,SVJ,true,ENGINE_OFF,15823,0.000000,0.000000,0.000000,0.700000,0.700000,false,,,,,,,,0.000000,false,0.000000,0,1,0.000000
1779158610.250087,2026-05-18T21:43:30,0.017999,SVJ,true,ENGINE_OFF,15823,0.000000,0.000000,0.000000,0.700000,0.700000,false,,,,,,,,0.000000,false,0.000000,0,1,0.000000
1779158610.268077,2026-05-18T21:43:30,0.018002,SVJ,true,ENGINE_OFF,15823,0.000000,0.000000,0.000000,0.700000,0.700000,false,,,,,,,,0.000000,false,0.000000,0,1,0.000000
1779158610.286089,2026-05-18T21:43:30,0.018003,SVJ,true,ENGINE_OFF,15823,0.000000,0.000000,0.000000,0.700000,0.700000,false,,,,,,,,0.000000,false,0.000000,0,1,0.000000
1779158610.304089,2026-05-18T21:43:30,0.018003,SVJ,true,ENGINE_OFF,15823,0.000000,0.000000,0.000000,0.700000,0.700000,false,,,,,,,,0.000000,false,0.000000,0,1,0.000000
1779158610.322102,2026-05-18T21:43:30,0.018005,SVJ,true,ENGINE_OFF,15823,0.000000,0.000000,0.000000,0.700000,0.700000,false,,,,,,,,0.000000,false,0.000000,0,1,0.000000
1779158610.340082,2026-05-18T21:43:30,0.017988,SVJ,true,ENGINE_OFF,15823,0.000000,0.000000,0.000000,0.700000,0.700000,false,,,,,,,,0.000000,false,0.000000,0,1,0.000000
1779158610.358088,2026-05-18T21:43:30,0.018005,SVJ,true,ENGINE_OFF,15823,0.000000,0.000000,0.000000,0.700000,0.700000,false,,,,,,,,0.000000,false,0.000000,0,1,0.000000
1779158610.376095,2026-05-18T21:43:30,0.018006,SVJ,true,ENGINE_OFF,15823,0.000000,0.000000,0.000000,0.700000,0.700000,false,,,,,,,,0.000000,false,0.000000,0,1,0.000000
1779158610.394172,2026-05-18T21:43:30,0.017992,SVJ,true,ENGINE_OFF,15823,0.000000,0.000000,0.000000,0.700000,0.700000,false,,,,,,,,0.000000,false,0.000000,0,1,0.000000
1779158610.412088,2026-05-18T21:43:30,0.018000,SVJ,true,ENGINE_OFF,15823,0.000000,0.000000,0.000000,0.700000,0.700000,false,,,,,,,,0.000000,false,0.000000,0,1,0.000000
1779158610.430104,2026-05-18T21:43:30,0.018001,SVJ,true,ENGINE_OFF,15823,0.000000,0.000000,0.000000,0.700000,0.700000,false,,,,,,,,0.000000,false,0.000000,0,1,0.000000
1779158610.448104,2026-05-18T21:43:30,0.017996,SVJ,true,ENGINE_OFF,15823,0.000000,0.000000,0.000000,0.700000,0.700000,false,,,,,,,,0.000000,false,0.000000,0,1,0.000000
1779158610.466089,2026-05-18T21:43:30,0.018009,SVJ,true,ENGINE_OFF,15823,0.000000,0.000000,0.000000,0.700000,0.700000,false,,,,,,,,0.000000,false,0.000000,0,1,0.000000
1779158610.484101,2026-05-18T21:43:30,0.018008,SVJ,true,ENGINE_OFF,15823,0.000000,0.000000,0.000000,0.700000,0.700000,false,,,,,,,,0.000000,false,0.000000,0,1,0.000000
1779158610.502081,2026-05-18T21:43:30,0.017982,SVJ,true,ENGINE_OFF,15823,0.000000,0.000000,0.000000,0.700000,0.700000,false,,,,,,,,0.000000,false,0.000000,0,1,0.000000
1779158610.520107,2026-05-18T21:43:30,0.018011,SVJ,true,ENGINE_OFF,15823,0.000000,0.000000,0.000000,0.700000,0.700000,false,,,,,,,,0.000000,false,0.000000,0,1,0.000000
1779158610.538111,2026-05-18T21:43:30,0.017986,SVJ,true,ENGINE_OFF,15823,0.000000,0.000000,0.000000,0.700000,0.700000,false,,,,,,,,0.000000,false,0.000000,0,1,0.000000
1779158610.556103,2026-05-18T21:43:30,0.018004,SVJ,true,ENGINE_OFF,15823,0.000000,0.000000,0.000000,0.700000,0.700000,false,,,,,,,,0.000000,false,0.000000,0,1,0.000000
1779158610.574106,2026-05-18T21:43:30,0.017997,SVJ,true,ENGINE_OFF,15823,0.000000,0.000000,0.000000,0.700000,0.700000,false,,,,,,,,0.000000,false,0.000000,0,1,0.000000
1779158610.592092,2026-05-18T21:43:30,0.018003,SVJ,true,ENGINE_OFF,15823,0.000000,0.000000,0.000000,0.700000,0.700000,false,,,,,,,,0.000000,false,0.000000,0,1,0.000000
1779158610.610088,2026-05-18T21:43:30,0.017999,SVJ,true,ENGINE_OFF,15823,0.000000,0.000000,0.000000,0.700000,0.700000,false,,,,,,,,0.000000,false,0.000000,0,1,0.000000
1779158610.628080,2026-05-18T21:43:30,0.017998,SVJ,true,ENGINE_OFF,15823,0.000000,0.000000,0.000000,0.700000,0.700000,false,,,,,,,,0.000000,false,0.000000,0,1,0.000000
1779158610.646088,2026-05-18T21:43:30,0.018001,SVJ,true,ENGINE_OFF,15823,0.000000,0.000000,0.000000,0.700000,0.700000,false,,,,,,,,0.000000,false,0.000000,0,1,0.000000
1779158610.664106,2026-05-18T21:43:30,0.018013,SVJ,true,ENGINE_OFF,15823,0.000000,0.000000,0.000000,0.700000,0.700000,false,,,,,,,,0.000000,false,0.000000,0,1,0.000000
1779158610.682116,2026-05-18T21:43:30,0.018005,SVJ,true,ENGINE_OFF,15823,0.000000,0.000000,0.000000,0.700000,0.700000,false,,,,,,,,0.000000,false,0.000000,0,1,0.000000
1779158610.700094,2026-05-18T21:43:30,0.017989,SVJ,true,ENGINE_OFF,15823,0.000000,0.000000,0.000000,0.700000,0.700000,false,,,,,,,,0.000000,false,0.000000,0,1,0.000000
1779158610.718119,2026-05-18T21:43:30,0.018011,SVJ,true,ENGINE_OFF,15823,0.000000,0.000000,0.000000,0.700000,0.700000,false,,,,,,,,0.000000,false,0.000000,0,1,0.000000
1779158610.736115,2026-05-18T21:43:30,0.017997,SVJ,true,ENGINE_OFF,15823,0.000000,0.000000,0.000000,0.700000,0.700000,false,,,,,,,,0.000000,false,0.000000,0,1,0.000000
1779158610.754122,2026-05-18T21:43:30,0.017994,SVJ,true,ENGINE_OFF,15823,0.000000,0.000000,0.000000,0.700000,0.700000,false,,,,,,,,0.000000,false,0.000000,0,1,0.000000
1779158610.772125,2026-05-18T21:43:30,0.018003,SVJ,true,ENGINE_OFF,15823,0.000000,0.000000,0.000000,0.700000,0.700000,false,,,,,,,,0.000000,false,0.000000,0,1,0.000000
1779158610.790110,2026-05-18T21:43:30,0.017986,SVJ,true,ENGINE_OFF,15823,0.000000,0.000000,0.000000,0.700000,0.700000,false,,,,,,,,0.000000,false,0.000000,0,1,0.000000
1779158610.808105,2026-05-18T21:43:30,0.018005,SVJ,true,ENGINE_OFF,15823,0.000000,0.000000,0.000000,0.700000,0.700000,false,,,,,,,,0.000000,false,0.000000,0,1,0.000000
1779158610.826090,2026-05-18T21:43:30,0.017995,SVJ,true,ENGINE_OFF,15823,0.000000,0.000000,0.000000,0.700000,0.700000,false,,,,,,,,0.000000,false,0.000000,0,1,0.000000
1779158610.844119,2026-05-18T21:43:30,0.018007,SVJ,true,ENGINE_OFF,15823,0.000000,0.000000,0.000000,0.700000,0.700000,false,,,,,,,,0.000000,false,0.000000,0,1,0.000000
1779158610.862170,2026-05-18T21:43:30,0.017996,SVJ,true,ENGINE_OFF,15823,0.000000,0.000000,0.000000,0.700000,0.700000,false,,,,,,,,0.000000,false,0.000000,0,1,0.000000
1779158610.880111,2026-05-18T21:43:30,0.018005,SVJ,true,ENGINE_OFF,15823,0.000000,0.000000,0.000000,0.700000,0.700000,false,,,,,,,,0.000000,false,0.000000,0,1,0.000000
1779158610.898106,2026-05-18T21:43:30,0.017998,SVJ,true,ENGINE_OFF,15823,0.000000,0.000000,0.000000,0.700000,0.700000,false,,,,,,,,0.000000,false,0.000000,0,1,0.000000
1779158610.916111,2026-05-18T21:43:30,0.018001,SVJ,true,ENGINE_OFF,15823,0.000000,0.000000,0.000000,0.700000,0.700000,false,,,,,,,,0.000000,false,0.000000,0,1,0.000000
1779158610.934117,2026-05-18T21:43:30,0.018013,SVJ,true,ENGINE_OFF,15823,0.000000,0.000000,0.000000,0.700000,0.700000,false,,,,,,,,0.000000,false,0.000000,0,1,0.000000
1779158610.952125,2026-05-18T21:43:30,0.017995,SVJ,true,ENGINE_OFF,15823,0.000000,0.000000,0.000000,0.700000,0.700000,false,,,,,,,,0.000000,false,0.000000,0,1,0.000000
1779158610.970116,2026-05-18T21:43:30,0.017991,SVJ,true,ENGINE_OFF,15823,0.000000,0.000000,0.000000,0.700000,0.700000,false,,,,,,,,0.000000,false,0.000000,0,1,0.000000
1779158610.988282,2026-05-18T21:43:30,0.017995,SVJ,true,ENGINE_OFF,15823,0.000000,0.000000,0.000000,0.700000,0.700000,false,,,,,,,,0.000000,false,0.000000,0,1,0.000000
1779158611.006208,2026-05-18T21:43:31,0.017996,SVJ,false,ENGINE_OFF,15823,0.000000,0.000000,0.000000,0.700000,0.700000,false,,,,,,,,0.000000,false,0.000000,0,1,0.000000
1779158611.024124,2026-05-18T21:43:31,0.018010,SVJ,false,ENGINE_OFF,15823,0.000000,0.000000,0.000000,0.700000,0.700000,false,,,,,,,,0.000000,false,0.000000,0,1,0.000000
1779158611.042117,2026-05-18T21:43:31,0.017996,SVJ,false,ENGINE_OFF,15823,0.000000,0.000000,0.000000,0.700000,0.700000,false,,,,,,,,0.000000,false,0.000000,0,1,0.000000
1779158611.060125,2026-05-18T21:43:31,0.018006,SVJ,false,ENGINE_OFF,15823,0.000000,0.000000,0.000000,0.700000,0.700000,false,,,,,,,,0.000000,false,0.000000,0,1,0.000000
1779158611.078126,2026-05-18T21:43:31,0.017998,SVJ,false,ENGINE_OFF,15823,0.000000,0.000000,0.000000,0.700000,0.700000,false,,,,,,,,0.000000,false,0.000000,0,1,0.000000
1779158611.096110,2026-05-18T21:43:31,0.017995,SVJ,false,ENGINE_OFF,15823,0.000000,0.000000,0.000000,0.700000,0.700000,false,,,,,,,,0.000000,false,0.000000,0,1,0.000000
1779158611.114123,2026-05-18T21:43:31,0.018009,SVJ,false,ENGINE_OFF,15823,0.000000,0.000000,0.000000,0.700000,0.700000,false,,,,,,,,0.000000,false,0.000000,0,1,0.000000
1779158611.132111,2026-05-18T21:43:31,0.017998,SVJ,false,ENGINE_OFF,15823,0.000000,0.000000,0.000000,0.700000,0.700000,false,,,,,,,,0.000000,false,0.000000,0,1,0.000000
1779158611.150115,2026-05-18T21:43:31,0.017992,SVJ,false,ENGINE_OFF,15823,0.000000,0.000000,0.000000,0.700000,0.700000,false,,,,,,,,0.000000,false,0.000000,0,1,0.000000
1779158611.168158,2026-05-18T21:43:31,0.018003,SVJ,false,ENGINE_OFF,15823,0.000000,0.000000,0.000000,0.700000,0.700000,false,,,,,,,,0.000000,false,0.000000,0,1,0.000000
1779158611.186114,2026-05-18T21:43:31,0.017998,SVJ,false,ENGINE_OFF,15823,0.000000,0.000000,0.000000,0.700000,0.700000,false,,,,,,,,0.000000,false,0.000000,0,1,0.000000
1779158611.204345,2026-05-18T21:43:31,0.018007,SVJ,false,ENGINE_OFF,18308,0.050000,0.010000,0.050000,0.700000,0.700000,false,,,,,,,,0.000000,false,0.000000,0,1,0.015000
1779158611.222216,2026-05-18T21:43:31,0.017988,SVJ,false,ENGINE_OFF,18308,0.050000,0.020000,0.050000,0.700000,0.700000,false,,,,,,,,0.000000,false,0.000000,0,1,0.025500
1779158611.240116,2026-05-18T21:43:31,0.018004,SVJ,false,ENGINE_OFF,18308,0.050000,0.030000,0.050000,0.700000,0.700000,false,,,,,,,,0.000000,false,0.000000,0,1,0.032850
1779158611.258118,2026-05-18T21:43:31,0.018003,SVJ,false,ENGINE_OFF,18308,0.050000,0.040000,0.050000,0.700000,0.700000,false,,,,,,,,0.000000,false,0.000000,0,1,0.037995
1779158611.276133,2026-05-18T21:43:31,0.018000,SVJ,false,ENGINE_OFF,18308,0.050000,0.050000,0.050000,0.700000,0.700000,false,,,,,,,,0.000000,false,0.000000,0,1,0.041596
1779158611.294127,2026-05-18T21:43:31,0.018005,SVJ,false,ENGINE_OFF,18308,0.050000,0.050000,0.050000,0.700000,0.700000,false,,,,,,,,0.000000,false,0.000000,0,1,0.044118
1779158611.312143,2026-05-18T21:43:31,0.018002,SVJ,false,ENGINE_OFF,18308,0.050000,0.050000,0.050000,0.700000,0.700000,false,,,,,,,,0.000000,false,0.000000,0,1,0.045882
1779158611.330136,2026-05-18T21:43:31,0.017993,SVJ,false,ENGINE_OFF,18308,0.050000,0.050000,0.050000,0.700000,0.700000,false,,,,,,,,0.000000,false,0.000000,0,1,0.047118
1779158611.347893,2026-05-18T21:43:31,0.017520,SVJ,false,STARTING,20794,0.100000,0.060000,0.100000,0.700000,0.700000,false,,,,,,,,0.000000,false,0.000000,0,1,0.062982
1779158611.365666,2026-05-18T21:43:31,0.018005,SVJ,false,STARTING,20794,0.100000,0.070000,0.100000,0.700000,0.700000,false,,,,,,,,0.000000,false,0.000000,0,1,0.074088
1779158611.383649,2026-05-18T21:43:31,0.017989,SVJ,false,STARTING,20794,0.100000,0.080000,0.100000,0.700000,0.700000,false,,,,,,,,0.000000,false,0.000000,0,1,0.081861
1779158611.401634,2026-05-18T21:43:31,0.018002,SVJ,false,STARTING,20794,0.100000,0.090000,0.100000,0.700000,0.700000,false,,,,,,,,0.000000,false,0.000000,0,1,0.087303
1779158611.419752,2026-05-18T21:43:31,0.018022,SVJ,false,STARTING,20794,0.100000,0.100000,0.100000,0.700000,0.700000,false,,,,,,,,0.000000,false,0.000000,0,1,0.091112
1779158611.437658,2026-05-18T21:43:31,0.017992,SVJ,false,STARTING,20794,0.100000,0.100000,0.100000,0.700000,0.700000,false,,,,,,,,0.000000,false,0.000000,0,1,0.093778
1779158611.455150,2026-05-18T21:43:31,0.017499,SVJ,false,STARTING,20794,0.100000,0.100000,0.100000,0.700000,0.700000,false,,,,,,,,0.000000,false,0.000000,0,1,0.095645
1779158611.473138,2026-05-18T21:43:31,0.018001,SVJ,false,STARTING,20794,0.100000,0.100000,0.100000,0.700000,0.700000,false,,,,,,,,0.000000,false,0.000000,0,1,0.096951
1779158611.491448,2026-05-18T21:43:31,0.018007,SVJ,false,STARTING,23279,0.150000,0.110000,0.150000,0.700000,0.700000,false,,,,,,,,0.000000,false,0.000000,0,1,0.112866
1779158611.509171,2026-05-18T21:43:31,0.018000,SVJ,false,STARTING,23279,0.150000,0.120000,0.150000,0.700000,0.700000,false,,,,,,,,0.000000,false,0.000000,0,1,0.124006
1779158611.527182,2026-05-18T21:43:31,0.018006,SVJ,false,STARTING,23279,0.150000,0.130000,0.150000,0.700000,0.700000,false,,,,,,,,0.000000,false,0.000000,0,1,0.131804
1779158611.545148,2026-05-18T21:43:31,0.017988,SVJ,false,STARTING,23279,0.150000,0.140000,0.150000,0.700000,0.700000,false,,,,,,,,0.000000,false,0.000000,0,1,0.137263
1779158611.563158,2026-05-18T21:43:31,0.017996,SVJ,false,STARTING,23279,0.150000,0.150000,0.150000,0.700000,0.700000,false,,,,,,,,0.000000,false,0.000000,0,1,0.141084
1779158611.581169,2026-05-18T21:43:31,0.018005,SVJ,false,STARTING,23279,0.150000,0.150000,0.150000,0.700000,0.700000,false,,,,,,,,0.000000,false,0.000000,0,1,0.143759
1779158611.599177,2026-05-18T21:43:31,0.018003,SVJ,false,STARTING,23279,0.150000,0.150000,0.150000,0.700000,0.700000,false,,,,,,,,0.000000,false,0.000000,0,1,0.145631
1779158611.617186,2026-05-18T21:43:31,0.017993,SVJ,false,STARTING,23279,0.150000,0.150000,0.150000,0.700000,0.700000,false,,,,,,,,0.000000,false,0.000000,0,1,0.146942
1779158611.635164,2026-05-18T21:43:31,0.018002,SVJ,false,STARTING,23279,0.150000,0.150000,0.150000,0.700000,0.700000,false,,,,,,,,0.000000,false,0.000000,0,1,0.147859
1779158611.653159,2026-05-18T21:43:31,0.018003,SVJ,false,STARTING,23279,0.150000,0.150000,0.150000,0.700000,0.700000,false,,,,,,,,0.000000,false,0.000000,0,1,0.148502
1779158611.671165,2026-05-18T21:43:31,0.017995,SVJ,false,STARTING,23279,0.150000,0.150000,0.150000,0.700000,0.700000,false,,,,,,,,0.000000,false,0.000000,0,1,0.148951
1779158611.689215,2026-05-18T21:43:31,0.018005,SVJ,false,STARTING,23279,0.150000,0.150000,0.150000,0.700000,0.700000,false,,,,,,,,0.000000,false,0.000000,0,1,0.149266
1779158611.707190,2026-05-18T21:43:31,0.018023,SVJ,false,STARTING,23279,0.150000,0.150000,0.150000,0.700000,0.700000,false,,,,,,,,0.000000,false,0.000000,0,1,0.149486
1779158611.725176,2026-05-18T21:43:31,0.017981,SVJ,false,STARTING,23279,0.150000,0.150000,0.150000,0.700000,0.700000,false,,,,,,,,0.000000,false,0.000000,0,1,0.149640
1779158611.743153,2026-05-18T21:43:31,0.017990,SVJ,false,STARTING,23279,0.150000,0.150000,0.150000,0.700000,0.700000,false,,,,,,,,0.000000,false,0.000000,0,1,0.149748
1779158611.761161,2026-05-18T21:43:31,0.018004,SVJ,false,STARTING,23279,0.150000,0.150000,0.150000,0.700000,0.700000,false,,,,,,,,0.000000,false,0.000000,0,1,0.149824
1779158611.779179,2026-05-18T21:43:31,0.018010,SVJ,false,STARTING,23279,0.150000,0.150000,0.150000,0.700000,0.700000,false,,,,,,,,0.000000,false,0.000000,0,1,0.149877
1779158611.797166,2026-05-18T21:43:31,0.017986,SVJ,false,STARTING,23279,0.150000,0.150000,0.150000,0.700000,0.700000,false,,,,,,,,0.000000,false,0.000000,0,1,0.149914
1779158611.815183,2026-05-18T21:43:31,0.018024,SVJ,false,STARTING,23279,0.150000,0.150000,0.150000,0.700000,0.700000,false,,,,,,,,0.000000,false,0.000000,0,1,0.149940
1779158611.833169,2026-05-18T21:43:31,0.017980,SVJ,false,STARTING,23279,0.150000,0.150000,0.150000,0.700000,0.700000,false,,,,,,,,0.000000,false,0.000000,0,1,0.149958
1779158611.851164,2026-05-18T21:43:31,0.018000,SVJ,false,STARTING,23279,0.150000,0.150000,0.150000,0.700000,0.700000,false,,,,,,,,0.000000,false,0.000000,0,1,0.149970
1779158611.869217,2026-05-18T21:43:31,0.018037,SVJ,false,STARTING,23279,0.150000,0.150000,0.150000,0.700000,0.700000,false,,,,,,,,0.000000,false,0.000000,0,1,0.149979
1779158611.887173,2026-05-18T21:43:31,0.017966,SVJ,false,STARTING,23279,0.150000,0.150000,0.150000,0.700000,0.700000,false,,,,,,,,0.000000,false,0.000000,0,1,0.149985
1779158611.905203,2026-05-18T21:43:31,0.017996,SVJ,false,STARTING,23279,0.150000,0.150000,0.150000,0.700000,0.700000,false,,,,,,,,0.000000,false,0.000000,0,1,0.149990
1779158611.923187,2026-05-18T21:43:31,0.018005,SVJ,false,STARTING,23279,0.150000,0.150000,0.150000,0.700000,0.700000,false,,,,,,,,0.000000,false,0.000000,0,1,0.149993
1779158611.941190,2026-05-18T21:43:31,0.018003,SVJ,false,STARTING,23279,0.150000,0.150000,0.150000,0.700000,0.700000,false,,,,,,,,0.000000,false,0.000000,0,1,0.149995
1779158611.959163,2026-05-18T21:43:31,0.017988,SVJ,false,STARTING,23279,0.150000,0.150000,0.150000,0.700000,0.700000,false,,,,,,,,0.000000,false,0.000000,0,1,0.149997
1779158611.977202,2026-05-18T21:43:31,0.018011,SVJ,false,STARTING,23279,0.150000,0.150000,0.150000,0.700000,0.700000,false,,,,,,,,0.000000,false,0.000000,0,1,0.149998
1779158611.995196,2026-05-18T21:43:31,0.018006,SVJ,false,STARTING,23279,0.150000,0.150000,0.150000,0.700000,0.700000,false,,,,,,,,0.000000,false,0.000000,0,1,0.149998
1779158612.013169,2026-05-18T21:43:32,0.017995,SVJ,false,STARTING,23279,0.150000,0.150000,0.150000,0.700000,0.700000,false,,,,,,,,0.000000,false,0.000000,0,1,0.149999
1779158612.031157,2026-05-18T21:43:32,0.017992,SVJ,false,STARTING,23279,0.150000,0.150000,0.150000,0.700000,0.700000,false,,,,,,,,0.000000,false,0.000000,0,1,0.149999
1779158612.049182,2026-05-18T21:43:32,0.018000,SVJ,false,STARTING,23279,0.150000,0.150000,0.150000,0.700000,0.700000,false,,,,,,,,0.000000,false,0.000000,0,1,0.149999
1779158612.067225,2026-05-18T21:43:32,0.018019,SVJ,false,STARTING,23279,0.150000,0.150000,0.150000,0.700000,0.700000,false,,,,,,,,0.000000,false,0.000000,0,1,0.150000
1779158612.085170,2026-05-18T21:43:32,0.017978,SVJ,false,STARTING,23279,0.150000,0.150000,0.150000,0.700000,0.700000,false,,,,,,,,0.000000,false,0.000000,0,1,0.150000
1779158612.103175,2026-05-18T21:43:32,0.018007,SVJ,false,STARTING,23279,0.150000,0.150000,0.150000,0.700000,0.700000,false,,,,,,,,0.000000,false,0.000000,0,1,0.150000
1779158612.121163,2026-05-18T21:43:32,0.017996,SVJ,false,STARTING,23279,0.150000,0.150000,0.150000,0.700000,0.700000,false,,,,,,,,0.000000,false,0.000000,0,1,0.150000
1779158612.139184,2026-05-18T21:43:32,0.018007,SVJ,false,STARTING,23279,0.150000,0.150000,0.150000,0.700000,0.700000,false,,,,,,,,0.000000,false,0.000000,0,1,0.150000
1779158612.157177,2026-05-18T21:43:32,0.017997,SVJ,false,STARTING,23279,0.150000,0.150000,0.150000,0.700000,0.700000,false,,,,,,,,0.000000,false,0.000000,0,1,0.150000
1779158612.175213,2026-05-18T21:43:32,0.018009,SVJ,false,STARTING,23279,0.150000,0.150000,0.150000,0.700000,0.700000,false,,,,,,,,0.000000,false,0.000000,0,1,0.150000
1779158612.193184,2026-05-18T21:43:32,0.017992,SVJ,false,STARTING,23279,0.150000,0.150000,0.150000,0.700000,0.700000,false,,,,,,,,0.000000,false,0.000000,0,1,0.150000
1779158612.211178,2026-05-18T21:43:32,0.017996,SVJ,false,STARTING,23279,0.150000,0.150000,0.150000,0.700000,0.700000,false,,,,,,,,0.000000,false,0.000000,0,1,0.150000
1779158612.229184,2026-05-18T21:43:32,0.018008,SVJ,false,STARTING,23279,0.150000,0.150000,0.150000,0.700000,0.700000,false,,,,,,,,0.000000,false,0.000000,0,1,0.150000
1779158612.247181,2026-05-18T21:43:32,0.017992,SVJ,false,STARTING,23279,0.150000,0.150000,0.150000,0.700000,0.700000,false,,,,,,,,0.000000,false,0.000000,0,1,0.150000
1779158612.265174,2026-05-18T21:43:32,0.018003,SVJ,false,STARTING,23279,0.150000,0.150000,0.150000,0.700000,0.700000,false,,,,,,,,0.000000,false,0.000000,0,1,0.150000
1779158612.283188,2026-05-18T21:43:32,0.017997,SVJ,false,STARTING,23279,0.150000,0.150000,0.150000,0.700000,0.700000,false,,,,,,,,0.000000,false,0.000000,0,1,0.150000
1779158612.301187,2026-05-18T21:43:32,0.018016,SVJ,false,STARTING,23279,0.150000,0.150000,0.150000,0.700000,0.700000,false,,,,,,,,0.000000,false,0.000000,0,1,0.150000
1779158612.319193,2026-05-18T21:43:32,0.017987,SVJ,false,STARTING,23279,0.150000,0.150000,0.150000,0.700000,0.700000,false,,,,,,,,0.000000,false,0.000000,0,1,0.150000
1779158612.337192,2026-05-18T21:43:32,0.018002,SVJ,false,STARTING,23279,0.150000,0.150000,0.150000,0.700000,0.700000,false,,,,,,,,0.000000,false,0.000000,0,1,0.150000
1779158612.355205,2026-05-18T21:43:32,0.018009,SVJ,false,STARTING,23279,0.150000,0.150000,0.150000,0.700000,0.700000,false,,,,,,,,0.000000,false,0.000000,0,1,0.150000
1779158612.373183,2026-05-18T21:43:32,0.017987,SVJ,false,STARTING,23279,0.150000,0.150000,0.150000,0.700000,0.700000,false,,,,,,,,0.000000,false,0.000000,0,1,0.150000
1779158612.391194,2026-05-18T21:43:32,0.018010,SVJ,false,STARTING,23279,0.150000,0.150000,0.150000,0.700000,0.700000,false,,,,,,,,0.000000,false,0.000000,0,1,0.150000
1779158612.409176,2026-05-18T21:43:32,0.017986,SVJ,false,STARTING,23279,0.150000,0.150000,0.150000,0.700000,0.700000,false,,,,,,,,0.000000,false,0.000000,0,1,0.150000
1779158612.427190,2026-05-18T21:43:32,0.018007,SVJ,false,STARTING,23279,0.150000,0.150000,0.150000,0.700000,0.700000,false,,,,,,,,0.000000,false,0.000000,0,1,0.150000
1779158612.445201,2026-05-18T21:43:32,0.018024,SVJ,false,STARTING,23279,0.150000,0.150000,0.150000,0.700000,0.700000,false,,,,,,,,0.000000,false,0.000000,0,1,0.150000
1779158612.463184,2026-05-18T21:43:32,0.017979,SVJ,false,STARTING,23279,0.150000,0.150000,0.150000,0.700000,0.700000,false,,,,,,,,0.000000,false,0.000000,0,1,0.150000
1779158612.481219,2026-05-18T21:43:32,0.018014,SVJ,false,STARTING,23279,0.150000,0.150000,0.150000,0.700000,0.700000,false,,,,,,,,0.000000,false,0.000000,0,1,0.150000
1779158612.499218,2026-05-18T21:43:32,0.017988,SVJ,false,STARTING,23279,0.150000,0.150000,0.150000,0.700000,0.700000,false,,,,,,,,0.000000,false,0.000000,0,1,0.150000
1779158612.517185,2026-05-18T21:43:32,0.017990,SVJ,false,STARTING,23279,0.150000,0.150000,0.150000,0.700000,0.700000,false,,,,,,,,0.000000,false,0.000000,0,1,0.150000
1779158612.535199,2026-05-18T21:43:32,0.018017,SVJ,false,STARTING,23279,0.150000,0.150000,0.150000,0.700000,0.700000,false,,,,,,,,0.000000,false,0.000000,0,1,0.150000
1779158612.553176,2026-05-18T21:43:32,0.017978,SVJ,false,STARTING,23279,0.150000,0.150000,0.150000,0.700000,0.700000,false,,,,,,,,0.000000,false,0.000000,0,1,0.150000
1779158612.571195,2026-05-18T21:43:32,0.018005,SVJ,false,STARTING,23279,0.150000,0.150000,0.150000,0.700000,0.700000,false,,,,,,,,0.000000,false,0.000000,0,1,0.150000
1779158612.589204,2026-05-18T21:43:32,0.018007,SVJ,false,STARTING,23279,0.150000,0.150000,0.150000,0.700000,0.700000,false,,,,,,,,0.000000,false,0.000000,0,1,0.150000
1779158612.607191,2026-05-18T21:43:32,0.017999,SVJ,false,STARTING,23279,0.150000,0.150000,0.150000,0.700000,0.700000,false,,,,,,,,0.000000,false,0.000000,0,1,0.150000
1779158612.625194,2026-05-18T21:43:32,0.017993,SVJ,false,STARTING,23279,0.150000,0.150000,0.150000,0.700000,0.700000,false,,,,,,,,0.000000,false,0.000000,0,1,0.150000
1779158612.643181,2026-05-18T21:43:32,0.018000,SVJ,false,STARTING,23279,0.150000,0.150000,0.150000,0.700000,0.700000,false,,,,,,,,0.000000,false,0.000000,0,1,0.150000
1779158612.661197,2026-05-18T21:43:32,0.018006,SVJ,false,STARTING,23279,0.150000,0.150000,0.150000,0.700000,0.700000,false,,,,,,,,0.000000,false,0.000000,0,1,0.150000
1779158612.679226,2026-05-18T21:43:32,0.018001,SVJ,false,STARTING,23279,0.150000,0.150000,0.150000,0.700000,0.700000,false,,,,,,,,0.000000,false,0.000000,0,1,0.150000
1779158612.697180,2026-05-18T21:43:32,0.017991,SVJ,false,STARTING,23279,0.150000,0.150000,0.150000,0.700000,0.700000,false,,,,,,,,0.000000,false,0.000000,0,1,0.150000
1779158612.715197,2026-05-18T21:43:32,0.018001,SVJ,false,STARTING,23279,0.150000,0.150000,0.150000,0.700000,0.700000,false,,,,,,,,0.000000,false,0.000000,0,1,0.150000
1779158612.733191,2026-05-18T21:43:32,0.018004,SVJ,false,STARTING,23279,0.150000,0.150000,0.150000,0.700000,0.700000,false,,,,,,,,0.000000,false,0.000000,0,1,0.150000
1779158612.751192,2026-05-18T21:43:32,0.017995,SVJ,false,STARTING,23279,0.150000,0.150000,0.150000,0.700000,0.700000,false,,,,,,,,0.000000,false,0.000000,0,1,0.150000
1779158612.769244,2026-05-18T21:43:32,0.017998,SVJ,false,STARTING,23279,0.150000,0.150000,0.150000,0.700000,0.700000,false,,,,,,,,0.000000,false,0.000000,0,1,0.150000
1779158612.787229,2026-05-18T21:43:32,0.018005,SVJ,false,STARTING,23279,0.150000,0.150000,0.150000,0.700000,0.700000,false,,,,,,,,0.000000,false,0.000000,0,1,0.150000
1779158612.805195,2026-05-18T21:43:32,0.018004,SVJ,false,STARTING,23279,0.150000,0.150000,0.150000,0.700000,0.700000,false,,,,,,,,0.000000,false,0.000000,0,1,0.150000
1779158612.823198,2026-05-18T21:43:32,0.017995,SVJ,false,STARTING,23279,0.150000,0.150000,0.150000,0.700000,0.700000,false,,,,,,,,0.000000,false,0.000000,0,1,0.150000
1779158612.841197,2026-05-18T21:43:32,0.018002,SVJ,false,STARTING,23279,0.150000,0.150000,0.150000,0.700000,0.700000,false,,,,,,,,0.000000,false,0.000000,0,1,0.150000
1779158612.859189,2026-05-18T21:43:32,0.017995,SVJ,false,STARTING,23279,0.150000,0.150000,0.150000,0.700000,0.700000,false,,,,,,,,0.000000,false,0.000000,0,1,0.150000
1779158612.877287,2026-05-18T21:43:32,0.018071,SVJ,false,STARTING,23279,0.150000,0.150000,0.150000,0.700000,0.700000,false,,,,,,,,0.000000,false,0.000000,0,1,0.150000
1779158612.895268,2026-05-18T21:43:32,0.017940,SVJ,false,STARTING,23279,0.150000,0.150000,0.150000,0.700000,0.700000,false,,,,,,,,0.000000,false,0.000000,0,1,0.150000
1779158612.913225,2026-05-18T21:43:32,0.018003,SVJ,false,STARTING,23279,0.150000,0.150000,0.150000,0.700000,0.700000,false,,,,,,,,0.000000,false,0.000000,0,1,0.150000
1779158612.931323,2026-05-18T21:43:32,0.018027,SVJ,false,STARTING,23279,0.150000,0.150000,0.150000,0.700000,0.700000,false,,,,,,,,0.000000,false,0.000000,0,1,0.150000
1779158612.949246,2026-05-18T21:43:32,0.017982,SVJ,false,STARTING,23279,0.150000,0.150000,0.150000,0.700000,0.700000,false,,,,,,,,0.000000,false,0.000000,0,1,0.150000
1779158612.967312,2026-05-18T21:43:32,0.017986,SVJ,false,STARTING,23279,0.150000,0.150000,0.150000,0.700000,0.700000,false,,,,,,,,0.000000,false,0.000000,0,1,0.150000
1779158612.985202,2026-05-18T21:43:32,0.017996,SVJ,false,STARTING,23279,0.150000,0.150000,0.150000,0.700000,0.700000,false,,,,,,,,0.000000,false,0.000000,0,1,0.150000
1779158613.003210,2026-05-18T21:43:33,0.018005,SVJ,false,STARTING,23279,0.150000,0.150000,0.150000,0.700000,0.700000,false,,,,,,,,0.000000,false,0.000000,0,1,0.150000
1779158613.021194,2026-05-18T21:43:33,0.017989,SVJ,false,STARTING,23279,0.150000,0.150000,0.150000,0.700000,0.700000,false,,,,,,,,0.000000,false,0.000000,0,1,0.150000
1779158613.039205,2026-05-18T21:43:33,0.018000,SVJ,false,STARTING,23279,0.150000,0.150000,0.150000,0.700000,0.700000,false,,,,,,,,0.000000,false,0.000000,0,1,0.150000
1779158613.057204,2026-05-18T21:43:33,0.018000,SVJ,false,STARTING,23279,0.150000,0.150000,0.150000,0.700000,0.700000,false,,,,,,,,0.000000,false,0.000000,0,1,0.150000
1779158613.075183,2026-05-18T21:43:33,0.017998,SVJ,false,STARTING,23279,0.150000,0.150000,0.150000,0.700000,0.700000,false,,,,,,,,0.000000,false,0.000000,0,1,0.150000
1779158613.093204,2026-05-18T21:43:33,0.018014,SVJ,false,STARTING,23279,0.150000,0.150000,0.150000,0.700000,0.700000,false,,,,,,,,0.000000,false,0.000000,0,1,0.150000
1779158613.111207,2026-05-18T21:43:33,0.017993,SVJ,false,STARTING,23279,0.150000,0.150000,0.150000,0.700000,0.700000,false,,,,,,,,0.000000,false,0.000000,0,1,0.150000
1779158613.129202,2026-05-18T21:43:33,0.017995,SVJ,false,STARTING,23279,0.150000,0.150000,0.150000,0.700000,0.700000,false,,,,,,,,0.000000,false,0.000000,0,1,0.150000
1779158613.147210,2026-05-18T21:43:33,0.018011,SVJ,false,STARTING,23279,0.150000,0.150000,0.150000,0.700000,0.700000,false,,,,,,,,0.000000,false,0.000000,0,1,0.150000
1779158613.165209,2026-05-18T21:43:33,0.017997,SVJ,false,STARTING,23279,0.150000,0.150000,0.150000,0.700000,0.700000,false,,,,,,,,0.000000,false,0.000000,0,1,0.150000
1779158613.183206,2026-05-18T21:43:33,0.018001,SVJ,false,STARTING,23279,0.150000,0.150000,0.150000,0.700000,0.700000,false,,,,,,,,0.000000,false,0.000000,0,1,0.150000
1779158613.201210,2026-05-18T21:43:33,0.017993,SVJ,false,STARTING,23279,0.150000,0.150000,0.150000,0.700000,0.700000,false,,,,,,,,0.000000,false,0.000000,0,1,0.150000
1779158613.219236,2026-05-18T21:43:33,0.018004,SVJ,false,STARTING,23279,0.150000,0.150000,0.150000,0.700000,0.700000,false,,,,,,,,0.000000,false,0.000000,0,1,0.150000
1779158613.237200,2026-05-18T21:43:33,0.017992,SVJ,false,STARTING,23279,0.150000,0.150000,0.150000,0.700000,0.700000,false,,,,,,,,0.000000,false,0.000000,0,1,0.150000
1779158613.255217,2026-05-18T21:43:33,0.018002,SVJ,false,STARTING,23279,0.150000,0.150000,0.150000,0.700000,0.700000,false,,,,,,,,0.000000,false,0.000000,0,1,0.150000
1779158613.273197,2026-05-18T21:43:33,0.018006,SVJ,false,STARTING,23279,0.150000,0.150000,0.150000,0.700000,0.700000,false,,,,,,,,0.000000,false,0.000000,0,1,0.150000
1779158613.291228,2026-05-18T21:43:33,0.017997,SVJ,false,STARTING,23279,0.150000,0.150000,0.150000,0.700000,0.700000,false,,,,,,,,0.000000,false,0.000000,0,1,0.150000
1779158613.309196,2026-05-18T21:43:33,0.017998,SVJ,false,STARTING,23279,0.150000,0.150000,0.150000,0.700000,0.700000,false,,,,,,,,0.000000,false,0.000000,0,1,0.150000
1779158613.327227,2026-05-18T21:43:33,0.018008,SVJ,false,STARTING,23279,0.150000,0.150000,0.150000,0.700000,0.700000,false,,,,,,,,0.000000,false,0.000000,0,1,0.150000
1779158613.345206,2026-05-18T21:43:33,0.018004,SVJ,false,STARTING,23279,0.150000,0.150000,0.150000,0.700000,0.700000,false,,,,,,,,0.000000,false,0.000000,0,1,0.150000
1779158613.363217,2026-05-18T21:43:33,0.017989,SVJ,false,STARTING,23279,0.150000,0.150000,0.150000,0.700000,0.700000,false,,,,,,,,0.000000,false,0.000000,0,1,0.150000
1779158613.381250,2026-05-18T21:43:33,0.018005,SVJ,false,STARTING,23279,0.150000,0.150000,0.150000,0.700000,0.700000,false,,,,,,,,0.000000,false,0.000000,0,1,0.150000
1779158613.399410,2026-05-18T21:43:33,0.018004,SVJ,false,STARTING,23279,0.150000,0.150000,0.150000,0.700000,0.700000,false,,,,,,,,0.000000,false,0.000000,0,1,0.150000
1779158613.417224,2026-05-18T21:43:33,0.017988,SVJ,false,STARTING,23279,0.150000,0.150000,0.150000,0.700000,0.700000,false,,,,,,,,0.000000,false,0.000000,0,1,0.150000
1779158613.435296,2026-05-18T21:43:33,0.018017,SVJ,false,STARTING,23279,0.150000,0.150000,0.150000,0.700000,0.700000,false,,,,,,,,0.000000,false,0.000000,0,1,0.150000
1779158613.453312,2026-05-18T21:43:33,0.017989,SVJ,false,STARTING,23279,0.150000,0.150000,0.150000,0.700000,0.700000,false,,,,,,,,0.000000,false,0.000000,0,1,0.150000
1779158613.471236,2026-05-18T21:43:33,0.018014,SVJ,false,STARTING,23279,0.150000,0.150000,0.150000,0.700000,0.700000,false,,,,,,,,0.000000,false,0.000000,0,1,0.150000
1779158613.489255,2026-05-18T21:43:33,0.018003,SVJ,false,STARTING,23279,0.150000,0.150000,0.150000,0.700000,0.700000,false,,,,,,,,0.000000,false,0.000000,0,1,0.150000
1779158613.507218,2026-05-18T21:43:33,0.017982,SVJ,false,STARTING,23279,0.150000,0.150000,0.150000,0.700000,0.700000,false,,,,,,,,0.000000,false,0.000000,0,1,0.150000
1779158613.525205,2026-05-18T21:43:33,0.017998,SVJ,false,STARTING,23279,0.150000,0.150000,0.150000,0.700000,0.700000,false,,,,,,,,0.000000,false,0.000000,0,1,0.150000
1779158613.543217,2026-05-18T21:43:33,0.018004,SVJ,false,STARTING,23279,0.150000,0.150000,0.150000,0.700000,0.700000,false,,,,,,,,0.000000,false,0.000000,0,1,0.150000
1779158613.561210,2026-05-18T21:43:33,0.017992,SVJ,false,STARTING,23279,0.150000,0.150000,0.150000,0.700000,0.700000,false,,,,,,,,0.000000,false,0.000000,0,1,0.150000
1779158613.579222,2026-05-18T21:43:33,0.018010,SVJ,false,STARTING,23279,0.150000,0.150000,0.150000,0.700000,0.700000,false,,,,,,,,0.000000,false,0.000000,0,1,0.150000
1779158613.597226,2026-05-18T21:43:33,0.017995,SVJ,false,STARTING,23279,0.150000,0.150000,0.150000,0.700000,0.700000,false,,,,,,,,0.000000,false,0.000000,0,1,0.150000
1779158613.615239,2026-05-18T21:43:33,0.018003,SVJ,false,STARTING,23279,0.150000,0.150000,0.150000,0.700000,0.700000,false,,,,,,,,0.000000,false,0.000000,0,1,0.150000
1779158613.633273,2026-05-18T21:43:33,0.018007,SVJ,false,STARTING,23279,0.150000,0.150000,0.150000,0.700000,0.700000,false,,,,,,,,0.000000,false,0.000000,0,1,0.150000
1779158613.651213,2026-05-18T21:43:33,0.017993,SVJ,false,STARTING,23279,0.150000,0.150000,0.150000,0.700000,0.700000,false,,,,,,,,0.000000,false,0.000000,0,1,0.150000
1779158613.669222,2026-05-18T21:43:33,0.018001,SVJ,false,STARTING,23279,0.150000,0.150000,0.150000,0.700000,0.700000,false,,,,,,,,0.000000,false,0.000000,0,1,0.150000
1779158613.687218,2026-05-18T21:43:33,0.017998,SVJ,false,STARTING,23279,0.150000,0.150000,0.150000,0.700000,0.700000,false,,,,,,,,0.000000,false,0.000000,0,1,0.150000
1779158613.705205,2026-05-18T21:43:33,0.017994,SVJ,false,STARTING,23279,0.150000,0.150000,0.150000,0.700000,0.700000,false,,,,,,,,0.000000,false,0.000000,0,1,0.150000
1779158613.723228,2026-05-18T21:43:33,0.018012,SVJ,false,STARTING,23279,0.150000,0.150000,0.150000,0.700000,0.700000,false,,,,,,,,0.000000,false,0.000000,0,1,0.150000
1779158613.741212,2026-05-18T21:43:33,0.017992,SVJ,false,STARTING,23279,0.150000,0.150000,0.150000,0.700000,0.700000,false,,,,,,,,0.000000,false,0.000000,0,1,0.150000
1779158613.759234,2026-05-18T21:43:33,0.018026,SVJ,false,STARTING,23279,0.150000,0.150000,0.150000,0.700000,0.700000,false,,,,,,,,0.000000,false,0.000000,0,1,0.150000
1779158613.777277,2026-05-18T21:43:33,0.017982,SVJ,false,STARTING,23279,0.150000,0.150000,0.150000,0.700000,0.700000,false,,,,,,,,0.000000,false,0.000000,0,1,0.150000
1779158613.795230,2026-05-18T21:43:33,0.017987,SVJ,false,STARTING,23279,0.150000,0.150000,0.150000,0.700000,0.700000,false,,,,,,,,0.000000,false,0.000000,0,1,0.150000
1779158613.813228,2026-05-18T21:43:33,0.018009,SVJ,false,STARTING,23279,0.150000,0.150000,0.150000,0.700000,0.700000,false,,,,,,,,0.000000,false,0.000000,0,1,0.150000
1779158613.831208,2026-05-18T21:43:33,0.017993,SVJ,false,STARTING,23279,0.150000,0.150000,0.150000,0.700000,0.700000,false,,,,,,,,0.000000,false,0.000000,0,1,0.150000
1779158613.849233,2026-05-18T21:43:33,0.018010,SVJ,false,STARTING,23279,0.150000,0.150000,0.150000,0.700000,0.700000,false,,,,,,,,0.000000,false,0.000000,0,1,0.150000
1779158613.867228,2026-05-18T21:43:33,0.017998,SVJ,false,STARTING,23279,0.150000,0.150000,0.150000,0.700000,0.700000,false,,,,,,,,0.000000,false,0.000000,0,1,0.150000
1779158613.885234,2026-05-18T21:43:33,0.017997,SVJ,false,STARTING,23279,0.150000,0.150000,0.150000,0.700000,0.700000,false,,,,,,,,0.000000,false,0.000000,0,1,0.150000
1779158613.903214,2026-05-18T21:43:33,0.017997,SVJ,false,STARTING,23279,0.150000,0.150000,0.150000,0.700000,0.700000,false,,,,,,,,0.000000,false,0.000000,0,1,0.150000
1779158613.921230,2026-05-18T21:43:33,0.018002,SVJ,false,STARTING,23279,0.150000,0.150000,0.150000,0.700000,0.700000,false,,,,,,,,0.000000,false,0.000000,0,1,0.150000
1779158613.939249,2026-05-18T21:43:33,0.018012,SVJ,false,STARTING,23279,0.150000,0.150000,0.150000,0.700000,0.700000,false,,,,,,,,0.000000,false,0.000000,0,1,0.150000
1779158613.957289,2026-05-18T21:43:33,0.017985,SVJ,false,STARTING,23279,0.150000,0.150000,0.150000,0.700000,0.700000,false,,,,,,,,0.000000,false,0.000000,0,1,0.150000
1779158613.975238,2026-05-18T21:43:33,0.018002,SVJ,false,STARTING,23279,0.150000,0.150000,0.150000,0.700000,0.700000,false,,,,,,,,0.000000,false,0.000000,0,1,0.150000
1779158613.993215,2026-05-18T21:43:33,0.018003,SVJ,false,STARTING,23279,0.150000,0.150000,0.150000,0.700000,0.700000,false,,,,,,,,0.000000,false,0.000000,0,1,0.150000
1779158614.011263,2026-05-18T21:43:34,0.018008,SVJ,false,STARTING,23279,0.150000,0.150000,0.150000,0.700000,0.700000,false,,,,,,,,0.000000,false,0.000000,0,1,0.150000
1779158614.029220,2026-05-18T21:43:34,0.017988,SVJ,false,STARTING,23279,0.150000,0.150000,0.150000,0.700000,0.700000,false,,,,,,,,0.000000,false,0.000000,0,1,0.150000
1779158614.047216,2026-05-18T21:43:34,0.017996,SVJ,false,STARTING,23279,0.150000,0.150000,0.150000,0.700000,0.700000,false,,,,,,,,0.000000,false,0.000000,0,1,0.150000
1779158614.065221,2026-05-18T21:43:34,0.018003,SVJ,false,STARTING,23279,0.150000,0.150000,0.150000,0.700000,0.700000,false,,,,,,,,0.000000,false,0.000000,0,1,0.150000
1779158614.083246,2026-05-18T21:43:34,0.017998,SVJ,false,STARTING,23279,0.150000,0.150000,0.150000,0.700000,0.700000,false,,,,,,,,0.000000,false,0.000000,0,1,0.150000
1779158614.101233,2026-05-18T21:43:34,0.018011,SVJ,false,STARTING,23279,0.150000,0.150000,0.150000,0.700000,0.700000,false,,,,,,,,0.000000,false,0.000000,0,1,0.150000
1779158614.119258,2026-05-18T21:43:34,0.018021,SVJ,false,STARTING,23279,0.150000,0.150000,0.150000,0.700000,0.700000,false,,,,,,,,0.000000,false,0.000000,0,1,0.150000
1779158614.137233,2026-05-18T21:43:34,0.017969,SVJ,false,STARTING,23279,0.150000,0.150000,0.150000,0.700000,0.700000,false,,,,,,,,0.000000,false,0.000000,0,1,0.150000
1779158614.155225,2026-05-18T21:43:34,0.018001,SVJ,false,STARTING,23279,0.150000,0.150000,0.150000,0.700000,0.700000,false,,,,,,,,0.000000,false,0.000000,0,1,0.150000
1779158614.173230,2026-05-18T21:43:34,0.018004,SVJ,false,STARTING,23279,0.150000,0.150000,0.150000,0.700000,0.700000,false,,,,,,,,0.000000,false,0.000000,0,1,0.150000
1779158614.191234,2026-05-18T21:43:34,0.018003,SVJ,false,STARTING,23279,0.150000,0.150000,0.150000,0.700000,0.700000,false,,,,,,,,0.000000,false,0.000000,0,1,0.150000
1779158614.209227,2026-05-18T21:43:34,0.017995,SVJ,false,STARTING,23279,0.150000,0.150000,0.150000,0.700000,0.700000,false,,,,,,,,0.000000,false,0.000000,0,1,0.150000
1779158614.227265,2026-05-18T21:43:34,0.017999,SVJ,false,STARTING,23279,0.150000,0.150000,0.150000,0.700000,0.700000,false,,,,,,,,0.000000,false,0.000000,0,1,0.150000
1779158614.245236,2026-05-18T21:43:34,0.018006,SVJ,false,STARTING,23279,0.150000,0.150000,0.150000,0.700000,0.700000,false,,,,,,,,0.000000,false,0.000000,0,1,0.150000
1779158614.263235,2026-05-18T21:43:34,0.017993,SVJ,false,STARTING,23279,0.150000,0.150000,0.150000,0.700000,0.700000,false,,,,,,,,0.000000,false,0.000000,0,1,0.150000
1779158614.281251,2026-05-18T21:43:34,0.018022,SVJ,false,STARTING,23279,0.150000,0.150000,0.150000,0.700000,0.700000,false,,,,,,,,0.000000,false,0.000000,0,1,0.150000
1779158614.299233,2026-05-18T21:43:34,0.017977,SVJ,false,STARTING,23279,0.150000,0.150000,0.150000,0.700000,0.700000,false,,,,,,,,0.000000,false,0.000000,0,1,0.150000
1779158614.317263,2026-05-18T21:43:34,0.018016,SVJ,false,STARTING,23279,0.150000,0.150000,0.150000,0.700000,0.700000,false,,,,,,,,0.000000,false,0.000000,0,1,0.150000
1779158614.335224,2026-05-18T21:43:34,0.017982,SVJ,false,STARTING,23279,0.150000,0.150000,0.150000,0.700000,0.700000,false,,,,,,,,0.000000,false,0.000000,0,1,0.150000
1779158614.353234,2026-05-18T21:43:34,0.018007,SVJ,false,STARTING,23279,0.150000,0.150000,0.150000,0.700000,0.700000,false,,,,,,,,0.000000,false,0.000000,0,1,0.150000
1779158614.371221,2026-05-18T21:43:34,0.017996,SVJ,false,STARTING,23279,0.150000,0.150000,0.150000,0.700000,0.700000,false,,,,,,,,0.000000,false,0.000000,0,1,0.150000
1779158614.389233,2026-05-18T21:43:34,0.018000,SVJ,false,STARTING,23279,0.150000,0.150000,0.150000,0.700000,0.700000,false,,,,,,,,0.000000,false,0.000000,0,1,0.150000
1779158614.407238,2026-05-18T21:43:34,0.017998,SVJ,false,STARTING,23279,0.150000,0.150000,0.150000,0.700000,0.700000,false,,,,,,,,0.000000,false,0.000000,0,1,0.150000
1779158614.425245,2026-05-18T21:43:34,0.018016,SVJ,false,STARTING,23279,0.150000,0.150000,0.150000,0.700000,0.700000,false,,,,,,,,0.000000,false,0.000000,0,1,0.150000
1779158614.443245,2026-05-18T21:43:34,0.017986,SVJ,false,STARTING,23279,0.150000,0.150000,0.150000,0.700000,0.700000,false,,,,,,,,0.000000,false,0.000000,0,1,0.150000
1779158614.461230,2026-05-18T21:43:34,0.018000,SVJ,false,STARTING,23279,0.150000,0.150000,0.150000,0.700000,0.700000,false,,,,,,,,0.000000,false,0.000000,0,1,0.150000
1779158614.479237,2026-05-18T21:43:34,0.018008,SVJ,false,STARTING,23279,0.150000,0.150000,0.150000,0.700000,0.700000,false,,,,,,,,0.000000,false,0.000000,0,1,0.150000
1779158614.497332,2026-05-18T21:43:34,0.018001,SVJ,false,STARTING,23279,0.150000,0.150000,0.150000,0.700000,0.700000,false,,,,,,,,0.000000,false,0.000000,0,1,0.150000
1779158614.515303,2026-05-18T21:43:34,0.018026,SVJ,false,STARTING,23279,0.150000,0.150000,0.150000,0.700000,0.700000,false,,,,,,,,0.000000,false,0.000000,0,1,0.150000
1779158614.533267,2026-05-18T21:43:34,0.017963,SVJ,false,STARTING,23279,0.150000,0.150000,0.150000,0.700000,0.700000,false,,,,,,,,0.000000,false,0.000000,0,1,0.150000
1779158614.551249,2026-05-18T21:43:34,0.018008,SVJ,false,STARTING,23279,0.150000,0.150000,0.150000,0.700000,0.700000,false,,,,,,,,0.000000,false,0.000000,0,1,0.150000
1779158614.569259,2026-05-18T21:43:34,0.017992,SVJ,false,STARTING,23279,0.150000,0.150000,0.150000,0.700000,0.700000,false,,,,,,,,0.000000,false,0.000000,0,1,0.150000
1779158614.587258,2026-05-18T21:43:34,0.018009,SVJ,false,STARTING,23279,0.150000,0.150000,0.150000,0.700000,0.700000,false,,,,,,,,0.000000,false,0.000000,0,1,0.150000
1779158614.605322,2026-05-18T21:43:34,0.018011,SVJ,false,STARTING,23279,0.150000,0.150000,0.150000,0.700000,0.700000,false,,,,,,,,0.000000,false,0.000000,0,1,0.150000
1779158614.623270,2026-05-18T21:43:34,0.017983,SVJ,false,STARTING,23279,0.150000,0.150000,0.150000,0.700000,0.700000,false,,,,,,,,0.000000,false,0.000000,0,1,0.150000
1779158614.641258,2026-05-18T21:43:34,0.018002,SVJ,false,STARTING,23279,0.150000,0.150000,0.150000,0.700000,0.700000,false,,,,,,,,0.000000,false,0.000000,0,1,0.150000
1779158614.659250,2026-05-18T21:43:34,0.017996,SVJ,false,STARTING,23279,0.150000,0.150000,0.150000,0.700000,0.700000,false,,,,,,,,0.000000,false,0.000000,0,1,0.150000
1779158614.677267,2026-05-18T21:43:34,0.018003,SVJ,false,STARTING,23279,0.150000,0.150000,0.150000,0.700000,0.700000,false,,,,,,,,0.000000,false,0.000000,0,1,0.150000
1779158614.695238,2026-05-18T21:43:34,0.017994,SVJ,false,STARTING,23279,0.150000,0.150000,0.150000,0.700000,0.700000,false,,,,,,,,0.000000,false,0.000000,0,1,0.150000
1779158614.713284,2026-05-18T21:43:34,0.018009,SVJ,false,STARTING,23279,0.150000,0.150000,0.150000,0.700000,0.700000,false,,,,,,,,0.000000,false,0.000000,0,1,0.150000
1779158614.731250,2026-05-18T21:43:34,0.017997,SVJ,false,STARTING,23279,0.150000,0.150000,0.150000,0.700000,0.700000,false,,,,,,,,0.000000,false,0.000000,0,1,0.150000
1779158614.749239,2026-05-18T21:43:34,0.017995,SVJ,false,STARTING,23279,0.150000,0.150000,0.150000,0.700000,0.700000,false,,,,,,,,0.000000,false,0.000000,0,1,0.150000
1779158614.767282,2026-05-18T21:43:34,0.018033,SVJ,false,STARTING,23279,0.150000,0.150000,0.150000,0.700000,0.700000,false,,,,,,,,0.000000,false,0.000000,0,1,0.150000
1779158614.785248,2026-05-18T21:43:34,0.017966,SVJ,false,STARTING,23279,0.150000,0.150000,0.150000,0.700000,0.700000,false,,,,,,,,0.000000,false,0.000000,0,1,0.150000
1779158614.803227,2026-05-18T21:43:34,0.017998,SVJ,false,STARTING,23279,0.150000,0.150000,0.150000,0.700000,0.700000,false,,,,,,,,0.000000,false,0.000000,0,1,0.150000
1779158614.821271,2026-05-18T21:43:34,0.018020,SVJ,false,STARTING,23279,0.150000,0.150000,0.150000,0.700000,0.700000,false,,,,,,,,0.000000,false,0.000000,0,1,0.150000
1779158614.839259,2026-05-18T21:43:34,0.017983,SVJ,false,STARTING,23279,0.150000,0.150000,0.150000,0.700000,0.700000,false,,,,,,,,0.000000,false,0.000000,0,1,0.150000
1779158614.857235,2026-05-18T21:43:34,0.017998,SVJ,false,STARTING,23279,0.150000,0.150000,0.150000,0.700000,0.700000,false,,,,,,,,0.000000,false,0.000000,0,1,0.150000
1779158614.875244,2026-05-18T21:43:34,0.018002,SVJ,false,STARTING,23279,0.150000,0.150000,0.150000,0.700000,0.700000,false,,,,,,,,0.000000,false,0.000000,0,1,0.150000
1779158614.893255,2026-05-18T21:43:34,0.017997,SVJ,false,STARTING,23279,0.150000,0.150000,0.150000,0.700000,0.700000,false,,,,,,,,0.000000,false,0.000000,0,1,0.150000
1779158614.911256,2026-05-18T21:43:34,0.018009,SVJ,false,STARTING,23279,0.150000,0.150000,0.150000,0.700000,0.700000,false,,,,,,,,0.000000,false,0.000000,0,1,0.150000
1779158614.929266,2026-05-18T21:43:34,0.017992,SVJ,false,STARTING,23279,0.150000,0.150000,0.150000,0.700000,0.700000,false,,,,,,,,0.000000,false,0.000000,0,1,0.150000
1779158614.947263,2026-05-18T21:43:34,0.018013,SVJ,false,STARTING,23279,0.150000,0.150000,0.150000,0.700000,0.700000,false,,,,,,,,0.000000,false,0.000000,0,1,0.150000
1779158614.965252,2026-05-18T21:43:34,0.017986,SVJ,false,STARTING,23279,0.150000,0.150000,0.150000,0.700000,0.700000,false,,,,,,,,0.000000,false,0.000000,0,1,0.150000
1779158614.983277,2026-05-18T21:43:34,0.018007,SVJ,false,STARTING,23279,0.150000,0.150000,0.150000,0.700000,0.700000,false,,,,,,,,0.000000,false,0.000000,0,1,0.150000
1779158615.001293,2026-05-18T21:43:35,0.017998,SVJ,false,STARTING,23279,0.150000,0.150000,0.150000,0.700000,0.700000,false,,,,,,,,0.000000,false,0.000000,0,1,0.150000
1779158615.019265,2026-05-18T21:43:35,0.018005,SVJ,false,STARTING,23279,0.150000,0.150000,0.150000,0.700000,0.700000,false,,,,,,,,0.000000,false,0.000000,0,1,0.150000
1779158615.037265,2026-05-18T21:43:35,0.017996,SVJ,false,IDLE,23279,0.150000,0.150000,0.150000,0.700000,0.000000,true,,,,,,,,0.000000,false,0.000000,0,1,0.150000
1779158615.055271,2026-05-18T21:43:35,0.018000,SVJ,false,ACCELERATING,23279,0.150000,0.150000,0.150000,0.700000,0.045001,false,,,,,,,,0.000000,false,0.000000,0,1,0.150000
1779158615.073248,2026-05-18T21:43:35,0.017996,SVJ,false,ACCELERATING,23279,0.150000,0.150000,0.150000,0.700000,0.045001,false,,,,,,,,0.017996,false,0.000000,0,1,0.150000
1779158615.091250,2026-05-18T21:43:35,0.018002,SVJ,false,ACCELERATING,23279,0.150000,0.150000,0.150000,0.700000,0.045001,false,,,,,,,,0.035998,false,0.000000,0,1,0.150000
1779158615.109241,2026-05-18T21:43:35,0.018000,SVJ,false,ACCELERATING,23279,0.150000,0.150000,0.150000,0.700000,0.045001,false,,,,,,,,0.053997,false,0.000000,0,1,0.150000
1779158615.127273,2026-05-18T21:43:35,0.018020,SVJ,false,ACCELERATING,23279,0.150000,0.150000,0.150000,0.700000,0.045001,false,,,,,,,,0.072017,false,0.000000,0,1,0.150000
1779158615.145259,2026-05-18T21:43:35,0.017981,SVJ,false,ACCELERATING,23279,0.150000,0.150000,0.150000,0.700000,0.045001,false,,,,,,,,0.089998,false,0.000000,0,1,0.150000
1779158615.163289,2026-05-18T21:43:35,0.018033,SVJ,false,ACCELERATING,23279,0.150000,0.150000,0.150000,0.700000,0.045001,false,,,,,,,,0.108032,false,0.000000,0,1,0.150000
1779158615.181264,2026-05-18T21:43:35,0.017971,SVJ,false,ACCELERATING,23279,0.150000,0.150000,0.150000,0.700000,0.045001,false,,,,,,,,0.126002,false,0.000000,0,1,0.150000
1779158615.199256,2026-05-18T21:43:35,0.017996,SVJ,false,ACCELERATING,23279,0.150000,0.150000,0.150000,0.700000,0.045001,false,,,,,,,,0.143998,false,0.000000,0,1,0.150000
1779158615.217270,2026-05-18T21:43:35,0.018007,SVJ,false,ACCELERATING,23279,0.150000,0.150000,0.150000,0.700000,0.045001,false,,,,,,,,0.162006,false,0.000000,0,1,0.150000
1779158615.235266,2026-05-18T21:43:35,0.017993,SVJ,false,ACCELERATING,23279,0.150000,0.150000,0.150000,0.700000,0.045001,false,,,,,,,,0.179998,false,0.000000,0,1,0.150000
1779158615.253315,2026-05-18T21:43:35,0.018001,SVJ,false,ACCELERATING,23279,0.150000,0.150000,0.150000,0.700000,0.045001,false,,,,,,,,0.197999,false,0.000000,0,1,0.150000
1779158615.271291,2026-05-18T21:43:35,0.018001,SVJ,false,ACCELERATING,23279,0.150000,0.150000,0.150000,0.700000,0.045001,false,,,,,,,,0.216000,false,0.000000,0,1,0.150000
1779158615.289262,2026-05-18T21:43:35,0.017995,SVJ,false,ACCELERATING,23279,0.150000,0.150000,0.150000,0.700000,0.045001,false,,,,,,,,0.233995,false,0.000000,0,1,0.150000
1779158615.307278,2026-05-18T21:43:35,0.018006,SVJ,false,ACCELERATING,23279,0.150000,0.150000,0.150000,0.700000,0.045001,false,,,,,,,,0.252001,false,0.000000,0,1,0.150000
1779158615.325262,2026-05-18T21:43:35,0.018003,SVJ,false,ACCELERATING,23279,0.150000,0.150000,0.150000,0.700000,0.045001,false,,,,,,,,0.270004,false,0.000000,0,1,0.150000
1779158615.343262,2026-05-18T21:43:35,0.017991,SVJ,false,ACCELERATING,23279,0.150000,0.150000,0.150000,0.700000,0.045001,false,,,,,,,,0.287995,false,0.000000,0,1,0.150000
1779158615.361299,2026-05-18T21:43:35,0.018002,SVJ,false,ACCELERATING,23279,0.150000,0.150000,0.150000,0.700000,0.045001,false,,,,,,,,0.305997,false,0.000000,0,1,0.150000
1779158615.379255,2026-05-18T21:43:35,0.018004,SVJ,false,ACCELERATING,23279,0.150000,0.150000,0.150000,0.700000,0.045001,false,,,,,,,,0.324000,false,0.000000,0,1,0.150000
1779158615.397253,2026-05-18T21:43:35,0.018002,SVJ,false,ACCELERATING,23279,0.150000,0.150000,0.150000,0.700000,0.045001,false,,,,,,,,0.342003,false,0.000000,0,1,0.150000
1779158615.415264,2026-05-18T21:43:35,0.017993,SVJ,false,ACCELERATING,23279,0.150000,0.150000,0.150000,0.700000,0.045001,false,,,,,,,,0.359996,false,0.000000,0,1,0.150000
1779158615.433296,2026-05-18T21:43:35,0.018008,SVJ,false,ACCELERATING,23279,0.150000,0.150000,0.150000,0.700000,0.045001,false,,,,,,,,0.378004,false,0.000000,0,1,0.150000
1779158615.451273,2026-05-18T21:43:35,0.018002,SVJ,false,ACCELERATING,23279,0.150000,0.150000,0.150000,0.700000,0.045001,false,,,,,,,,0.396007,false,0.000000,0,1,0.150000
1779158615.469275,2026-05-18T21:43:35,0.017999,SVJ,false,ACCELERATING,23279,0.150000,0.150000,0.150000,0.700000,0.045001,false,,,,,,,,0.414005,false,0.000000,0,1,0.150000
1779158615.487328,2026-05-18T21:43:35,0.018049,SVJ,false,ACCELERATING,23279,0.150000,0.150000,0.150000,0.700000,0.045001,false,,,,,,,,0.432054,false,0.000000,0,1,0.150000
1779158615.505279,2026-05-18T21:43:35,0.017945,SVJ,false,ACCELERATING,23279,0.150000,0.150000,0.150000,0.700000,0.045001,false,,,,,,,,0.450000,false,0.000000,0,1,0.150000
1779158615.523282,2026-05-18T21:43:35,0.018011,SVJ,false,ACCELERATING,23279,0.150000,0.150000,0.150000,0.700000,0.045001,false,,,,,,,,0.468010,false,0.000000,0,1,0.150000
1779158615.541260,2026-05-18T21:43:35,0.017989,SVJ,false,ACCELERATING,23279,0.150000,0.150000,0.150000,0.700000,0.045001,false,,,,,,,,0.486000,false,0.000000,0,1,0.150000
1779158615.559254,2026-05-18T21:43:35,0.017995,SVJ,false,ACCELERATING,23279,0.150000,0.150000,0.150000,0.700000,0.045001,false,,,,,,,,0.503995,false,0.000000,0,1,0.150000
1779158615.577281,2026-05-18T21:43:35,0.018017,SVJ,false,ACCELERATING,23279,0.150000,0.150000,0.150000,0.700000,0.045001,false,,,,,,,,0.522012,false,0.000000,0,1,0.150000
1779158615.595261,2026-05-18T21:43:35,0.017989,SVJ,false,ACCELERATING,23279,0.150000,0.150000,0.150000,0.700000,0.045001,false,,,,,,,,0.540001,false,0.000000,0,1,0.150000
1779158615.613296,2026-05-18T21:43:35,0.018003,SVJ,false,ACCELERATING,23279,0.150000,0.150000,0.150000,0.700000,0.045001,false,,,,,,,,0.558004,false,0.000000,0,1,0.150000
1779158615.631305,2026-05-18T21:43:35,0.018006,SVJ,false,ACCELERATING,23279,0.150000,0.150000,0.150000,0.700000,0.045001,false,,,,,,,,0.576010,false,0.000000,0,1,0.150000
1779158615.649309,2026-05-18T21:43:35,0.017999,SVJ,false,ACCELERATING,23279,0.150000,0.150000,0.150000,0.700000,0.045001,false,,,,,,,,0.594009,false,0.000000,0,1,0.150000
1779158615.667272,2026-05-18T21:43:35,0.017990,SVJ,false,ACCELERATING,23279,0.150000,0.150000,0.150000,0.700000,0.045001,false,,,,,,,,0.612000,false,0.000000,0,1,0.150000
1779158615.685290,2026-05-18T21:43:35,0.018000,SVJ,false,ACCELERATING,23279,0.150000,0.150000,0.150000,0.700000,0.045001,false,,,,,,,,0.629999,false,0.000000,0,1,0.150000
1779158615.703280,2026-05-18T21:43:35,0.018001,SVJ,false,ACCELERATING,23279,0.150000,0.150000,0.150000,0.700000,0.045001,false,,,,,,,,0.648001,false,0.000000,0,1,0.150000
1779158615.721282,2026-05-18T21:43:35,0.018003,SVJ,false,ACCELERATING,23279,0.150000,0.150000,0.150000,0.700000,0.045001,false,,,,,,,,0.666003,false,0.000000,0,1,0.150000
1779158615.739272,2026-05-18T21:43:35,0.017994,SVJ,false,ACCELERATING,23279,0.150000,0.150000,0.150000,0.700000,0.045001,false,,,,,,,,0.683997,false,0.000000,0,1,0.150000
1779158615.757316,2026-05-18T21:43:35,0.018008,SVJ,false,ACCELERATING,23279,0.150000,0.150000,0.150000,0.700000,0.045001,false,,,,,,,,0.702005,false,0.000000,0,1,0.150000
1779158615.775294,2026-05-18T21:43:35,0.018007,SVJ,false,ACCELERATING,23279,0.150000,0.150000,0.150000,0.700000,0.045001,false,,,,,,,,0.720012,false,0.000000,0,1,0.150000
1779158615.793304,2026-05-18T21:43:35,0.017998,SVJ,false,ACCELERATING,23279,0.150000,0.150000,0.150000,0.700000,0.045001,false,,,,,,,,0.738010,false,0.000000,0,1,0.150000
1779158615.811299,2026-05-18T21:43:35,0.017991,SVJ,false,ACCELERATING,23279,0.150000,0.150000,0.150000,0.700000,0.045001,false,,,,,,,,0.756001,false,0.000000,0,1,0.150000
1779158615.829287,2026-05-18T21:43:35,0.018004,SVJ,false,ACCELERATING,23279,0.150000,0.150000,0.150000,0.700000,0.045001,false,,,,,,,,0.774005,false,0.000000,0,1,0.150000
1779158615.847284,2026-05-18T21:43:35,0.018004,SVJ,false,ACCELERATING,23279,0.150000,0.150000,0.150000,0.700000,0.045001,false,,,,,,,,0.792009,false,0.000000,0,1,0.150000
1779158615.865328,2026-05-18T21:43:35,0.017990,SVJ,false,ACCELERATING,23279,0.150000,0.150000,0.150000,0.700000,0.045001,false,,,,,,,,0.809999,false,0.000000,0,1,0.150000
1779158615.883279,2026-05-18T21:43:35,0.018003,SVJ,false,ACCELERATING,23279,0.150000,0.150000,0.150000,0.700000,0.045001,false,,,,,,,,0.828002,false,0.000000,0,1,0.150000
1779158615.901269,2026-05-18T21:43:35,0.017998,SVJ,false,ACCELERATING,23279,0.150000,0.150000,0.150000,0.700000,0.045001,false,,,,,,,,0.846000,false,0.000000,0,1,0.150000
1779158615.919281,2026-05-18T21:43:35,0.018011,SVJ,false,ACCELERATING,23279,0.150000,0.150000,0.150000,0.700000,0.045001,false,,,,,,,,0.864011,false,0.000000,0,1,0.150000
1779158615.937280,2026-05-18T21:43:35,0.017993,SVJ,false,ACCELERATING,23279,0.150000,0.150000,0.150000,0.700000,0.045001,false,,,,,,,,0.882004,false,0.000000,0,1,0.150000
1779158615.955286,2026-05-18T21:43:35,0.018001,SVJ,false,ACCELERATING,23279,0.150000,0.150000,0.150000,0.700000,0.045001,false,,,,,,,,0.900005,false,0.000000,0,1,0.150000
1779158615.973342,2026-05-18T21:43:35,0.017990,SVJ,false,ACCELERATING,23279,0.150000,0.150000,0.150000,0.700000,0.045001,false,,,,,,,,0.917995,false,0.000000,0,1,0.150000
1779158615.991302,2026-05-18T21:43:35,0.018014,SVJ,false,ACCELERATING,23279,0.150000,0.150000,0.150000,0.700000,0.045001,false,,,,,,,,0.936009,false,0.000000,0,1,0.150000
1779158616.009319,2026-05-18T21:43:36,0.018006,SVJ,false,ACCELERATING,23279,0.150000,0.150000,0.150000,0.700000,0.045001,false,,,,,,,,0.954015,false,0.000000,0,1,0.150000
1779158616.027283,2026-05-18T21:43:36,0.017988,SVJ,false,ACCELERATING,23279,0.150000,0.150000,0.150000,0.700000,0.045001,false,,,,,,,,0.972003,false,0.000000,0,1,0.150000
1779158616.045281,2026-05-18T21:43:36,0.017993,SVJ,false,ACCELERATING,23279,0.150000,0.150000,0.150000,0.700000,0.045001,false,,,,,,,,0.989996,false,0.000000,0,1,0.150000
1779158616.063287,2026-05-18T21:43:36,0.018010,SVJ,false,ACCELERATING,23279,0.150000,0.150000,0.150000,0.700000,0.045001,false,,,,,,,,1.008006,false,0.000000,0,1,0.150000
1779158616.081271,2026-05-18T21:43:36,0.017992,SVJ,false,ACCELERATING,23279,0.150000,0.150000,0.150000,0.700000,0.045001,false,,,,,,,,1.025998,false,0.000000,0,1,0.150000
1779158616.099280,2026-05-18T21:43:36,0.018010,SVJ,false,ACCELERATING,23279,0.150000,0.150000,0.150000,0.700000,0.045001,false,,,,,,,,1.044008,false,0.000000,0,1,0.150000
1779158616.117353,2026-05-18T21:43:36,0.017999,SVJ,false,ACCELERATING,23279,0.150000,0.150000,0.150000,0.700000,0.045001,false,,,,,,,,1.062006,false,0.000000,0,1,0.150000
1779158616.135284,2026-05-18T21:43:36,0.017991,SVJ,false,ACCELERATING,23279,0.150000,0.150000,0.150000,0.700000,0.045001,false,,,,,,,,1.079997,false,0.000000,0,1,0.150000
1779158616.153272,2026-05-18T21:43:36,0.018004,SVJ,false,ACCELERATING,23279,0.150000,0.150000,0.150000,0.700000,0.045001,false,,,,,,,,1.098002,false,0.000000,0,1,0.150000
1779158616.171319,2026-05-18T21:43:36,0.017998,SVJ,false,ACCELERATING,23279,0.150000,0.150000,0.150000,0.700000,0.045001,false,,,,,,,,1.116000,false,0.000000,0,1,0.150000
1779158616.189511,2026-05-18T21:43:36,0.017997,SVJ,false,ACCELERATING,25765,0.200000,0.160000,0.200000,0.700000,0.045001,false,,,,,,,,1.133997,false,0.000000,0,1,0.165000
1779158616.207302,2026-05-18T21:43:36,0.018002,SVJ,false,ACCELERATING,25765,0.200000,0.170000,0.200000,0.700000,0.045001,false,,,,,,,,1.151999,false,0.000000,0,1,0.175500
1779158616.225283,2026-05-18T21:43:36,0.018000,SVJ,false,ACCELERATING,25765,0.200000,0.180000,0.200000,0.700000,0.045001,false,,,,,,,,1.169998,false,0.000000,0,1,0.182850
1779158616.243284,2026-05-18T21:43:36,0.018000,SVJ,false,ACCELERATING,25765,0.200000,0.190000,0.200000,0.700000,0.045001,false,,,,,,,,1.187999,false,0.000000,0,1,0.187995
1779158616.261283,2026-05-18T21:43:36,0.018006,SVJ,false,ACCELERATING,25765,0.200000,0.200000,0.200000,0.700000,0.045001,false,,,,,,,,1.206005,false,0.000000,0,1,0.191597
1779158616.279290,2026-05-18T21:43:36,0.017997,SVJ,false,ACCELERATING,25765,0.200000,0.200000,0.200000,0.700000,0.045001,false,,,,,,,,1.224002,false,0.000000,0,1,0.194118
1779158616.297301,2026-05-18T21:43:36,0.018000,SVJ,false,ACCELERATING,25765,0.200000,0.200000,0.200000,0.700000,0.045001,false,,,,,,,,1.242002,false,0.000000,0,1,0.195882
1779158616.315301,2026-05-18T21:43:36,0.017997,SVJ,false,ACCELERATING,25765,0.200000,0.200000,0.200000,0.700000,0.045001,false,,,,,,,,1.259999,false,0.000000,0,1,0.197118
1779158616.333299,2026-05-18T21:43:36,0.018002,SVJ,false,ACCELERATING,25765,0.200000,0.200000,0.200000,0.700000,0.045001,false,,,,,,,,1.278001,false,0.000000,0,1,0.197982
1779158616.351304,2026-05-18T21:43:36,0.018001,SVJ,false,ACCELERATING,25765,0.200000,0.200000,0.200000,0.700000,0.045001,false,,,,,,,,1.296003,false,0.000000,0,1,0.198588
1779158616.369371,2026-05-18T21:43:36,0.017996,SVJ,false,ACCELERATING,25765,0.200000,0.200000,0.200000,0.700000,0.045001,false,,,,,,,,1.313999,false,0.000000,0,1,0.199011
1779158616.387321,2026-05-18T21:43:36,0.017997,SVJ,false,ACCELERATING,25765,0.200000,0.200000,0.200000,0.700000,0.045001,false,,,,,,,,1.331996,false,0.000000,0,1,0.199308
1779158616.405274,2026-05-18T21:43:36,0.017997,SVJ,false,ACCELERATING,25765,0.200000,0.200000,0.200000,0.700000,0.045001,false,,,,,,,,1.349993,false,0.000000,0,1,0.199516
1779158616.423289,2026-05-18T21:43:36,0.018003,SVJ,false,ACCELERATING,25765,0.200000,0.200000,0.200000,0.700000,0.045001,false,,,,,,,,1.367997,false,0.000000,0,1,0.199661
1779158616.441305,2026-05-18T21:43:36,0.018002,SVJ,false,ACCELERATING,25765,0.200000,0.200000,0.200000,0.700000,0.045001,false,,,,,,,,1.385999,false,0.000000,0,1,0.199763
1779158616.459315,2026-05-18T21:43:36,0.018004,SVJ,false,ACCELERATING,25765,0.200000,0.200000,0.200000,0.700000,0.045001,false,,,,,,,,1.404004,false,0.000000,0,1,0.199834
1779158616.477317,2026-05-18T21:43:36,0.017999,SVJ,false,ACCELERATING,25765,0.200000,0.200000,0.200000,0.700000,0.045001,false,,,,,,,,1.422003,false,0.000000,0,1,0.199884
1779158616.495301,2026-05-18T21:43:36,0.017996,SVJ,false,ACCELERATING,25765,0.200000,0.200000,0.200000,0.700000,0.045001,false,,,,,,,,1.439999,false,0.000000,0,1,0.199919
1779158616.513292,2026-05-18T21:43:36,0.018003,SVJ,false,ACCELERATING,25765,0.200000,0.200000,0.200000,0.700000,0.045001,false,,,,,,,,1.458002,false,0.000000,0,1,0.199943
1779158616.531317,2026-05-18T21:43:36,0.018004,SVJ,false,ACCELERATING,25765,0.200000,0.200000,0.200000,0.700000,0.045001,false,,,,,,,,1.476006,false,0.000000,0,1,0.199960
1779158616.549292,2026-05-18T21:43:36,0.017995,SVJ,false,ACCELERATING,25765,0.200000,0.200000,0.200000,0.700000,0.045001,false,,,,,,,,1.494001,false,0.000000,0,1,0.199972
1779158616.567301,2026-05-18T21:43:36,0.018003,SVJ,false,ACCELERATING,25765,0.200000,0.200000,0.200000,0.700000,0.045001,false,,,,,,,,1.512004,false,0.000000,0,1,0.199980
1779158616.585362,2026-05-18T21:43:36,0.018003,SVJ,false,ACCELERATING,25765,0.200000,0.200000,0.200000,0.700000,0.045001,false,,,,,,,,1.530007,false,0.000000,0,1,0.199986
1779158616.603327,2026-05-18T21:43:36,0.017998,SVJ,false,ACCELERATING,25765,0.200000,0.200000,0.200000,0.700000,0.045001,false,,,,,,,,1.548005,false,0.000000,0,1,0.199990
1779158616.621282,2026-05-18T21:43:36,0.017990,SVJ,false,ACCELERATING,25765,0.200000,0.200000,0.200000,0.700000,0.045001,false,,,,,,,,1.565995,false,0.000000,0,1,0.199993
1779158616.639313,2026-05-18T21:43:36,0.018009,SVJ,false,ACCELERATING,25765,0.200000,0.200000,0.200000,0.700000,0.045001,false,,,,,,,,1.584004,false,0.000000,0,1,0.199995
1779158616.657315,2026-05-18T21:43:36,0.017994,SVJ,false,ACCELERATING,25765,0.200000,0.200000,0.200000,0.700000,0.045001,false,,,,,,,,1.601998,false,0.000000,0,1,0.199997
1779158616.675305,2026-05-18T21:43:36,0.018001,SVJ,false,ACCELERATING,25765,0.200000,0.200000,0.200000,0.700000,0.045001,false,,,,,,,,1.619998,false,0.000000,0,1,0.199998
1779158616.693308,2026-05-18T21:43:36,0.017995,SVJ,false,ACCELERATING,25765,0.200000,0.200000,0.200000,0.700000,0.045001,false,,,,,,,,1.637993,false,0.000000,0,1,0.199998
1779158616.711585,2026-05-18T21:43:36,0.018015,SVJ,false,ACCELERATING,28251,0.250000,0.210000,0.250000,0.700000,0.045001,false,,,,,,,,1.656008,false,0.000000,0,1,0.214999
1779158616.729559,2026-05-18T21:43:36,0.017992,SVJ,false,ACCELERATING,30736,0.300000,0.230000,0.300000,0.700000,0.045001,false,,,,,,,,1.674001,false,0.000000,0,1,0.240499
1779158616.747308,2026-05-18T21:43:36,0.018001,SVJ,false,ACCELERATING,30736,0.300000,0.250000,0.300000,0.700000,0.045001,false,,,,,,,,1.692001,false,0.000000,0,1,0.258349
1779158616.765556,2026-05-18T21:43:36,0.018003,SVJ,false,ACCELERATING,33222,0.350000,0.280000,0.350000,0.700000,0.045001,false,,,,,,,,1.710004,false,0.000000,0,1,0.285845
1779158616.783302,2026-05-18T21:43:36,0.017990,SVJ,false,ACCELERATING,33222,0.350000,0.310000,0.350000,0.700000,0.045001,false,,,,,,,,1.727994,false,0.000000,0,1,0.305091
1779158616.801526,2026-05-18T21:43:36,0.018011,SVJ,false,ACCELERATING,35707,0.400000,0.340000,0.400000,0.700000,0.045001,false,,,,,,,,1.746005,false,0.000000,0,1,0.333564
1779158616.819299,2026-05-18T21:43:36,0.017993,SVJ,false,ACCELERATING,35707,0.400000,0.360000,0.400000,0.700000,0.045001,false,,,,,,,,1.763998,false,0.000000,0,1,0.353495
1779158616.837565,2026-05-18T21:43:36,0.018003,SVJ,false,ACCELERATING,38193,0.450000,0.390000,0.450000,0.700000,0.045001,false,,,,,,,,1.782001,false,0.000000,0,1,0.382446
1779158616.855530,2026-05-18T21:43:36,0.018014,SVJ,false,ACCELERATING,40679,0.500000,0.420000,0.500000,0.700000,0.045001,false,,,,,,,,1.800015,false,0.000000,0,1,0.417712
1779158616.873320,2026-05-18T21:43:36,0.017987,SVJ,false,ACCELERATING,40679,0.500000,0.450000,0.500000,0.700000,0.045001,false,,,,,,,,1.818001,false,0.000000,0,1,0.442399
1779158616.891531,2026-05-18T21:43:36,0.018006,SVJ,false,ACCELERATING,43164,0.550000,0.480000,0.550000,0.700000,0.045001,false,,,,,,,,1.836007,false,0.000000,0,1,0.474679
1779158616.909305,2026-05-18T21:43:36,0.017992,SVJ,false,ACCELERATING,43164,0.550000,0.510000,0.550000,0.700000,0.045001,false,,,,,,,,1.854000,false,0.000000,0,1,0.497275
1779158616.927558,2026-05-18T21:43:36,0.017994,SVJ,false,ACCELERATING,45650,0.600000,0.540000,0.600000,0.700000,0.045001,false,,,,,,,,1.871994,false,0.000000,0,1,0.528093
1779158616.945323,2026-05-18T21:43:36,0.018017,SVJ,false,ACCELERATING,45650,0.600000,0.560000,0.600000,0.700000,0.045001,false,,,,,,,,1.890011,false,0.000000,0,1,0.549665
1779158616.963539,2026-05-18T21:43:36,0.017992,SVJ,false,ACCELERATING,48135,0.650000,0.590000,0.650000,0.700000,0.045001,false,,,,,,,,1.908003,false,0.000000,0,1,0.579765
1779158616.981322,2026-05-18T21:43:36,0.017999,SVJ,false,ACCELERATING,48135,0.650000,0.610000,0.650000,0.700000,0.045001,false,,,,,,,,1.926002,false,0.000000,0,1,0.600836
1779158616.999526,2026-05-18T21:43:36,0.017991,SVJ,false,ACCELERATING,50621,0.700000,0.640000,0.700000,0.700000,0.045001,false,,,,,,,,1.943993,false,0.000000,0,1,0.630585
1779158617.017310,2026-05-18T21:43:37,0.018009,SVJ,false,ACCELERATING,50621,0.700000,0.660000,0.700000,0.700000,0.045001,false,,,,,,,,1.962003,false,0.000000,0,1,0.651410
1779158617.035543,2026-05-18T21:43:37,0.017999,SVJ,false,ACCELERATING,53107,0.750000,0.690000,0.750000,0.700000,0.045001,false,,,,,,,,1.980002,false,0.000000,0,1,0.680987
1779158617.053324,2026-05-18T21:43:37,0.018006,SVJ,false,ACCELERATING,53107,0.750000,0.710000,0.750000,0.700000,0.045001,false,,,,,,,,1.998008,false,0.000000,0,1,0.701691
1779158617.071532,2026-05-18T21:43:37,0.017997,SVJ,false,ACCELERATING,55592,0.800000,0.740000,0.800000,0.700000,0.045001,false,,,,,,,,2.016005,false,0.000000,0,1,0.731184
1779158617.089563,2026-05-18T21:43:37,0.017993,SVJ,false,ACCELERATING,58078,0.850000,0.770000,0.850000,0.700000,0.045001,false,,,,,,,,2.033998,false,0.000000,0,1,0.766829
1779158617.107313,2026-05-18T21:43:37,0.018008,SVJ,false,ACCELERATING,58078,0.850000,0.800000,0.850000,0.700000,0.045001,false,,,,,,,,2.052006,false,0.000000,0,1,0.791780
1779158617.125545,2026-05-18T21:43:37,0.017994,SVJ,false,ACCELERATING,60563,0.900000,0.830000,0.900000,0.700000,0.045001,false,,,,,,,,2.070000,false,0.000000,0,1,0.824246
1779158617.143317,2026-05-18T21:43:37,0.018000,SVJ,false,ACCELERATING,60563,0.900000,0.860000,0.900000,0.700000,0.045001,false,,,,,,,,2.088000,false,0.000000,0,1,0.846972
1779158617.161561,2026-05-18T21:43:37,0.018003,SVJ,false,ACCELERATING,63049,0.950000,0.890000,0.950000,0.700000,0.045001,false,,,,,,,,2.106003,false,0.000000,0,1,0.877881
1779158617.179314,2026-05-18T21:43:37,0.017996,SVJ,false,ACCELERATING,63049,0.950000,0.910000,0.950000,0.700000,0.045001,false,,,,,,,,2.123999,false,0.000000,0,1,0.899517
1779158617.197571,2026-05-18T21:43:37,0.018012,SVJ,false,ACCELERATING,65535,1.000000,0.940000,1.000000,0.700000,0.045001,false,,,,,,,,2.142011,false,0.000000,0,1,0.929662
1779158617.215499,2026-05-18T21:43:37,0.017986,SVJ,false,ACCELERATING,65535,1.000000,0.960000,1.000000,0.700000,0.045001,false,,,,,,,,2.159997,false,0.000000,0,1,0.950763
1779158617.233311,2026-05-18T21:43:37,0.018002,SVJ,false,ACCELERATING,65535,1.000000,0.980000,1.000000,0.700000,0.045001,false,,,,,,,,2.177999,false,0.000000,0,1,0.965534
1779158617.251346,2026-05-18T21:43:37,0.018021,SVJ,false,ACCELERATING,65535,1.000000,0.990000,1.000000,0.700000,0.045001,false,,,,,,,,2.196020,false,0.000000,0,1,0.975874
1779158617.269526,2026-05-18T21:43:37,0.017982,SVJ,false,ACCELERATING,65535,1.000000,1.000000,1.000000,0.700000,0.045001,false,,,,,,,,2.214002,false,0.000000,0,1,0.983112
1779158617.287344,2026-05-18T21:43:37,0.017995,SVJ,false,ACCELERATING,65535,1.000000,1.000000,1.000000,0.700000,0.045001,false,,,,,,,,2.214002,false,0.000000,0,1,0.988178
1779158617.305344,2026-05-18T21:43:37,0.018019,SVJ,false,ACCELERATING,65535,1.000000,1.000000,1.000000,0.700000,0.045001,false,,,,,,,,2.214002,false,0.000000,0,1,0.991725
1779158617.323333,2026-05-18T21:43:37,0.017999,SVJ,false,ACCELERATING,65535,1.000000,1.000000,1.000000,0.700000,0.045001,false,,,,,,,,2.214002,false,0.000000,0,1,0.994207
1779158617.341351,2026-05-18T21:43:37,0.018005,SVJ,false,ACCELERATING,65535,1.000000,1.000000,1.000000,0.700000,0.045001,false,,,,,,,,2.214002,false,0.000000,0,1,0.995945
1779158617.358845,2026-05-18T21:43:37,0.017495,SVJ,false,ACCELERATING,65535,1.000000,1.000000,1.000000,0.700000,0.045001,false,,,,,,,,2.214002,false,0.000000,0,1,0.997162
1779158617.376854,2026-05-18T21:43:37,0.018008,SVJ,false,ACCELERATING,65535,1.000000,1.000000,1.000000,0.700000,0.045001,false,,,,,,,,2.214002,false,0.000000,0,1,0.998013
1779158617.394836,2026-05-18T21:43:37,0.017986,SVJ,false,ACCELERATING,65535,1.000000,1.000000,1.000000,0.700000,0.045001,false,,,,,,,,2.214002,false,0.000000,0,1,0.998609
1779158617.412836,2026-05-18T21:43:37,0.018006,SVJ,false,ACCELERATING,65535,1.000000,1.000000,1.000000,0.700000,0.045001,false,,,,,,,,2.214002,false,0.000000,0,1,0.999026
1779158617.430894,2026-05-18T21:43:37,0.018024,SVJ,false,ACCELERATING,65535,1.000000,1.000000,1.000000,0.700000,0.045001,false,,,,,,,,2.214002,false,0.000000,0,1,0.999318
1779158617.448357,2026-05-18T21:43:37,0.017495,SVJ,false,ACCELERATING,65535,1.000000,1.000000,1.000000,0.700000,0.045001,false,,,,,,,,2.214002,false,0.000000,0,1,0.999523
1779158617.466338,2026-05-18T21:43:37,0.017989,SVJ,false,ACCELERATING,65535,1.000000,1.000000,1.000000,0.700000,0.045001,false,,,,,,,,0.017989,false,0.000000,0,2,0.999666
1779158617.484397,2026-05-18T21:43:37,0.018011,SVJ,false,ACCELERATING,65535,1.000000,1.000000,1.000000,0.700000,0.045001,false,,,,,,,,0.036000,false,0.000000,0,2,0.999766
1779158617.502367,2026-05-18T21:43:37,0.017999,SVJ,false,ACCELERATING,65535,1.000000,1.000000,1.000000,0.700000,0.045001,false,,,,,,,,0.053999,false,0.000000,0,2,0.999836
1779158617.520384,2026-05-18T21:43:37,0.018000,SVJ,false,ACCELERATING,65535,1.000000,1.000000,1.000000,0.700000,0.045001,false,,,,,,,,0.071999,false,0.000000,0,2,0.999885
1779158617.538354,2026-05-18T21:43:37,0.017998,SVJ,false,ACCELERATING,65535,1.000000,1.000000,1.000000,0.700000,0.045001,false,,,,,,,,0.089997,false,0.000000,0,2,0.999920
1779158617.556365,2026-05-18T21:43:37,0.018000,SVJ,false,ACCELERATING,65535,1.000000,1.000000,1.000000,0.700000,0.045001,false,,,,,,,,0.107997,false,0.000000,0,2,0.999944
1779158617.574375,2026-05-18T21:43:37,0.018025,SVJ,false,ACCELERATING,65535,1.000000,1.000000,1.000000,0.700000,0.045001,false,,,,,,,,0.126021,false,0.000000,0,2,0.999961
1779158617.592364,2026-05-18T21:43:37,0.017972,SVJ,false,ACCELERATING,65535,1.000000,1.000000,1.000000,0.700000,0.045001,false,,,,,,,,0.143993,false,0.000000,0,2,0.999973
1779158617.610366,2026-05-18T21:43:37,0.018001,SVJ,false,ACCELERATING,65535,1.000000,1.000000,1.000000,0.700000,0.045001,false,,,,,,,,0.161994,false,0.000000,0,2,0.999981
1779158617.628362,2026-05-18T21:43:37,0.018006,SVJ,false,ACCELERATING,65535,1.000000,1.000000,1.000000,0.700000,0.045001,false,,,,,,,,0.180000,false,0.000000,0,2,0.999987
1779158617.646339,2026-05-18T21:43:37,0.017995,SVJ,false,ACCELERATING,65535,1.000000,1.000000,1.000000,0.700000,0.045001,false,,,,,,,,0.197995,false,0.000000,0,2,0.999991
1779158617.664384,2026-05-18T21:43:37,0.018016,SVJ,false,ACCELERATING,65535,1.000000,1.000000,1.000000,0.700000,0.045001,false,,,,,,,,0.216012,false,0.000000,0,2,0.999993
1779158617.681590,2026-05-18T21:43:37,0.017208,SVJ,false,ACCELERATING,65535,1.000000,1.000000,1.000000,0.700000,0.045001,false,,,,,,,,0.233219,false,0.000000,0,2,0.999995
1779158617.699676,2026-05-18T21:43:37,0.017984,SVJ,false,ACCELERATING,65535,1.000000,1.000000,1.000000,0.700000,0.045001,false,,,,,,,,0.251203,false,0.000000,0,2,0.999997
1779158617.717610,2026-05-18T21:43:37,0.018013,SVJ,false,ACCELERATING,65535,1.000000,1.000000,1.000000,0.700000,0.045001,false,,,,,,,,0.269216,false,0.000000,0,2,0.999998
1779158617.735581,2026-05-18T21:43:37,0.018000,SVJ,false,ACCELERATING,65535,1.000000,1.000000,1.000000,0.700000,0.045001,false,,,,,,,,0.287216,false,0.000000,0,2,0.999998
1779158617.753565,2026-05-18T21:43:37,0.017995,SVJ,false,ACCELERATING,65535,1.000000,1.000000,1.000000,0.700000,0.045001,false,,,,,,,,0.305210,false,0.000000,0,2,0.999999
1779158617.771574,2026-05-18T21:43:37,0.017993,SVJ,false,ACCELERATING,65535,1.000000,1.000000,1.000000,0.700000,0.045001,false,,,,,,,,0.323204,false,0.000000,0,2,0.999999
1779158617.789574,2026-05-18T21:43:37,0.018012,SVJ,false,ACCELERATING,65535,1.000000,1.000000,1.000000,0.700000,0.045001,false,,,,,,,,0.341216,false,0.000000,0,2,0.999999
1779158617.807573,2026-05-18T21:43:37,0.017988,SVJ,false,ACCELERATING,65535,1.000000,1.000000,1.000000,0.700000,0.045001,false,,,,,,,,0.359203,false,0.000000,0,2,1.000000
1779158617.825596,2026-05-18T21:43:37,0.018015,SVJ,false,ACCELERATING,65535,1.000000,1.000000,1.000000,0.700000,0.045001,false,,,,,,,,0.377218,false,0.000000,0,2,1.000000
1779158617.843574,2026-05-18T21:43:37,0.017986,SVJ,false,ACCELERATING,65535,1.000000,1.000000,1.000000,0.700000,0.045001,false,,,,,,,,0.395204,false,0.000000,0,2,1.000000
1779158617.861577,2026-05-18T21:43:37,0.018003,SVJ,false,ACCELERATING,65535,1.000000,1.000000,1.000000,0.700000,0.045001,false,,,,,,,,0.413207,false,0.000000,0,2,1.000000
1779158617.879593,2026-05-18T21:43:37,0.018002,SVJ,false,ACCELERATING,65535,1.000000,1.000000,1.000000,0.700000,0.045001,false,,,,,,,,0.431209,false,0.000000,0,2,1.000000
1779158617.897567,2026-05-18T21:43:37,0.017998,SVJ,false,ACCELERATING,65535,1.000000,1.000000,1.000000,0.700000,0.045001,false,,,,,,,,0.449207,false,0.000000,0,2,1.000000
1779158617.915608,2026-05-18T21:43:37,0.018003,SVJ,false,ACCELERATING,65535,1.000000,1.000000,1.000000,0.700000,0.045001,false,,,,,,,,0.467210,false,0.000000,0,2,1.000000
1779158617.933582,2026-05-18T21:43:37,0.017993,SVJ,false,ACCELERATING,65535,1.000000,1.000000,1.000000,0.700000,0.045001,false,,,,,,,,0.485202,false,0.000000,0,2,1.000000
1779158617.951579,2026-05-18T21:43:37,0.017999,SVJ,false,ACCELERATING,65535,1.000000,1.000000,1.000000,0.700000,0.045001,false,,,,,,,,0.503201,false,0.000000,0,2,1.000000
1779158617.969619,2026-05-18T21:43:37,0.018016,SVJ,false,ACCELERATING,65535,1.000000,1.000000,1.000000,0.700000,0.045001,false,,,,,,,,0.521217,false,0.000000,0,2,1.000000
1779158617.987587,2026-05-18T21:43:37,0.017990,SVJ,false,ACCELERATING,65535,1.000000,1.000000,1.000000,0.700000,0.045001,false,,,,,,,,0.539207,false,0.000000,0,2,1.000000
1779158618.005569,2026-05-18T21:43:38,0.017998,SVJ,false,ACCELERATING,65535,1.000000,1.000000,1.000000,0.700000,0.045001,false,,,,,,,,0.557205,false,0.000000,0,2,1.000000
1779158618.023631,2026-05-18T21:43:38,0.017997,SVJ,false,ACCELERATING,65535,1.000000,1.000000,1.000000,0.700000,0.045001,false,,,,,,,,0.575202,false,0.000000,0,2,1.000000
1779158618.041602,2026-05-18T21:43:38,0.018006,SVJ,false,ACCELERATING,65535,1.000000,1.000000,1.000000,0.700000,0.045001,false,,,,,,,,0.593209,false,0.000000,0,2,1.000000
1779158618.059585,2026-05-18T21:43:38,0.018002,SVJ,false,ACCELERATING,65535,1.000000,1.000000,1.000000,0.700000,0.045001,false,,,,,,,,0.611211,false,0.000000,0,2,1.000000
1779158618.077695,2026-05-18T21:43:38,0.018078,SVJ,false,ACCELERATING,65535,1.000000,1.000000,1.000000,0.700000,0.045001,false,,,,,,,,0.629288,false,0.000000,0,2,1.000000
1779158618.095581,2026-05-18T21:43:38,0.017921,SVJ,false,ACCELERATING,65535,1.000000,1.000000,1.000000,0.700000,0.045001,false,,,,,,,,0.647210,false,0.000000,0,2,1.000000
1779158618.113592,2026-05-18T21:43:38,0.017995,SVJ,false,ACCELERATING,65535,1.000000,1.000000,1.000000,0.700000,0.045001,false,,,,,,,,0.665205,false,0.000000,0,2,1.000000
1779158618.131606,2026-05-18T21:43:38,0.018004,SVJ,false,ACCELERATING,65535,1.000000,1.000000,1.000000,0.700000,0.045001,false,,,,,,,,0.683210,false,0.000000,0,2,1.000000
1779158618.149580,2026-05-18T21:43:38,0.017994,SVJ,false,ACCELERATING,65535,1.000000,1.000000,1.000000,0.700000,0.045001,false,,,,,,,,0.701204,false,0.000000,0,2,1.000000
1779158618.167580,2026-05-18T21:43:38,0.018009,SVJ,false,ACCELERATING,65535,1.000000,1.000000,1.000000,0.700000,0.045001,false,,,,,,,,0.719213,false,0.000000,0,2,1.000000
1779158618.185598,2026-05-18T21:43:38,0.018001,SVJ,false,ACCELERATING,65535,1.000000,1.000000,1.000000,0.700000,0.045001,false,,,,,,,,0.737214,false,0.000000,0,2,1.000000
1779158618.203578,2026-05-18T21:43:38,0.017990,SVJ,false,ACCELERATING,65535,1.000000,1.000000,1.000000,0.700000,0.045001,false,,,,,,,,0.755203,false,0.000000,0,2,1.000000
1779158618.221596,2026-05-18T21:43:38,0.018009,SVJ,false,ACCELERATING,65535,1.000000,1.000000,1.000000,0.700000,0.045001,false,,,,,,,,0.773212,false,0.000000,0,2,1.000000
1779158618.239605,2026-05-18T21:43:38,0.018008,SVJ,false,ACCELERATING,65535,1.000000,1.000000,1.000000,0.700000,0.045001,false,,,,,,,,0.791220,false,0.000000,0,2,1.000000
1779158618.257622,2026-05-18T21:43:38,0.017992,SVJ,false,ACCELERATING,65535,1.000000,1.000000,1.000000,0.700000,0.045001,false,,,,,,,,0.809212,false,0.000000,0,2,1.000000
1779158618.275638,2026-05-18T21:43:38,0.018045,SVJ,false,ACCELERATING,65535,1.000000,1.000000,1.000000,0.700000,0.045001,false,,,,,,,,0.827257,false,0.000000,0,2,1.000000
1779158618.293575,2026-05-18T21:43:38,0.017946,SVJ,false,ACCELERATING,65535,1.000000,1.000000,1.000000,0.700000,0.045001,false,,,,,,,,0.845203,false,0.000000,0,2,1.000000
1779158618.311570,2026-05-18T21:43:38,0.017999,SVJ,false,ACCELERATING,65535,1.000000,1.000000,1.000000,0.700000,0.045001,false,,,,,,,,0.863202,false,0.000000,0,2,1.000000
1779158618.329570,2026-05-18T21:43:38,0.017999,SVJ,false,ACCELERATING,65535,1.000000,1.000000,1.000000,0.700000,0.045001,false,,,,,,,,0.881201,false,0.000000,0,2,1.000000
1779158618.347627,2026-05-18T21:43:38,0.018012,SVJ,false,ACCELERATING,65535,1.000000,1.000000,1.000000,0.700000,0.045001,false,,,,,,,,0.899213,false,0.000000,0,2,1.000000
1779158618.365579,2026-05-18T21:43:38,0.017991,SVJ,false,ACCELERATING,65535,1.000000,1.000000,1.000000,0.700000,0.045001,false,,,,,,,,0.917204,false,0.000000,0,2,1.000000
1779158618.383625,2026-05-18T21:43:38,0.018015,SVJ,false,ACCELERATING,65535,1.000000,1.000000,1.000000,0.700000,0.045001,false,,,,,,,,0.935219,false,0.000000,0,2,1.000000
1779158618.401593,2026-05-18T21:43:38,0.017990,SVJ,false,ACCELERATING,65535,1.000000,1.000000,1.000000,0.700000,0.045001,false,,,,,,,,0.953209,false,0.000000,0,2,1.000000
1779158618.419619,2026-05-18T21:43:38,0.017999,SVJ,false,ACCELERATING,65535,1.000000,1.000000,1.000000,0.700000,0.045001,false,,,,,,,,0.971209,false,0.000000,0,2,1.000000
1779158618.437604,2026-05-18T21:43:38,0.017995,SVJ,false,ACCELERATING,65535,1.000000,1.000000,1.000000,0.700000,0.045001,false,,,,,,,,0.989203,false,0.000000,0,2,1.000000
1779158618.455615,2026-05-18T21:43:38,0.018009,SVJ,false,ACCELERATING,65535,1.000000,1.000000,1.000000,0.700000,0.045001,false,,,,,,,,1.007212,false,0.000000,0,2,1.000000
1779158618.473638,2026-05-18T21:43:38,0.017993,SVJ,false,ACCELERATING,65535,1.000000,1.000000,1.000000,0.700000,0.045001,false,,,,,,,,1.025205,false,0.000000,0,2,1.000000
1779158618.491592,2026-05-18T21:43:38,0.018005,SVJ,false,ACCELERATING,65535,1.000000,1.000000,1.000000,0.700000,0.045001,false,,,,,,,,1.043210,false,0.000000,0,2,1.000000
1779158618.509600,2026-05-18T21:43:38,0.018007,SVJ,false,ACCELERATING,65535,1.000000,1.000000,1.000000,0.700000,0.045001,false,,,,,,,,1.061217,false,0.000000,0,2,1.000000
1779158618.527591,2026-05-18T21:43:38,0.017990,SVJ,false,ACCELERATING,65535,1.000000,1.000000,1.000000,0.700000,0.045001,false,,,,,,,,1.079208,false,0.000000,0,2,1.000000
1779158618.545605,2026-05-18T21:43:38,0.018016,SVJ,false,ACCELERATING,65535,1.000000,1.000000,1.000000,0.700000,0.045001,false,,,,,,,,1.097224,false,0.000000,0,2,1.000000
1779158618.563593,2026-05-18T21:43:38,0.017985,SVJ,false,ACCELERATING,65535,1.000000,1.000000,1.000000,0.700000,0.045001,false,,,,,,,,1.115209,false,0.000000,0,2,1.000000
1779158618.581596,2026-05-18T21:43:38,0.017990,SVJ,false,ACCELERATING,65535,1.000000,1.000000,1.000000,0.700000,0.045001,false,,,,,,,,1.133200,false,0.000000,0,2,1.000000
1779158618.599670,2026-05-18T21:43:38,0.018006,SVJ,false,ACCELERATING,65535,1.000000,1.000000,1.000000,0.700000,0.045001,false,,,,,,,,1.151206,false,0.000000,0,2,1.000000
1779158618.617588,2026-05-18T21:43:38,0.018004,SVJ,false,ACCELERATING,65535,1.000000,1.000000,1.000000,0.700000,0.045001,false,,,,,,,,1.169210,false,0.000000,0,2,1.000000
1779158618.635600,2026-05-18T21:43:38,0.017995,SVJ,false,ACCELERATING,65535,1.000000,1.000000,1.000000,0.700000,0.045001,false,,,,,,,,1.187205,false,0.000000,0,2,1.000000
1779158618.653608,2026-05-18T21:43:38,0.017998,SVJ,false,ACCELERATING,65535,1.000000,1.000000,1.000000,0.700000,0.045001,false,,,,,,,,1.205204,false,0.000000,0,2,1.000000
1779158618.671607,2026-05-18T21:43:38,0.018015,SVJ,false,ACCELERATING,65535,1.000000,1.000000,1.000000,0.700000,0.045001,false,,,,,,,,1.223218,false,0.000000,0,2,1.000000
1779158618.689604,2026-05-18T21:43:38,0.017988,SVJ,false,ACCELERATING,65535,1.000000,1.000000,1.000000,0.700000,0.045001,false,,,,,,,,1.241206,false,0.000000,0,2,1.000000
1779158618.707594,2026-05-18T21:43:38,0.017999,SVJ,false,ACCELERATING,65535,1.000000,1.000000,1.000000,0.700000,0.045001,false,,,,,,,,1.259205,false,0.000000,0,2,1.000000
1779158618.725592,2026-05-18T21:43:38,0.018001,SVJ,false,ACCELERATING,65535,1.000000,1.000000,1.000000,0.700000,0.045001,false,,,,,,,,1.277206,false,0.000000,0,2,1.000000
1779158618.743601,2026-05-18T21:43:38,0.018009,SVJ,false,ACCELERATING,65535,1.000000,1.000000,1.000000,0.700000,0.045001,false,,,,,,,,1.295216,false,0.000000,0,2,1.000000
1779158618.761590,2026-05-18T21:43:38,0.017991,SVJ,false,ACCELERATING,65535,1.000000,1.000000,1.000000,0.700000,0.045001,false,,,,,,,,1.313207,false,0.000000,0,2,1.000000
1779158618.779600,2026-05-18T21:43:38,0.018001,SVJ,false,ACCELERATING,65535,1.000000,1.000000,1.000000,0.700000,0.045001,false,,,,,,,,1.331208,false,0.000000,0,2,1.000000
1779158618.797621,2026-05-18T21:43:38,0.018003,SVJ,false,ACCELERATING,65535,1.000000,1.000000,1.000000,0.700000,0.045001,false,,,,,,,,1.349211,false,0.000000,0,2,1.000000
1779158618.815587,2026-05-18T21:43:38,0.017993,SVJ,false,ACCELERATING,65535,1.000000,1.000000,1.000000,0.700000,0.045001,false,,,,,,,,1.367203,false,0.000000,0,2,1.000000
1779158618.833611,2026-05-18T21:43:38,0.018012,SVJ,false,ACCELERATING,65535,1.000000,1.000000,1.000000,0.700000,0.045001,false,,,,,,,,1.385215,false,0.000000,0,2,1.000000
1779158618.851654,2026-05-18T21:43:38,0.018011,SVJ,false,ACCELERATING,65535,1.000000,1.000000,1.000000,0.700000,0.045001,false,,,,,,,,1.403227,false,0.000000,0,2,1.000000
1779158618.869916,2026-05-18T21:43:38,0.017984,SVJ,false,ACCELERATING,65535,1.000000,1.000000,1.000000,0.700000,0.045001,false,,,,,,,,1.421211,false,0.000000,0,2,1.000000
1779158618.887625,2026-05-18T21:43:38,0.018003,SVJ,false,ACCELERATING,65535,1.000000,1.000000,1.000000,0.700000,0.045001,false,,,,,,,,1.439213,false,0.000000,0,2,1.000000
1779158618.905738,2026-05-18T21:43:38,0.018025,SVJ,false,ACCELERATING,65535,1.000000,1.000000,1.000000,0.700000,0.045001,false,,,,,,,,1.457238,false,0.000000,0,2,1.000000
1779158618.923604,2026-05-18T21:43:38,0.017969,SVJ,false,ACCELERATING,65535,1.000000,1.000000,1.000000,0.700000,0.045001,false,,,,,,,,1.475208,false,0.000000,0,2,1.000000
1779158618.941623,2026-05-18T21:43:38,0.018011,SVJ,false,ACCELERATING,65535,1.000000,1.000000,1.000000,0.700000,0.045001,false,,,,,,,,1.493219,false,0.000000,0,2,1.000000
1779158618.959631,2026-05-18T21:43:38,0.018004,SVJ,false,ACCELERATING,65535,1.000000,1.000000,1.000000,0.700000,0.045001,false,,,,,,,,1.511223,false,0.000000,0,2,1.000000
1779158618.977611,2026-05-18T21:43:38,0.017999,SVJ,false,ACCELERATING,65535,1.000000,1.000000,1.000000,0.700000,0.045001,false,,,,,,,,1.529222,false,0.000000,0,2,1.000000
1779158618.995592,2026-05-18T21:43:38,0.017977,SVJ,false,ACCELERATING,65535,1.000000,1.000000,1.000000,0.700000,0.045001,false,,,,,,,,1.547199,false,0.000000,0,2,1.000000
1779158619.013611,2026-05-18T21:43:39,0.018003,SVJ,false,ACCELERATING,65535,1.000000,1.000000,1.000000,0.700000,0.045001,false,,,,,,,,1.565202,false,0.000000,0,2,1.000000
1779158619.031609,2026-05-18T21:43:39,0.017998,SVJ,false,ACCELERATING,65535,1.000000,1.000000,1.000000,0.700000,0.045001,false,,,,,,,,1.583201,false,0.000000,0,2,1.000000
1779158619.049625,2026-05-18T21:43:39,0.018000,SVJ,false,ACCELERATING,65535,1.000000,1.000000,1.000000,0.700000,0.045001,false,,,,,,,,1.601201,false,0.000000,0,2,1.000000
1779158619.067619,2026-05-18T21:43:39,0.018013,SVJ,false,ACCELERATING,65535,1.000000,1.000000,1.000000,0.700000,0.045001,false,,,,,,,,1.619214,false,0.000000,0,2,1.000000
1779158619.085618,2026-05-18T21:43:39,0.017993,SVJ,false,ACCELERATING,65535,1.000000,1.000000,1.000000,0.700000,0.045001,false,,,,,,,,1.637207,false,0.000000,0,2,1.000000
1779158619.103610,2026-05-18T21:43:39,0.018007,SVJ,false,ACCELERATING,65535,1.000000,1.000000,1.000000,0.700000,0.045001,false,,,,,,,,1.655214,false,0.000000,0,2,1.000000
1779158619.121603,2026-05-18T21:43:39,0.017989,SVJ,false,ACCELERATING,65535,1.000000,1.000000,1.000000,0.700000,0.045001,false,,,,,,,,1.673203,false,0.000000,0,2,1.000000
1779158619.139826,2026-05-18T21:43:39,0.017998,SVJ,false,ACCELERATING,65535,1.000000,1.000000,1.000000,0.700000,0.045001,false,,,,,,,,1.691200,false,0.000000,0,2,1.000000
1779158619.157620,2026-05-18T21:43:39,0.018011,SVJ,false,ACCELERATING,65535,1.000000,1.000000,1.000000,0.700000,0.045001,false,,,,,,,,1.691200,false,0.000000,0,2,1.000000
1779158619.175621,2026-05-18T21:43:39,0.017998,SVJ,false,ACCELERATING,65535,1.000000,1.000000,1.000000,0.700000,0.045001,false,,,,,,,,1.691200,false,0.000000,0,2,1.000000
1779158619.193608,2026-05-18T21:43:39,0.018001,SVJ,false,ACCELERATING,65535,1.000000,1.000000,1.000000,0.700000,0.045001,false,,,,,,,,1.691200,false,0.000000,0,2,1.000000
1779158619.211649,2026-05-18T21:43:39,0.018007,SVJ,false,ACCELERATING,65535,1.000000,1.000000,1.000000,0.700000,0.045001,false,,,,,,,,1.691200,false,0.000000,0,2,1.000000
1779158619.229611,2026-05-18T21:43:39,0.017986,SVJ,false,ACCELERATING,65535,1.000000,1.000000,1.000000,0.700000,0.045001,false,,,,,,,,1.691200,false,0.000000,0,2,1.000000
1779158619.247615,2026-05-18T21:43:39,0.018002,SVJ,false,ACCELERATING,65535,1.000000,1.000000,1.000000,0.700000,0.045001,false,,,,,,,,1.691200,false,0.000000,0,2,1.000000
1779158619.265631,2026-05-18T21:43:39,0.017997,SVJ,false,ACCELERATING,65535,1.000000,1.000000,1.000000,0.700000,0.045001,false,,,,,,,,1.691200,false,0.000000,0,2,1.000000
1779158619.283648,2026-05-18T21:43:39,0.018004,SVJ,false,ACCELERATING,65535,1.000000,1.000000,1.000000,0.700000,0.045001,false,,,,,,,,1.691200,false,0.000000,0,2,1.000000
1779158619.301621,2026-05-18T21:43:39,0.018000,SVJ,false,ACCELERATING,65535,1.000000,1.000000,1.000000,0.700000,0.045001,false,,,,,,,,1.691200,false,0.000000,0,2,1.000000
1779158619.319646,2026-05-18T21:43:39,0.018003,SVJ,false,ACCELERATING,65535,1.000000,1.000000,1.000000,0.700000,0.045001,false,,,,,,,,1.691200,false,0.000000,0,2,1.000000
1779158619.337614,2026-05-18T21:43:39,0.018000,SVJ,false,ACCELERATING,65535,1.000000,1.000000,1.000000,0.700000,0.045001,false,,,,,,,,0.018000,false,0.000000,0,3,1.000000
1779158619.355696,2026-05-18T21:43:39,0.018033,SVJ,false,ACCELERATING,65535,1.000000,1.000000,1.000000,0.700000,0.045001,false,,,,,,,,0.036033,false,0.000000,0,3,1.000000
1779158619.373612,2026-05-18T21:43:39,0.017971,SVJ,false,ACCELERATING,65535,1.000000,1.000000,1.000000,0.700000,0.045001,false,,,,,,,,0.054004,false,0.000000,0,3,1.000000
1779158619.391614,2026-05-18T21:43:39,0.017990,SVJ,false,ACCELERATING,65535,1.000000,1.000000,1.000000,0.700000,0.045001,false,,,,,,,,0.071994,false,0.000000,0,3,1.000000
1779158619.409614,2026-05-18T21:43:39,0.018006,SVJ,false,ACCELERATING,65535,1.000000,1.000000,1.000000,0.700000,0.045001,false,,,,,,,,0.090001,false,0.000000,0,3,1.000000
1779158619.427606,2026-05-18T21:43:39,0.017996,SVJ,false,ACCELERATING,65535,1.000000,1.000000,1.000000,0.700000,0.045001,false,,,,,,,,0.107997,false,0.000000,0,3,1.000000
1779158619.445686,2026-05-18T21:43:39,0.018016,SVJ,false,ACCELERATING,65535,1.000000,1.000000,1.000000,0.700000,0.045001,false,,,,,,,,0.126012,false,0.000000,0,3,1.000000
1779158619.463626,2026-05-18T21:43:39,0.017989,SVJ,false,ACCELERATING,65535,1.000000,1.000000,1.000000,0.700000,0.045001,false,,,,,,,,0.144002,false,0.000000,0,3,1.000000
1779158619.481622,2026-05-18T21:43:39,0.017995,SVJ,false,ACCELERATING,65535,1.000000,1.000000,1.000000,0.700000,0.045001,false,,,,,,,,0.161996,false,0.000000,0,3,1.000000
1779158619.499635,2026-05-18T21:43:39,0.018004,SVJ,false,ACCELERATING,65535,1.000000,1.000000,1.000000,0.700000,0.045001,false,,,,,,,,0.180000,false,0.000000,0,3,1.000000
1779158619.517630,2026-05-18T21:43:39,0.017993,SVJ,false,ACCELERATING,65535,1.000000,1.000000,1.000000,0.700000,0.045001,false,,,,,,,,0.197993,false,0.000000,0,3,1.000000
1779158619.535632,2026-05-18T21:43:39,0.018004,SVJ,false,ACCELERATING,65535,1.000000,1.000000,1.000000,0.700000,0.045001,false,,,,,,,,0.215997,false,0.000000,0,3,1.000000
1779158619.553620,2026-05-18T21:43:39,0.017999,SVJ,false,ACCELERATING,65535,1.000000,1.000000,1.000000,0.700000,0.045001,false,,,,,,,,0.233995,false,0.000000,0,3,1.000000
1779158619.571637,2026-05-18T21:43:39,0.018007,SVJ,false,ACCELERATING,65535,1.000000,1.000000,1.000000,0.700000,0.045001,false,,,,,,,,0.252002,false,0.000000,0,3,1.000000
1779158619.589628,2026-05-18T21:43:39,0.017996,SVJ,false,ACCELERATING,65535,1.000000,1.000000,1.000000,0.700000,0.045001,false,,,,,,,,0.269999,false,0.000000,0,3,1.000000
1779158619.607613,2026-05-18T21:43:39,0.017997,SVJ,false,ACCELERATING,65535,1.000000,1.000000,1.000000,0.700000,0.045001,false,,,,,,,,0.287995,false,0.000000,0,3,1.000000
1779158619.625617,2026-05-18T21:43:39,0.018004,SVJ,false,ACCELERATING,65535,1.000000,1.000000,1.000000,0.700000,0.045001,false,,,,,,,,0.305999,false,0.000000,0,3,1.000000
1779158619.643667,2026-05-18T21:43:39,0.017995,SVJ,false,ACCELERATING,65535,1.000000,1.000000,1.000000,0.700000,0.045001,false,,,,,,,,0.323994,false,0.000000,0,3,1.000000
1779158619.661640,2026-05-18T21:43:39,0.018017,SVJ,false,ACCELERATING,65535,1.000000,1.000000,1.000000,0.700000,0.045001,false,,,,,,,,0.342011,false,0.000000,0,3,1.000000
1779158619.679622,2026-05-18T21:43:39,0.017983,SVJ,false,ACCELERATING,65535,1.000000,1.000000,1.000000,0.700000,0.045001,false,,,,,,,,0.359994,false,0.000000,0,3,1.000000
1779158619.697622,2026-05-18T21:43:39,0.018005,SVJ,false,ACCELERATING,65535,1.000000,1.000000,1.000000,0.700000,0.045001,false,,,,,,,,0.378000,false,0.000000,0,3,1.000000
1779158619.715618,2026-05-18T21:43:39,0.017996,SVJ,false,ACCELERATING,65535,1.000000,1.000000,1.000000,0.700000,0.045001,false,,,,,,,,0.395996,false,0.000000,0,3,1.000000
1779158619.733622,2026-05-18T21:43:39,0.018007,SVJ,false,ACCELERATING,65535,1.000000,1.000000,1.000000,0.700000,0.045001,false,,,,,,,,0.414003,false,0.000000,0,3,1.000000
1779158619.751642,2026-05-18T21:43:39,0.018006,SVJ,false,ACCELERATING,65535,1.000000,1.000000,1.000000,0.700000,0.045001,false,,,,,,,,0.432009,false,0.000000,0,3,1.000000
1779158619.769631,2026-05-18T21:43:39,0.017983,SVJ,false,ACCELERATING,65535,1.000000,1.000000,1.000000,0.700000,0.045001,false,,,,,,,,0.449992,false,0.000000,0,3,1.000000
1779158619.787635,2026-05-18T21:43:39,0.018006,SVJ,false,ACCELERATING,65535,1.000000,1.000000,1.000000,0.700000,0.045001,false,,,,,,,,0.467998,false,0.000000,0,3,1.000000
1779158619.805627,2026-05-18T21:43:39,0.017997,SVJ,false,ACCELERATING,65535,1.000000,1.000000,1.000000,0.700000,0.045001,false,,,,,,,,0.485995,false,0.000000,0,3,1.000000
1779158619.823633,2026-05-18T21:43:39,0.017996,SVJ,false,ACCELERATING,65535,1.000000,1.000000,1.000000,0.700000,0.045001,false,,,,,,,,0.503991,false,0.000000,0,3,1.000000
1779158619.841638,2026-05-18T21:43:39,0.018017,SVJ,false,ACCELERATING,65535,1.000000,1.000000,1.000000,0.700000,0.045001,false,,,,,,,,0.522008,false,0.000000,0,3,1.000000
1779158619.859625,2026-05-18T21:43:39,0.017989,SVJ,false,ACCELERATING,65535,1.000000,1.000000,1.000000,0.700000,0.045001,false,,,,,,,,0.539997,false,0.000000,0,3,1.000000
1779158619.877630,2026-05-18T21:43:39,0.017996,SVJ,false,ACCELERATING,65535,1.000000,1.000000,1.000000,0.700000,0.045001,false,,,,,,,,0.557993,false,0.000000,0,3,1.000000
1779158619.895630,2026-05-18T21:43:39,0.018004,SVJ,false,ACCELERATING,65535,1.000000,1.000000,1.000000,0.700000,0.045001,false,,,,,,,,0.575997,false,0.000000,0,3,1.000000
1779158619.913692,2026-05-18T21:43:39,0.018046,SVJ,false,ACCELERATING,65535,1.000000,1.000000,1.000000,0.700000,0.045001,false,,,,,,,,0.594043,false,0.000000,0,3,1.000000
1779158619.931644,2026-05-18T21:43:39,0.017954,SVJ,false,ACCELERATING,65535,1.000000,1.000000,1.000000,0.700000,0.045001,false,,,,,,,,0.611997,false,0.000000,0,3,1.000000
1779158619.949645,2026-05-18T21:43:39,0.018009,SVJ,false,ACCELERATING,65535,1.000000,1.000000,1.000000,0.700000,0.045001,false,,,,,,,,0.630006,false,0.000000,0,3,1.000000
1779158619.967616,2026-05-18T21:43:39,0.017986,SVJ,false,ACCELERATING,65535,1.000000,1.000000,1.000000,0.700000,0.045001,false,,,,,,,,0.647991,false,0.000000,0,3,1.000000
1779158619.985616,2026-05-18T21:43:39,0.018001,SVJ,false,ACCELERATING,65535,1.000000,1.000000,1.000000,0.700000,0.045001,false,,,,,,,,0.665993,false,0.000000,0,3,1.000000
1779158620.003652,2026-05-18T21:43:40,0.018003,SVJ,false,ACCELERATING,65535,1.000000,1.000000,1.000000,0.700000,0.045001,false,,,,,,,,0.683996,false,0.000000,0,3,1.000000
1779158620.021638,2026-05-18T21:43:40,0.017999,SVJ,false,ACCELERATING,65535,1.000000,1.000000,1.000000,0.700000,0.045001,false,,,,,,,,0.701995,false,0.000000,0,3,1.000000
1779158620.039691,2026-05-18T21:43:40,0.018014,SVJ,false,ACCELERATING,65535,1.000000,1.000000,1.000000,0.700000,0.045001,false,,,,,,,,0.720008,false,0.000000,0,3,1.000000
1779158620.057646,2026-05-18T21:43:40,0.017991,SVJ,false,ACCELERATING,65535,1.000000,1.000000,1.000000,0.700000,0.045001,false,,,,,,,,0.737999,false,0.000000,0,3,1.000000
1779158620.075629,2026-05-18T21:43:40,0.017995,SVJ,false,ACCELERATING,65535,1.000000,1.000000,1.000000,0.700000,0.045001,false,,,,,,,,0.755995,false,0.000000,0,3,1.000000
1779158620.093667,2026-05-18T21:43:40,0.018011,SVJ,false,ACCELERATING,65535,1.000000,1.000000,1.000000,0.700000,0.045001,false,,,,,,,,0.774006,false,0.000000,0,3,1.000000
1779158620.111628,2026-05-18T21:43:40,0.017989,SVJ,false,ACCELERATING,65535,1.000000,1.000000,1.000000,0.700000,0.045001,false,,,,,,,,0.791995,false,0.000000,0,3,1.000000
1779158620.129736,2026-05-18T21:43:40,0.018017,SVJ,false,ACCELERATING,65535,1.000000,1.000000,1.000000,0.700000,0.045001,false,,,,,,,,0.810012,false,0.000000,0,3,1.000000
1779158620.147948,2026-05-18T21:43:40,0.017996,SVJ,false,ACCELERATING,65535,1.000000,1.000000,1.000000,0.700000,0.045001,false,,,,,,,,0.828008,false,0.000000,0,3,1.000000
1779158620.165742,2026-05-18T21:43:40,0.018049,SVJ,false,ACCELERATING,65535,1.000000,1.000000,1.000000,0.700000,0.045001,false,,,,,,,,0.846057,false,0.000000,0,3,1.000000
1779158620.183668,2026-05-18T21:43:40,0.017939,SVJ,false,ACCELERATING,65535,1.000000,1.000000,1.000000,0.700000,0.045001,false,,,,,,,,0.863996,false,0.000000,0,3,1.000000
1779158620.201667,2026-05-18T21:43:40,0.017997,SVJ,false,ACCELERATING,65535,1.000000,1.000000,1.000000,0.700000,0.045001,false,,,,,,,,0.881993,false,0.000000,0,3,1.000000
1779158620.220037,2026-05-18T21:43:40,0.018127,SVJ,false,ACCELERATING,65535,1.000000,1.000000,1.000000,0.700000,0.045001,false,,,,,,,,0.900120,false,0.000000,0,3,1.000000
1779158620.237652,2026-05-18T21:43:40,0.017879,SVJ,false,ACCELERATING,65535,1.000000,1.000000,1.000000,0.700000,0.045001,false,,,,,,,,0.917999,false,0.000000,0,3,1.000000
1779158620.255644,2026-05-18T21:43:40,0.017998,SVJ,false,ACCELERATING,65535,1.000000,1.000000,1.000000,0.700000,0.045001,false,,,,,,,,0.935998,false,0.000000,0,3,1.000000
1779158620.273637,2026-05-18T21:43:40,0.018003,SVJ,false,ACCELERATING,65535,1.000000,1.000000,1.000000,0.700000,0.045001,false,,,,,,,,0.954001,false,0.000000,0,3,1.000000
1779158620.291634,2026-05-18T21:43:40,0.017995,SVJ,false,ACCELERATING,65535,1.000000,1.000000,1.000000,0.700000,0.045001,false,,,,,,,,0.971996,false,0.000000,0,3,1.000000
1779158620.309646,2026-05-18T21:43:40,0.018010,SVJ,false,ACCELERATING,65535,1.000000,1.000000,1.000000,0.700000,0.045001,false,,,,,,,,0.990007,false,0.000000,0,3,1.000000
1779158620.327735,2026-05-18T21:43:40,0.018067,SVJ,false,ACCELERATING,65535,1.000000,1.000000,1.000000,0.700000,0.045001,false,,,,,,,,1.008074,false,0.000000,0,3,1.000000
1779158620.345634,2026-05-18T21:43:40,0.017919,SVJ,false,ACCELERATING,65535,1.000000,1.000000,1.000000,0.700000,0.045001,false,,,,,,,,1.025993,false,0.000000,0,3,1.000000
1779158620.363694,2026-05-18T21:43:40,0.018003,SVJ,false,ACCELERATING,65535,1.000000,1.000000,1.000000,0.700000,0.045001,false,,,,,,,,1.043996,false,0.000000,0,3,1.000000
1779158620.381646,2026-05-18T21:43:40,0.017994,SVJ,false,ACCELERATING,65535,1.000000,1.000000,1.000000,0.700000,0.045001,false,,,,,,,,1.061990,false,0.000000,0,3,1.000000
1779158620.399686,2026-05-18T21:43:40,0.018022,SVJ,false,ACCELERATING,65535,1.000000,1.000000,1.000000,0.700000,0.045001,false,,,,,,,,1.080012,false,0.000000,0,3,1.000000
1779158620.417631,2026-05-18T21:43:40,0.017981,SVJ,false,ACCELERATING,65535,1.000000,1.000000,1.000000,0.700000,0.045001,false,,,,,,,,1.097993,false,0.000000,0,3,1.000000
1779158620.435643,2026-05-18T21:43:40,0.018003,SVJ,false,ACCELERATING,65535,1.000000,1.000000,1.000000,0.700000,0.045001,false,,,,,,,,1.115996,false,0.000000,0,3,1.000000
1779158620.453671,2026-05-18T21:43:40,0.018006,SVJ,false,ACCELERATING,65535,1.000000,1.000000,1.000000,0.700000,0.045001,false,,,,,,,,1.134002,false,0.000000,0,3,1.000000
1779158620.471643,2026-05-18T21:43:40,0.017993,SVJ,false,ACCELERATING,65535,1.000000,1.000000,1.000000,0.700000,0.045001,false,,,,,,,,1.151994,false,0.000000,0,3,1.000000
1779158620.489684,2026-05-18T21:43:40,0.017998,SVJ,false,ACCELERATING,65535,1.000000,1.000000,1.000000,0.700000,0.045001,false,,,,,,,,1.169993,false,0.000000,0,3,1.000000
1779158620.507660,2026-05-18T21:43:40,0.018009,SVJ,false,ACCELERATING,65535,1.000000,1.000000,1.000000,0.700000,0.045001,false,,,,,,,,1.188002,false,0.000000,0,3,1.000000
1779158620.525647,2026-05-18T21:43:40,0.017991,SVJ,false,ACCELERATING,65535,1.000000,1.000000,1.000000,0.700000,0.045001,false,,,,,,,,1.205993,false,0.000000,0,3,1.000000
1779158620.543762,2026-05-18T21:43:40,0.018051,SVJ,false,ACCELERATING,65535,1.000000,1.000000,1.000000,0.700000,0.045001,false,,,,,,,,1.224044,false,0.000000,0,3,1.000000
1779158620.561638,2026-05-18T21:43:40,0.017953,SVJ,false,ACCELERATING,65535,1.000000,1.000000,1.000000,0.700000,0.045001,false,,,,,,,,1.241997,false,0.000000,0,3,1.000000
1779158620.579643,2026-05-18T21:43:40,0.017997,SVJ,false,ACCELERATING,65535,1.000000,1.000000,1.000000,0.700000,0.045001,false,,,,,,,,1.259994,false,0.000000,0,3,1.000000
1779158620.597645,2026-05-18T21:43:40,0.018002,SVJ,false,ACCELERATING,65535,1.000000,1.000000,1.000000,0.700000,0.045001,false,,,,,,,,1.277996,false,0.000000,0,3,1.000000
1779158620.615662,2026-05-18T21:43:40,0.018007,SVJ,false,ACCELERATING,65535,1.000000,1.000000,1.000000,0.700000,0.045001,false,,,,,,,,1.296002,false,0.000000,0,3,1.000000
1779158620.633635,2026-05-18T21:43:40,0.017988,SVJ,false,ACCELERATING,65535,1.000000,1.000000,1.000000,0.700000,0.045001,false,,,,,,,,1.313990,false,0.000000,0,3,1.000000
1779158620.651643,2026-05-18T21:43:40,0.018004,SVJ,false,ACCELERATING,65535,1.000000,1.000000,1.000000,0.700000,0.045001,false,,,,,,,,1.331994,false,0.000000,0,3,1.000000
1779158620.669659,2026-05-18T21:43:40,0.018003,SVJ,false,ACCELERATING,65535,1.000000,1.000000,1.000000,0.700000,0.045001,false,,,,,,,,1.349998,false,0.000000,0,3,1.000000
1779158620.687660,2026-05-18T21:43:40,0.018001,SVJ,false,ACCELERATING,65535,1.000000,1.000000,1.000000,0.700000,0.045001,false,,,,,,,,1.367999,false,0.000000,0,3,1.000000
1779158620.705654,2026-05-18T21:43:40,0.018005,SVJ,false,ACCELERATING,65535,1.000000,1.000000,1.000000,0.700000,0.045001,false,,,,,,,,1.386005,false,0.000000,0,3,1.000000
1779158620.723748,2026-05-18T21:43:40,0.018004,SVJ,false,ACCELERATING,65535,1.000000,1.000000,1.000000,0.700000,0.045001,false,,,,,,,,1.404009,false,0.000000,0,3,1.000000
1779158620.741672,2026-05-18T21:43:40,0.017994,SVJ,false,ACCELERATING,65535,1.000000,1.000000,1.000000,0.700000,0.045001,false,,,,,,,,1.422003,false,0.000000,0,3,1.000000
1779158620.759640,2026-05-18T21:43:40,0.017993,SVJ,false,ACCELERATING,65535,1.000000,1.000000,1.000000,0.700000,0.045001,false,,,,,,,,1.439996,false,0.000000,0,3,1.000000
1779158620.777696,2026-05-18T21:43:40,0.018005,SVJ,false,ACCELERATING,65535,1.000000,1.000000,1.000000,0.700000,0.045001,false,,,,,,,,1.458001,false,0.000000,0,3,1.000000
1779158620.795645,2026-05-18T21:43:40,0.017993,SVJ,false,ACCELERATING,65535,1.000000,1.000000,1.000000,0.700000,0.045001,false,,,,,,,,1.475994,false,0.000000,0,3,1.000000
1779158620.813656,2026-05-18T21:43:40,0.018002,SVJ,false,ACCELERATING,65535,1.000000,1.000000,1.000000,0.700000,0.045001,false,,,,,,,,1.493995,false,0.000000,0,3,1.000000
1779158620.831675,2026-05-18T21:43:40,0.018011,SVJ,false,ACCELERATING,65535,1.000000,1.000000,1.000000,0.700000,0.045001,false,,,,,,,,1.512006,false,0.000000,0,3,1.000000
1779158620.849738,2026-05-18T21:43:40,0.017992,SVJ,false,ACCELERATING,65535,1.000000,1.000000,1.000000,0.700000,0.045001,false,,,,,,,,1.529998,false,0.000000,0,3,1.000000
1779158620.867668,2026-05-18T21:43:40,0.017997,SVJ,false,ACCELERATING,65535,1.000000,1.000000,1.000000,0.700000,0.045001,false,,,,,,,,1.547995,false,0.000000,0,3,1.000000
1779158620.885651,2026-05-18T21:43:40,0.018000,SVJ,false,ACCELERATING,65535,1.000000,1.000000,1.000000,0.700000,0.045001,false,,,,,,,,1.565996,false,0.000000,0,3,1.000000
1779158620.903648,2026-05-18T21:43:40,0.017996,SVJ,false,ACCELERATING,65535,1.000000,1.000000,1.000000,0.700000,0.045001,false,,,,,,,,1.583992,false,0.000000,0,3,1.000000
1779158620.921666,2026-05-18T21:43:40,0.018008,SVJ,false,ACCELERATING,65535,1.000000,1.000000,1.000000,0.700000,0.045001,false,,,,,,,,1.602000,false,0.000000,0,3,1.000000
1779158620.939667,2026-05-18T21:43:40,0.017999,SVJ,false,ACCELERATING,65535,1.000000,1.000000,1.000000,0.700000,0.045001,false,,,,,,,,1.619999,false,0.000000,0,3,1.000000
1779158620.957655,2026-05-18T21:43:40,0.017992,SVJ,false,ACCELERATING,65535,1.000000,1.000000,1.000000,0.700000,0.045001,false,,,,,,,,1.637991,false,0.000000,0,3,1.000000
1779158620.975677,2026-05-18T21:43:40,0.018008,SVJ,false,ACCELERATING,65535,1.000000,1.000000,1.000000,0.700000,0.045001,false,,,,,,,,1.655999,false,0.000000,0,3,1.000000
1779158620.993675,2026-05-18T21:43:40,0.017994,SVJ,false,ACCELERATING,65535,1.000000,1.000000,1.000000,0.700000,0.045001,false,,,,,,,,1.673993,false,0.000000,0,3,1.000000
1779158621.011670,2026-05-18T21:43:41,0.018000,SVJ,false,ACCELERATING,65535,1.000000,1.000000,1.000000,0.700000,0.045001,false,,,,,,,,1.691992,false,0.000000,0,3,1.000000
1779158621.029687,2026-05-18T21:43:41,0.018012,SVJ,false,ACCELERATING,65535,1.000000,1.000000,1.000000,0.700000,0.045001,false,,,,,,,,1.710004,false,0.000000,0,3,1.000000
1779158621.047650,2026-05-18T21:43:41,0.017989,SVJ,false,ACCELERATING,65535,1.000000,1.000000,1.000000,0.700000,0.045001,false,,,,,,,,1.727993,false,0.000000,0,3,1.000000
1779158621.065660,2026-05-18T21:43:41,0.018000,SVJ,false,ACCELERATING,65535,1.000000,1.000000,1.000000,0.700000,0.045001,false,,,,,,,,1.745993,false,0.000000,0,3,1.000000
1779158621.083759,2026-05-18T21:43:41,0.018010,SVJ,false,ACCELERATING,65535,1.000000,1.000000,1.000000,0.700000,0.045001,false,,,,,,,,1.764002,false,0.000000,0,3,1.000000
1779158621.101719,2026-05-18T21:43:41,0.018009,SVJ,false,ACCELERATING,65535,1.000000,1.000000,1.000000,0.700000,0.045001,false,,,,,,,,1.782012,false,0.000000,0,3,1.000000
1779158621.119676,2026-05-18T21:43:41,0.017989,SVJ,false,ACCELERATING,65535,1.000000,1.000000,1.000000,0.700000,0.045001,false,,,,,,,,1.800001,false,0.000000,0,3,1.000000
1779158621.137681,2026-05-18T21:43:41,0.017997,SVJ,false,ACCELERATING,65535,1.000000,1.000000,1.000000,0.700000,0.045001,false,,,,,,,,1.817997,false,0.000000,0,3,1.000000
1779158621.155668,2026-05-18T21:43:41,0.017993,SVJ,false,ACCELERATING,65535,1.000000,1.000000,1.000000,0.700000,0.045001,false,,,,,,,,1.835991,false,0.000000,0,3,1.000000
1779158621.173671,2026-05-18T21:43:41,0.018003,SVJ,false,ACCELERATING,65535,1.000000,1.000000,1.000000,0.700000,0.045001,false,,,,,,,,1.853993,false,0.000000,0,3,1.000000
1779158621.191670,2026-05-18T21:43:41,0.018006,SVJ,false,ACCELERATING,65535,1.000000,1.000000,1.000000,0.700000,0.045001,false,,,,,,,,1.872000,false,0.000000,0,3,1.000000
1779158621.209714,2026-05-18T21:43:41,0.018020,SVJ,false,ACCELERATING,65535,1.000000,1.000000,1.000000,0.700000,0.045001,false,,,,,,,,1.890020,false,0.000000,0,3,1.000000
1779158621.227676,2026-05-18T21:43:41,0.017972,SVJ,false,ACCELERATING,65535,1.000000,1.000000,1.000000,0.700000,0.045001,false,,,,,,,,1.907992,false,0.000000,0,3,1.000000
1779158621.245670,2026-05-18T21:43:41,0.018001,SVJ,false,ACCELERATING,65535,1.000000,1.000000,1.000000,0.700000,0.045001,false,,,,,,,,1.925993,false,0.000000,0,3,1.000000
1779158621.263676,2026-05-18T21:43:41,0.018002,SVJ,false,ACCELERATING,65535,1.000000,1.000000,1.000000,0.700000,0.045001,false,,,,,,,,1.943995,false,0.000000,0,3,1.000000
1779158621.281691,2026-05-18T21:43:41,0.018009,SVJ,false,ACCELERATING,65535,1.000000,1.000000,1.000000,0.700000,0.045001,false,,,,,,,,1.962004,false,0.000000,0,3,1.000000
1779158621.299777,2026-05-18T21:43:41,0.017995,SVJ,false,ACCELERATING,65535,1.000000,1.000000,1.000000,0.700000,0.045001,false,,,,,,,,1.979999,false,0.000000,0,3,1.000000
1779158621.317706,2026-05-18T21:43:41,0.017997,SVJ,false,ACCELERATING,65535,1.000000,1.000000,1.000000,0.700000,0.045001,false,,,,,,,,1.997996,false,0.000000,0,3,1.000000
1779158621.335668,2026-05-18T21:43:41,0.017997,SVJ,false,ACCELERATING,65535,1.000000,1.000000,1.000000,0.700000,0.045001,false,,,,,,,,2.015993,false,0.000000,0,3,1.000000
1779158621.353667,2026-05-18T21:43:41,0.018000,SVJ,false,ACCELERATING,65535,1.000000,1.000000,1.000000,0.700000,0.045001,false,,,,,,,,2.033993,false,0.000000,0,3,1.000000
1779158621.371202,2026-05-18T21:43:41,0.017526,SVJ,false,ACCELERATING,65535,1.000000,1.000000,1.000000,0.700000,0.045001,false,,,,,,,,2.051519,false,0.000000,0,3,1.000000
1779158621.389190,2026-05-18T21:43:41,0.017998,SVJ,false,ACCELERATING,65535,1.000000,1.000000,1.000000,0.700000,0.045001,false,,,,,,,,2.069517,false,0.000000,0,3,1.000000
1779158621.407197,2026-05-18T21:43:41,0.017999,SVJ,false,ACCELERATING,65535,1.000000,1.000000,1.000000,0.700000,0.045001,false,,,,,,,,2.087516,false,0.000000,0,3,1.000000
1779158621.425461,2026-05-18T21:43:41,0.018013,SVJ,false,ACCELERATING,65535,1.000000,1.000000,1.000000,0.700000,0.045001,false,,,,,,,,2.105529,false,0.000000,0,3,1.000000
1779158621.443277,2026-05-18T21:43:41,0.017980,SVJ,false,ACCELERATING,65535,1.000000,1.000000,1.000000,0.700000,0.045001,false,,,,,,,,2.105529,false,0.000000,0,3,1.000000
1779158621.460727,2026-05-18T21:43:41,0.017515,SVJ,false,ACCELERATING,65535,1.000000,1.000000,1.000000,0.700000,0.045001,false,,,,,,,,2.105529,false,0.000000,0,3,1.000000
1779158621.478702,2026-05-18T21:43:41,0.018010,SVJ,false,ACCELERATING,65535,1.000000,1.000000,1.000000,0.700000,0.045001,false,,,,,,,,2.105529,false,0.000000,0,3,1.000000
1779158621.496761,2026-05-18T21:43:41,0.017991,SVJ,false,ACCELERATING,65535,1.000000,1.000000,1.000000,0.700000,0.045001,false,,,,,,,,2.105529,false,0.000000,0,3,1.000000
1779158621.514702,2026-05-18T21:43:41,0.018005,SVJ,false,ACCELERATING,65535,1.000000,1.000000,1.000000,0.700000,0.045001,false,,,,,,,,2.105529,false,0.000000,0,3,1.000000
1779158621.532725,2026-05-18T21:43:41,0.018015,SVJ,false,ACCELERATING,65535,1.000000,1.000000,1.000000,0.700000,0.045001,false,,,,,,,,2.105529,false,0.000000,0,3,1.000000
1779158621.550719,2026-05-18T21:43:41,0.017990,SVJ,false,ACCELERATING,65535,1.000000,1.000000,1.000000,0.700000,0.045001,false,,,,,,,,2.105529,false,0.000000,0,3,1.000000
1779158621.568827,2026-05-18T21:43:41,0.018087,SVJ,false,ACCELERATING,65535,1.000000,1.000000,1.000000,0.700000,0.045001,false,,,,,,,,2.105529,false,0.000000,0,3,1.000000
1779158621.586706,2026-05-18T21:43:41,0.017909,SVJ,false,ACCELERATING,65535,1.000000,1.000000,1.000000,0.700000,0.045001,false,,,,,,,,2.105529,false,0.000000,0,3,1.000000
1779158621.604729,2026-05-18T21:43:41,0.018008,SVJ,false,ACCELERATING,65535,1.000000,1.000000,1.000000,0.700000,0.045001,false,,,,,,,,2.105529,false,0.000000,0,3,1.000000
1779158621.622723,2026-05-18T21:43:41,0.017988,SVJ,false,ACCELERATING,65535,1.000000,1.000000,1.000000,0.700000,0.045001,false,,,,,,,,0.017988,false,0.000000,0,4,1.000000
1779158621.640718,2026-05-18T21:43:41,0.018008,SVJ,false,ACCELERATING,65535,1.000000,1.000000,1.000000,0.700000,0.045001,false,,,,,,,,0.035996,false,0.000000,0,4,1.000000
1779158621.658696,2026-05-18T21:43:41,0.017991,SVJ,false,ACCELERATING,65535,1.000000,1.000000,1.000000,0.700000,0.045001,false,,,,,,,,0.053987,false,0.000000,0,4,1.000000
1779158621.676722,2026-05-18T21:43:41,0.018017,SVJ,false,ACCELERATING,65535,1.000000,1.000000,1.000000,0.700000,0.045001,false,,,,,,,,0.072004,false,0.000000,0,4,1.000000
1779158621.694706,2026-05-18T21:43:41,0.017984,SVJ,false,ACCELERATING,65535,1.000000,1.000000,1.000000,0.700000,0.045001,false,,,,,,,,0.089988,false,0.000000,0,4,1.000000
1779158621.712720,2026-05-18T21:43:41,0.018002,SVJ,false,ACCELERATING,65535,1.000000,1.000000,1.000000,0.700000,0.045001,false,,,,,,,,0.107989,false,0.000000,0,4,1.000000
1779158621.730733,2026-05-18T21:43:41,0.018004,SVJ,false,ACCELERATING,65535,1.000000,1.000000,1.000000,0.700000,0.045001,false,,,,,,,,0.125993,false,0.000000,0,4,1.000000
1779158621.748730,2026-05-18T21:43:41,0.018000,SVJ,false,ACCELERATING,65535,1.000000,1.000000,1.000000,0.700000,0.045001,false,,,,,,,,0.143993,false,0.000000,0,4,1.000000
1779158621.766731,2026-05-18T21:43:41,0.017995,SVJ,false,ACCELERATING,65535,1.000000,1.000000,1.000000,0.700000,0.045001,false,,,,,,,,0.161988,false,0.000000,0,4,1.000000
1779158621.784716,2026-05-18T21:43:41,0.018000,SVJ,false,ACCELERATING,65535,1.000000,1.000000,1.000000,0.700000,0.045001,false,,,,,,,,0.179987,false,0.000000,0,4,1.000000
1779158621.802732,2026-05-18T21:43:41,0.018015,SVJ,false,ACCELERATING,65535,1.000000,1.000000,1.000000,0.700000,0.045001,false,,,,,,,,0.198003,false,0.000000,0,4,1.000000
1779158621.820790,2026-05-18T21:43:41,0.018065,SVJ,false,ACCELERATING,65535,1.000000,1.000000,1.000000,0.700000,0.045001,false,,,,,,,,0.216068,false,0.000000,0,4,1.000000
1779158621.838746,2026-05-18T21:43:41,0.017932,SVJ,false,ACCELERATING,65535,1.000000,1.000000,1.000000,0.700000,0.045001,false,,,,,,,,0.233999,false,0.000000,0,4,1.000000
1779158621.856749,2026-05-18T21:43:41,0.017988,SVJ,false,ACCELERATING,65535,1.000000,1.000000,1.000000,0.700000,0.045001,false,,,,,,,,0.251987,false,0.000000,0,4,1.000000
1779158621.874730,2026-05-18T21:43:41,0.018005,SVJ,false,ACCELERATING,65535,1.000000,1.000000,1.000000,0.700000,0.045001,false,,,,,,,,0.269992,false,0.000000,0,4,1.000000
1779158621.892737,2026-05-18T21:43:41,0.017995,SVJ,false,ACCELERATING,65535,1.000000,1.000000,1.000000,0.700000,0.045001,false,,,,,,,,0.287987,false,0.000000,0,4,1.000000
1779158621.910706,2026-05-18T21:43:41,0.018001,SVJ,false,ACCELERATING,65535,1.000000,1.000000,1.000000,0.700000,0.045001,false,,,,,,,,0.305988,false,0.000000,0,4,1.000000
1779158621.928713,2026-05-18T21:43:41,0.018004,SVJ,false,ACCELERATING,65535,1.000000,1.000000,1.000000,0.700000,0.045001,false,,,,,,,,0.323992,false,0.000000,0,4,1.000000
1779158621.946746,2026-05-18T21:43:41,0.018011,SVJ,false,ACCELERATING,65535,1.000000,1.000000,1.000000,0.700000,0.045001,false,,,,,,,,0.342003,false,0.000000,0,4,1.000000
1779158621.964728,2026-05-18T21:43:41,0.017987,SVJ,false,ACCELERATING,65535,1.000000,1.000000,1.000000,0.700000,0.045001,false,,,,,,,,0.359991,false,0.000000,0,4,1.000000
1779158621.982721,2026-05-18T21:43:41,0.018002,SVJ,false,ACCELERATING,65535,1.000000,1.000000,1.000000,0.700000,0.045001,false,,,,,,,,0.377993,false,0.000000,0,4,1.000000
1779158622.000728,2026-05-18T21:43:42,0.017997,SVJ,false,ACCELERATING,65535,1.000000,1.000000,1.000000,0.700000,0.045001,false,,,,,,,,0.395990,false,0.000000,0,4,1.000000
1779158622.018736,2026-05-18T21:43:42,0.018002,SVJ,false,ACCELERATING,65535,1.000000,1.000000,1.000000,0.700000,0.045001,false,,,,,,,,0.413991,false,0.000000,0,4,1.000000
1779158622.036736,2026-05-18T21:43:42,0.017997,SVJ,false,ACCELERATING,65535,1.000000,1.000000,1.000000,0.700000,0.045001,false,,,,,,,,0.431988,false,0.000000,0,4,1.000000
1779158622.054724,2026-05-18T21:43:42,0.018002,SVJ,false,ACCELERATING,65535,1.000000,1.000000,1.000000,0.700000,0.045001,false,,,,,,,,0.449990,false,0.000000,0,4,1.000000
1779158622.072774,2026-05-18T21:43:42,0.017998,SVJ,false,ACCELERATING,65535,1.000000,1.000000,1.000000,0.700000,0.045001,false,,,,,,,,0.467989,false,0.000000,0,4,1.000000
1779158622.090724,2026-05-18T21:43:42,0.018010,SVJ,false,ACCELERATING,65535,1.000000,1.000000,1.000000,0.700000,0.045001,false,,,,,,,,0.485999,false,0.000000,0,4,1.000000
1779158622.108723,2026-05-18T21:43:42,0.017987,SVJ,false,ACCELERATING,65535,1.000000,1.000000,1.000000,0.700000,0.045001,false,,,,,,,,0.503986,false,0.000000,0,4,1.000000
1779158622.126739,2026-05-18T21:43:42,0.018015,SVJ,false,ACCELERATING,65535,1.000000,1.000000,1.000000,0.700000,0.045001,false,,,,,,,,0.522001,false,0.000000,0,4,1.000000
1779158622.144760,2026-05-18T21:43:42,0.017997,SVJ,false,ACCELERATING,65535,1.000000,1.000000,1.000000,0.700000,0.045001,false,,,,,,,,0.539998,false,0.000000,0,4,1.000000
1779158622.162738,2026-05-18T21:43:42,0.017991,SVJ,false,ACCELERATING,65535,1.000000,1.000000,1.000000,0.700000,0.045001,false,,,,,,,,0.557989,false,0.000000,0,4,1.000000
1779158622.180734,2026-05-18T21:43:42,0.017999,SVJ,false,ACCELERATING,65535,1.000000,1.000000,1.000000,0.700000,0.045001,false,,,,,,,,0.575988,false,0.000000,0,4,1.000000
1779158622.198841,2026-05-18T21:43:42,0.018021,SVJ,false,ACCELERATING,65535,1.000000,1.000000,1.000000,0.700000,0.045001,false,,,,,,,,0.594009,false,0.000000,0,4,1.000000
1779158622.216749,2026-05-18T21:43:42,0.017986,SVJ,false,ACCELERATING,65535,1.000000,1.000000,1.000000,0.700000,0.045001,false,,,,,,,,0.611995,false,0.000000,0,4,1.000000
1779158622.234737,2026-05-18T21:43:42,0.017993,SVJ,false,ACCELERATING,65535,1.000000,1.000000,1.000000,0.700000,0.045001,false,,,,,,,,0.629988,false,0.000000,0,4,1.000000
1779158622.252748,2026-05-18T21:43:42,0.018016,SVJ,false,ACCELERATING,65535,1.000000,1.000000,1.000000,0.700000,0.045001,false,,,,,,,,0.648004,false,0.000000,0,4,1.000000
1779158622.270738,2026-05-18T21:43:42,0.017995,SVJ,false,ACCELERATING,65535,1.000000,1.000000,1.000000,0.700000,0.045001,false,,,,,,,,0.665998,false,0.000000,0,4,1.000000
1779158622.288738,2026-05-18T21:43:42,0.018004,SVJ,false,ACCELERATING,65535,1.000000,1.000000,1.000000,0.700000,0.045001,false,,,,,,,,0.684002,false,0.000000,0,4,1.000000
1779158622.306755,2026-05-18T21:43:42,0.017993,SVJ,false,ACCELERATING,65535,1.000000,1.000000,1.000000,0.700000,0.045001,false,,,,,,,,0.701995,false,0.000000,0,4,1.000000
1779158622.324902,2026-05-18T21:43:42,0.018018,SVJ,false,ACCELERATING,65535,1.000000,1.000000,1.000000,0.700000,0.045001,false,,,,,,,,0.720013,false,0.000000,0,4,1.000000
1779158622.342756,2026-05-18T21:43:42,0.017981,SVJ,false,ACCELERATING,65535,1.000000,1.000000,1.000000,0.700000,0.045001,false,,,,,,,,0.737993,false,0.000000,0,4,1.000000
1779158622.360738,2026-05-18T21:43:42,0.018001,SVJ,false,ACCELERATING,65535,1.000000,1.000000,1.000000,0.700000,0.045001,false,,,,,,,,0.755995,false,0.000000,0,4,1.000000
1779158622.378764,2026-05-18T21:43:42,0.018001,SVJ,false,ACCELERATING,65535,1.000000,1.000000,1.000000,0.700000,0.045001,false,,,,,,,,0.773995,false,0.000000,0,4,1.000000
1779158622.396727,2026-05-18T21:43:42,0.018001,SVJ,false,ACCELERATING,65535,1.000000,1.000000,1.000000,0.700000,0.045001,false,,,,,,,,0.791996,false,0.000000,0,4,1.000000
1779158622.414750,2026-05-18T21:43:42,0.018002,SVJ,false,ACCELERATING,65535,1.000000,1.000000,1.000000,0.700000,0.045001,false,,,,,,,,0.809998,false,0.000000,0,4,1.000000
1779158622.432776,2026-05-18T21:43:42,0.017997,SVJ,false,ACCELERATING,65535,1.000000,1.000000,1.000000,0.700000,0.045001,false,,,,,,,,0.827994,false,0.000000,0,4,1.000000
1779158622.450761,2026-05-18T21:43:42,0.018001,SVJ,false,ACCELERATING,65535,1.000000,1.000000,1.000000,0.700000,0.045001,false,,,,,,,,0.845995,false,0.000000,0,4,1.000000
1779158622.468742,2026-05-18T21:43:42,0.018001,SVJ,false,ACCELERATING,65535,1.000000,1.000000,1.000000,0.700000,0.045001,false,,,,,,,,0.863997,false,0.000000,0,4,1.000000
1779158622.486732,2026-05-18T21:43:42,0.017998,SVJ,false,ACCELERATING,65535,1.000000,1.000000,1.000000,0.700000,0.045001,false,,,,,,,,0.881994,false,0.000000,0,4,1.000000
1779158622.504750,2026-05-18T21:43:42,0.017993,SVJ,false,ACCELERATING,65535,1.000000,1.000000,1.000000,0.700000,0.045001,false,,,,,,,,0.899988,false,0.000000,0,4,1.000000
1779158622.522745,2026-05-18T21:43:42,0.018018,SVJ,false,ACCELERATING,65535,1.000000,1.000000,1.000000,0.700000,0.045001,false,,,,,,,,0.918006,false,0.000000,0,4,1.000000
1779158622.540743,2026-05-18T21:43:42,0.017991,SVJ,false,ACCELERATING,65535,1.000000,1.000000,1.000000,0.700000,0.045001,false,,,,,,,,0.935997,false,0.000000,0,4,1.000000
1779158622.558728,2026-05-18T21:43:42,0.017990,SVJ,false,ACCELERATING,65535,1.000000,1.000000,1.000000,0.700000,0.045001,false,,,,,,,,0.953987,false,0.000000,0,4,1.000000
1779158622.576819,2026-05-18T21:43:42,0.018004,SVJ,false,ACCELERATING,65535,1.000000,1.000000,1.000000,0.700000,0.045001,false,,,,,,,,0.971991,false,0.000000,0,4,1.000000
1779158622.594741,2026-05-18T21:43:42,0.018003,SVJ,false,ACCELERATING,65535,1.000000,1.000000,1.000000,0.700000,0.045001,false,,,,,,,,0.989994,false,0.000000,0,4,1.000000
1779158622.612769,2026-05-18T21:43:42,0.018006,SVJ,false,ACCELERATING,65535,1.000000,1.000000,1.000000,0.700000,0.045001,false,,,,,,,,1.008001,false,0.000000,0,4,1.000000
1779158622.630730,2026-05-18T21:43:42,0.017989,SVJ,false,ACCELERATING,65535,1.000000,1.000000,1.000000,0.700000,0.045001,false,,,,,,,,1.025989,false,0.000000,0,4,1.000000
1779158622.648735,2026-05-18T21:43:42,0.018006,SVJ,false,ACCELERATING,65535,1.000000,1.000000,1.000000,0.700000,0.045001,false,,,,,,,,1.043996,false,0.000000,0,4,1.000000
1779158622.666730,2026-05-18T21:43:42,0.017991,SVJ,false,ACCELERATING,65535,1.000000,1.000000,1.000000,0.700000,0.045001,false,,,,,,,,1.061987,false,0.000000,0,4,1.000000
1779158622.684802,2026-05-18T21:43:42,0.018001,SVJ,false,ACCELERATING,65535,1.000000,1.000000,1.000000,0.700000,0.045001,false,,,,,,,,1.079987,false,0.000000,0,4,1.000000
1779158622.702792,2026-05-18T21:43:42,0.018032,SVJ,false,ACCELERATING,65535,1.000000,1.000000,1.000000,0.700000,0.045001,false,,,,,,,,1.098019,false,0.000000,0,4,1.000000
1779158622.720750,2026-05-18T21:43:42,0.017973,SVJ,false,ACCELERATING,65535,1.000000,1.000000,1.000000,0.700000,0.045001,false,,,,,,,,1.115992,false,0.000000,0,4,1.000000
1779158622.738736,2026-05-18T21:43:42,0.017997,SVJ,false,ACCELERATING,65535,1.000000,1.000000,1.000000,0.700000,0.045001,false,,,,,,,,1.133989,false,0.000000,0,4,1.000000
1779158622.756746,2026-05-18T21:43:42,0.018009,SVJ,false,ACCELERATING,65535,1.000000,1.000000,1.000000,0.700000,0.045001,false,,,,,,,,1.151998,false,0.000000,0,4,1.000000
1779158622.774745,2026-05-18T21:43:42,0.017987,SVJ,false,ACCELERATING,65535,1.000000,1.000000,1.000000,0.700000,0.045001,false,,,,,,,,1.169985,false,0.000000,0,4,1.000000
1779158622.792747,2026-05-18T21:43:42,0.018002,SVJ,false,ACCELERATING,65535,1.000000,1.000000,1.000000,0.700000,0.045001,false,,,,,,,,1.187987,false,0.000000,0,4,1.000000
1779158622.810764,2026-05-18T21:43:42,0.018010,SVJ,false,ACCELERATING,65535,1.000000,1.000000,1.000000,0.700000,0.045001,false,,,,,,,,1.205997,false,0.000000,0,4,1.000000
1779158622.829887,2026-05-18T21:43:42,0.019131,SVJ,false,ACCELERATING,65535,1.000000,1.000000,1.000000,0.700000,0.045001,false,,,,,,,,1.225128,false,0.000000,0,4,1.000000
1779158622.847734,2026-05-18T21:43:42,0.017864,SVJ,false,ACCELERATING,65535,1.000000,1.000000,1.000000,0.700000,0.045001,false,,,,,,,,1.242992,false,0.000000,0,4,1.000000
1779158622.865741,2026-05-18T21:43:42,0.018004,SVJ,false,ACCELERATING,65535,1.000000,1.000000,1.000000,0.700000,0.045001,false,,,,,,,,1.260996,false,0.000000,0,4,1.000000
1779158622.883769,2026-05-18T21:43:42,0.018003,SVJ,false,ACCELERATING,65535,1.000000,1.000000,1.000000,0.700000,0.045001,false,,,,,,,,1.278998,false,0.000000,0,4,1.000000
1779158622.901735,2026-05-18T21:43:42,0.017988,SVJ,false,ACCELERATING,65535,1.000000,1.000000,1.000000,0.700000,0.045001,false,,,,,,,,1.296986,false,0.000000,0,4,1.000000
1779158622.919770,2026-05-18T21:43:42,0.018003,SVJ,false,ACCELERATING,65535,1.000000,1.000000,1.000000,0.700000,0.045001,false,,,,,,,,1.314989,false,0.000000,0,4,1.000000
1779158622.937742,2026-05-18T21:43:42,0.018005,SVJ,false,ACCELERATING,65535,1.000000,1.000000,1.000000,0.700000,0.045001,false,,,,,,,,1.332994,false,0.000000,0,4,1.000000
1779158622.955752,2026-05-18T21:43:42,0.017998,SVJ,false,ACCELERATING,65535,1.000000,1.000000,1.000000,0.700000,0.045001,false,,,,,,,,1.350992,false,0.000000,0,4,1.000000
1779158622.973784,2026-05-18T21:43:42,0.018016,SVJ,false,ACCELERATING,65535,1.000000,1.000000,1.000000,0.700000,0.045001,false,,,,,,,,1.369007,false,0.000000,0,4,1.000000
1779158622.991736,2026-05-18T21:43:42,0.017979,SVJ,false,ACCELERATING,65535,1.000000,1.000000,1.000000,0.700000,0.045001,false,,,,,,,,1.386986,false,0.000000,0,4,1.000000
1779158623.009770,2026-05-18T21:43:43,0.018013,SVJ,false,ACCELERATING,65535,1.000000,1.000000,1.000000,0.700000,0.045001,false,,,,,,,,1.404999,false,0.000000,0,4,1.000000
1779158623.027767,2026-05-18T21:43:43,0.017988,SVJ,false,ACCELERATING,65535,1.000000,1.000000,1.000000,0.700000,0.045001,false,,,,,,,,1.422987,false,0.000000,0,4,1.000000
1779158623.045735,2026-05-18T21:43:43,0.018000,SVJ,false,ACCELERATING,65535,1.000000,1.000000,1.000000,0.700000,0.045001,false,,,,,,,,1.440987,false,0.000000,0,4,1.000000
1779158623.063804,2026-05-18T21:43:43,0.017998,SVJ,false,ACCELERATING,65535,1.000000,1.000000,1.000000,0.700000,0.045001,false,,,,,,,,1.458985,false,0.000000,0,4,1.000000
1779158623.081751,2026-05-18T21:43:43,0.018010,SVJ,false,ACCELERATING,65535,1.000000,1.000000,1.000000,0.700000,0.045001,false,,,,,,,,1.476995,false,0.000000,0,4,1.000000
1779158623.099760,2026-05-18T21:43:43,0.018003,SVJ,false,ACCELERATING,65535,1.000000,1.000000,1.000000,0.700000,0.045001,false,,,,,,,,1.494997,false,0.000000,0,4,1.000000
1779158623.117767,2026-05-18T21:43:43,0.017994,SVJ,false,ACCELERATING,65535,1.000000,1.000000,1.000000,0.700000,0.045001,false,,,,,,,,1.512992,false,0.000000,0,4,1.000000
1779158623.135747,2026-05-18T21:43:43,0.017997,SVJ,false,ACCELERATING,65535,1.000000,1.000000,1.000000,0.700000,0.045001,false,,,,,,,,1.530989,false,0.000000,0,4,1.000000
1779158623.153749,2026-05-18T21:43:43,0.017999,SVJ,false,ACCELERATING,65535,1.000000,1.000000,1.000000,0.700000,0.045001,false,,,,,,,,1.548988,false,0.000000,0,4,1.000000
1779158623.171782,2026-05-18T21:43:43,0.018019,SVJ,false,ACCELERATING,65535,1.000000,1.000000,1.000000,0.700000,0.045001,false,,,,,,,,1.567007,false,0.000000,0,4,1.000000
1779158623.189767,2026-05-18T21:43:43,0.017995,SVJ,false,ACCELERATING,65535,1.000000,1.000000,1.000000,0.700000,0.045001,false,,,,,,,,1.585002,false,0.000000,0,4,1.000000
1779158623.207770,2026-05-18T21:43:43,0.017994,SVJ,false,ACCELERATING,65535,1.000000,1.000000,1.000000,0.700000,0.045001,false,,,,,,,,1.602996,false,0.000000,0,4,1.000000
1779158623.225789,2026-05-18T21:43:43,0.018006,SVJ,false,ACCELERATING,65535,1.000000,1.000000,1.000000,0.700000,0.045001,false,,,,,,,,1.621002,false,0.000000,0,4,1.000000
1779158623.243761,2026-05-18T21:43:43,0.017992,SVJ,false,ACCELERATING,65535,1.000000,1.000000,1.000000,0.700000,0.045001,false,,,,,,,,1.638994,false,0.000000,0,4,1.000000
1779158623.261764,2026-05-18T21:43:43,0.017998,SVJ,false,ACCELERATING,65535,1.000000,1.000000,1.000000,0.700000,0.045001,false,,,,,,,,1.656991,false,0.000000,0,4,1.000000
1779158623.279879,2026-05-18T21:43:43,0.018120,SVJ,false,ACCELERATING,65535,1.000000,1.000000,1.000000,0.700000,0.045001,false,,,,,,,,1.675111,false,0.000000,0,4,1.000000
1779158623.297766,2026-05-18T21:43:43,0.017884,SVJ,false,ACCELERATING,65535,1.000000,1.000000,1.000000,0.700000,0.045001,false,,,,,,,,1.692995,false,0.000000,0,4,1.000000
1779158623.315788,2026-05-18T21:43:43,0.018005,SVJ,false,ACCELERATING,65535,1.000000,1.000000,1.000000,0.700000,0.045001,false,,,,,,,,1.711000,false,0.000000,0,4,1.000000
1779158623.333771,2026-05-18T21:43:43,0.018000,SVJ,false,ACCELERATING,65535,1.000000,1.000000,1.000000,0.700000,0.045001,false,,,,,,,,1.729000,false,0.000000,0,4,1.000000
1779158623.351754,2026-05-18T21:43:43,0.017995,SVJ,false,ACCELERATING,65535,1.000000,1.000000,1.000000,0.700000,0.045001,false,,,,,,,,1.746995,false,0.000000,0,4,1.000000
1779158623.369772,2026-05-18T21:43:43,0.017990,SVJ,false,ACCELERATING,65535,1.000000,1.000000,1.000000,0.700000,0.045001,false,,,,,,,,1.764985,false,0.000000,0,4,1.000000
1779158623.387794,2026-05-18T21:43:43,0.018020,SVJ,false,ACCELERATING,65535,1.000000,1.000000,1.000000,0.700000,0.045001,false,,,,,,,,1.783005,false,0.000000,0,4,1.000000
1779158623.405789,2026-05-18T21:43:43,0.017984,SVJ,false,ACCELERATING,65535,1.000000,1.000000,1.000000,0.700000,0.045001,false,,,,,,,,1.800989,false,0.000000,0,4,1.000000
1779158623.423766,2026-05-18T21:43:43,0.018014,SVJ,false,ACCELERATING,65535,1.000000,1.000000,1.000000,0.700000,0.045001,false,,,,,,,,1.819002,false,0.000000,0,4,1.000000
1779158623.441855,2026-05-18T21:43:43,0.018001,SVJ,false,ACCELERATING,65535,1.000000,1.000000,1.000000,0.700000,0.045001,false,,,,,,,,1.837003,false,0.000000,0,4,1.000000
1779158623.459795,2026-05-18T21:43:43,0.017993,SVJ,false,ACCELERATING,65535,1.000000,1.000000,1.000000,0.700000,0.045001,false,,,,,,,,1.854996,false,0.000000,0,4,1.000000
1779158623.477781,2026-05-18T21:43:43,0.018011,SVJ,false,ACCELERATING,65535,1.000000,1.000000,1.000000,0.700000,0.045001,false,,,,,,,,1.873008,false,0.000000,0,4,1.000000
1779158623.495777,2026-05-18T21:43:43,0.017995,SVJ,false,ACCELERATING,65535,1.000000,1.000000,1.000000,0.700000,0.045001,false,,,,,,,,1.891003,false,0.000000,0,4,1.000000
1779158623.513783,2026-05-18T21:43:43,0.017989,SVJ,false,ACCELERATING,65535,1.000000,1.000000,1.000000,0.700000,0.045001,false,,,,,,,,1.908992,false,0.000000,0,4,1.000000
1779158623.531775,2026-05-18T21:43:43,0.018005,SVJ,false,ACCELERATING,65535,1.000000,1.000000,1.000000,0.700000,0.045001,false,,,,,,,,1.926997,false,0.000000,0,4,1.000000
1779158623.549773,2026-05-18T21:43:43,0.018000,SVJ,false,ACCELERATING,65535,1.000000,1.000000,1.000000,0.700000,0.045001,false,,,,,,,,1.944997,false,0.000000,0,4,1.000000
1779158623.567827,2026-05-18T21:43:43,0.017995,SVJ,false,ACCELERATING,65535,1.000000,1.000000,1.000000,0.700000,0.045001,false,,,,,,,,1.962992,false,0.000000,0,4,1.000000
1779158623.585810,2026-05-18T21:43:43,0.018016,SVJ,false,ACCELERATING,65535,1.000000,1.000000,1.000000,0.700000,0.045001,false,,,,,,,,1.981008,false,0.000000,0,4,1.000000
1779158623.603831,2026-05-18T21:43:43,0.017988,SVJ,false,ACCELERATING,65535,1.000000,1.000000,1.000000,0.700000,0.045001,false,,,,,,,,1.998996,false,0.000000,0,4,1.000000
1779158623.621799,2026-05-18T21:43:43,0.018006,SVJ,false,ACCELERATING,65535,1.000000,1.000000,1.000000,0.700000,0.045001,false,,,,,,,,2.017003,false,0.000000,0,4,1.000000
1779158623.639774,2026-05-18T21:43:43,0.017986,SVJ,false,ACCELERATING,65535,1.000000,1.000000,1.000000,0.700000,0.045001,false,,,,,,,,2.034988,false,0.000000,0,4,1.000000
1779158623.657780,2026-05-18T21:43:43,0.018015,SVJ,false,ACCELERATING,65535,1.000000,1.000000,1.000000,0.700000,0.045001,false,,,,,,,,2.053004,false,0.000000,0,4,1.000000
1779158623.675781,2026-05-18T21:43:43,0.017986,SVJ,false,ACCELERATING,65535,1.000000,1.000000,1.000000,0.700000,0.045001,false,,,,,,,,2.070989,false,0.000000,0,4,1.000000
1779158623.693796,2026-05-18T21:43:43,0.018020,SVJ,false,ACCELERATING,65535,1.000000,1.000000,1.000000,0.700000,0.045001,false,,,,,,,,2.089009,false,0.000000,0,4,1.000000
1779158623.711775,2026-05-18T21:43:43,0.017989,SVJ,false,ACCELERATING,65535,1.000000,1.000000,1.000000,0.700000,0.045001,false,,,,,,,,2.106998,false,0.000000,0,4,1.000000
1779158623.729775,2026-05-18T21:43:43,0.017993,SVJ,false,ACCELERATING,65535,1.000000,1.000000,1.000000,0.700000,0.045001,false,,,,,,,,2.124990,false,0.000000,0,4,1.000000
1779158623.747780,2026-05-18T21:43:43,0.018005,SVJ,false,ACCELERATING,65535,1.000000,1.000000,1.000000,0.700000,0.045001,false,,,,,,,,2.142996,false,0.000000,0,4,1.000000
1779158623.765776,2026-05-18T21:43:43,0.018000,SVJ,false,ACCELERATING,65535,1.000000,1.000000,1.000000,0.700000,0.045001,false,,,,,,,,2.160996,false,0.000000,0,4,1.000000
1779158623.783791,2026-05-18T21:43:43,0.018008,SVJ,false,ACCELERATING,65535,1.000000,1.000000,1.000000,0.700000,0.045001,false,,,,,,,,2.179004,false,0.000000,0,4,1.000000
1779158623.801811,2026-05-18T21:43:43,0.017993,SVJ,false,ACCELERATING,65535,1.000000,1.000000,1.000000,0.700000,0.045001,false,,,,,,,,2.196997,false,0.000000,0,4,1.000000
1779158623.819788,2026-05-18T21:43:43,0.017998,SVJ,false,ACCELERATING,65535,1.000000,1.000000,1.000000,0.700000,0.045001,false,,,,,,,,2.214995,false,0.000000,0,4,1.000000
1779158623.837799,2026-05-18T21:43:43,0.018008,SVJ,false,ACCELERATING,65535,1.000000,1.000000,1.000000,0.700000,0.045001,false,,,,,,,,2.233003,false,0.000000,0,4,1.000000
1779158623.855785,2026-05-18T21:43:43,0.017991,SVJ,false,ACCELERATING,65535,1.000000,1.000000,1.000000,0.700000,0.045001,false,,,,,,,,2.250993,false,0.000000,0,4,1.000000
1779158623.873791,2026-05-18T21:43:43,0.018003,SVJ,false,ACCELERATING,65535,1.000000,1.000000,1.000000,0.700000,0.045001,false,,,,,,,,2.268996,false,0.000000,0,4,1.000000
1779158623.891799,2026-05-18T21:43:43,0.018005,SVJ,false,ACCELERATING,65535,1.000000,1.000000,1.000000,0.700000,0.045001,false,,,,,,,,2.287001,false,0.000000,0,4,1.000000
1779158623.909813,2026-05-18T21:43:43,0.017990,SVJ,false,ACCELERATING,65535,1.000000,1.000000,1.000000,0.700000,0.045001,false,,,,,,,,2.304991,false,0.000000,0,4,1.000000
1779158623.927794,2026-05-18T21:43:43,0.018008,SVJ,false,ACCELERATING,65535,1.000000,1.000000,1.000000,0.700000,0.045001,false,,,,,,,,2.322999,false,0.000000,0,4,1.000000
1779158623.945843,2026-05-18T21:43:43,0.018048,SVJ,false,ACCELERATING,65535,1.000000,1.000000,1.000000,0.700000,0.045001,false,,,,,,,,2.341047,false,0.000000,0,4,1.000000
1779158623.963869,2026-05-18T21:43:43,0.017948,SVJ,false,ACCELERATING,65535,1.000000,1.000000,1.000000,0.700000,0.045001,false,,,,,,,,2.358995,false,0.000000,0,4,1.000000
1779158623.981816,2026-05-18T21:43:43,0.018015,SVJ,false,ACCELERATING,65535,1.000000,1.000000,1.000000,0.700000,0.045001,false,,,,,,,,2.377010,false,0.000000,0,4,1.000000
1779158623.999777,2026-05-18T21:43:43,0.017982,SVJ,false,ACCELERATING,65535,1.000000,1.000000,1.000000,0.700000,0.045001,false,,,,,,,,2.394992,false,0.000000,0,4,1.000000
1779158624.017838,2026-05-18T21:43:44,0.018000,SVJ,false,ACCELERATING,65535,1.000000,1.000000,1.000000,0.700000,0.045001,false,,,,,,,,2.412992,false,0.000000,0,4,1.000000
1779158624.035787,2026-05-18T21:43:44,0.017997,SVJ,false,ACCELERATING,65535,1.000000,1.000000,1.000000,0.700000,0.045001,false,,,,,,,,2.430990,false,0.000000,0,4,1.000000
1779158624.053787,2026-05-18T21:43:44,0.017998,SVJ,false,ACCELERATING,65535,1.000000,1.000000,1.000000,0.700000,0.045001,false,,,,,,,,2.448988,false,0.000000,0,4,1.000000
1779158624.071809,2026-05-18T21:43:44,0.018004,SVJ,false,ACCELERATING,65535,1.000000,1.000000,1.000000,0.700000,0.045001,false,,,,,,,,2.466992,false,0.000000,0,4,1.000000
1779158624.089895,2026-05-18T21:43:44,0.018006,SVJ,false,ACCELERATING,65535,1.000000,1.000000,1.000000,0.700000,0.045001,false,,,,,,,,2.484999,false,0.000000,0,4,1.000000
1779158624.107813,2026-05-18T21:43:44,0.017992,SVJ,false,ACCELERATING,65535,1.000000,1.000000,1.000000,0.700000,0.045001,false,,,,,,,,2.502991,false,0.000000,0,4,1.000000
1779158624.125884,2026-05-18T21:43:44,0.018013,SVJ,false,ACCELERATING,65535,1.000000,1.000000,1.000000,0.700000,0.045001,false,,,,,,,,2.521004,false,0.000000,0,4,1.000000
1779158624.143809,2026-05-18T21:43:44,0.017992,SVJ,false,ACCELERATING,65535,1.000000,1.000000,1.000000,0.700000,0.045001,false,,,,,,,,2.538996,false,0.000000,0,4,1.000000
1779158624.161803,2026-05-18T21:43:44,0.018008,SVJ,false,ACCELERATING,65535,1.000000,1.000000,1.000000,0.700000,0.045001,false,,,,,,,,2.557003,false,0.000000,0,4,1.000000
1779158624.180018,2026-05-18T21:43:44,0.017991,SVJ,false,ACCELERATING,65535,1.000000,1.000000,1.000000,0.700000,0.045001,false,,,,,,,,2.574994,false,0.000000,0,4,1.000000
1779158624.197836,2026-05-18T21:43:44,0.018042,SVJ,false,ACCELERATING,65535,1.000000,1.000000,1.000000,0.700000,0.045001,false,,,,,,,,2.574994,false,0.000000,0,4,1.000000
1779158624.215792,2026-05-18T21:43:44,0.017953,SVJ,false,ACCELERATING,65535,1.000000,1.000000,1.000000,0.700000,0.045001,false,,,,,,,,2.574994,false,0.000000,0,4,1.000000
1779158624.233922,2026-05-18T21:43:44,0.018009,SVJ,false,ACCELERATING,65535,1.000000,1.000000,1.000000,0.700000,0.045001,false,,,,,,,,2.574994,false,0.000000,0,4,1.000000
1779158624.251882,2026-05-18T21:43:44,0.018032,SVJ,false,ACCELERATING,65535,1.000000,1.000000,1.000000,0.700000,0.045001,false,,,,,,,,2.574994,false,0.000000,0,4,1.000000
1779158624.269866,2026-05-18T21:43:44,0.017968,SVJ,false,ACCELERATING,65535,1.000000,1.000000,1.000000,0.700000,0.045001,false,,,,,,,,2.574994,false,0.000000,0,4,1.000000
1779158624.287803,2026-05-18T21:43:44,0.017995,SVJ,false,ACCELERATING,65535,1.000000,1.000000,1.000000,0.700000,0.045001,false,,,,,,,,2.574994,false,0.000000,0,4,1.000000
1779158624.305796,2026-05-18T21:43:44,0.017999,SVJ,false,ACCELERATING,65535,1.000000,1.000000,1.000000,0.700000,0.045001,false,,,,,,,,2.574994,false,0.000000,0,4,1.000000
1779158624.323790,2026-05-18T21:43:44,0.017998,SVJ,false,ACCELERATING,65535,1.000000,1.000000,1.000000,0.700000,0.045001,false,,,,,,,,2.574994,false,0.000000,0,4,1.000000
1779158624.341802,2026-05-18T21:43:44,0.018013,SVJ,false,ACCELERATING,65535,1.000000,1.000000,1.000000,0.700000,0.045001,false,,,,,,,,2.574994,false,0.000000,0,4,1.000000
1779158624.359986,2026-05-18T21:43:44,0.018003,SVJ,false,ACCELERATING,65535,1.000000,1.000000,1.000000,0.700000,0.045001,false,,,,,,,,2.574994,false,0.000000,0,4,1.000000
1779158624.377841,2026-05-18T21:43:44,0.017996,SVJ,false,ACCELERATING,65535,1.000000,1.000000,1.000000,0.700000,0.045001,false,,,,,,,,0.017996,false,0.000000,0,5,1.000000
1779158624.395844,2026-05-18T21:43:44,0.018015,SVJ,false,ACCELERATING,65535,1.000000,1.000000,1.000000,0.700000,0.045001,false,,,,,,,,0.036011,false,0.000000,0,5,1.000000
1779158624.413785,2026-05-18T21:43:44,0.017978,SVJ,false,ACCELERATING,65535,1.000000,1.000000,1.000000,0.700000,0.045001,false,,,,,,,,0.053989,false,0.000000,0,5,1.000000
1779158624.431799,2026-05-18T21:43:44,0.017999,SVJ,false,ACCELERATING,65535,1.000000,1.000000,1.000000,0.700000,0.045001,false,,,,,,,,0.071988,false,0.000000,0,5,1.000000
1779158624.449813,2026-05-18T21:43:44,0.018000,SVJ,false,ACCELERATING,65535,1.000000,1.000000,1.000000,0.700000,0.045001,false,,,,,,,,0.089988,false,0.000000,0,5,1.000000
1779158624.467812,2026-05-18T21:43:44,0.018003,SVJ,false,ACCELERATING,65535,1.000000,1.000000,1.000000,0.700000,0.045001,false,,,,,,,,0.107991,false,0.000000,0,5,1.000000
1779158624.485828,2026-05-18T21:43:44,0.018000,SVJ,false,ACCELERATING,65535,1.000000,1.000000,1.000000,0.700000,0.045001,false,,,,,,,,0.125991,false,0.000000,0,5,1.000000
1779158624.503807,2026-05-18T21:43:44,0.018010,SVJ,false,ACCELERATING,65535,1.000000,1.000000,1.000000,0.700000,0.045001,false,,,,,,,,0.144001,false,0.000000,0,5,1.000000
1779158624.521798,2026-05-18T21:43:44,0.017990,SVJ,false,ACCELERATING,65535,1.000000,1.000000,1.000000,0.700000,0.045001,false,,,,,,,,0.161991,false,0.000000,0,5,1.000000
1779158624.539872,2026-05-18T21:43:44,0.018019,SVJ,false,ACCELERATING,65535,1.000000,1.000000,1.000000,0.700000,0.045001,false,,,,,,,,0.180010,false,0.000000,0,5,1.000000
1779158624.557805,2026-05-18T21:43:44,0.017973,SVJ,false,ACCELERATING,65535,1.000000,1.000000,1.000000,0.700000,0.045001,false,,,,,,,,0.197983,false,0.000000,0,5,1.000000
1779158624.575815,2026-05-18T21:43:44,0.018016,SVJ,false,ACCELERATING,65535,1.000000,1.000000,1.000000,0.700000,0.045001,false,,,,,,,,0.215999,false,0.000000,0,5,1.000000
1779158624.593796,2026-05-18T21:43:44,0.017992,SVJ,false,ACCELERATING,65535,1.000000,1.000000,1.000000,0.700000,0.045001,false,,,,,,,,0.233991,false,0.000000,0,5,1.000000
1779158624.611886,2026-05-18T21:43:44,0.017997,SVJ,false,ACCELERATING,65535,1.000000,1.000000,1.000000,0.700000,0.045001,false,,,,,,,,0.251988,false,0.000000,0,5,1.000000
1779158624.629788,2026-05-18T21:43:44,0.018000,SVJ,false,ACCELERATING,65535,1.000000,1.000000,1.000000,0.700000,0.045001,false,,,,,,,,0.269988,false,0.000000,0,5,1.000000
1779158624.647822,2026-05-18T21:43:44,0.018007,SVJ,false,ACCELERATING,65535,1.000000,1.000000,1.000000,0.700000,0.045001,false,,,,,,,,0.287995,false,0.000000,0,5,1.000000
1779158624.665825,2026-05-18T21:43:44,0.017994,SVJ,false,ACCELERATING,65535,1.000000,1.000000,1.000000,0.700000,0.045001,false,,,,,,,,0.305989,false,0.000000,0,5,1.000000
1779158624.683812,2026-05-18T21:43:44,0.018004,SVJ,false,ACCELERATING,65535,1.000000,1.000000,1.000000,0.700000,0.045001,false,,,,,,,,0.323994,false,0.000000,0,5,1.000000
1779158624.701828,2026-05-18T21:43:44,0.018000,SVJ,false,ACCELERATING,65535,1.000000,1.000000,1.000000,0.700000,0.045001,false,,,,,,,,0.341994,false,0.000000,0,5,1.000000
1779158624.719790,2026-05-18T21:43:44,0.017990,SVJ,false,ACCELERATING,65535,1.000000,1.000000,1.000000,0.700000,0.045001,false,,,,,,,,0.359984,false,0.000000,0,5,1.000000
1779158624.737832,2026-05-18T21:43:44,0.018004,SVJ,false,ACCELERATING,65535,1.000000,1.000000,1.000000,0.700000,0.045001,false,,,,,,,,0.377988,false,0.000000,0,5,1.000000
1779158624.755833,2026-05-18T21:43:44,0.018018,SVJ,false,ACCELERATING,65535,1.000000,1.000000,1.000000,0.700000,0.045001,false,,,,,,,,0.396006,false,0.000000,0,5,1.000000
1779158624.773813,2026-05-18T21:43:44,0.017989,SVJ,false,ACCELERATING,65535,1.000000,1.000000,1.000000,0.700000,0.045001,false,,,,,,,,0.413995,false,0.000000,0,5,1.000000
1779158624.791814,2026-05-18T21:43:44,0.018002,SVJ,false,ACCELERATING,65535,1.000000,1.000000,1.000000,0.700000,0.045001,false,,,,,,,,0.431997,false,0.000000,0,5,1.000000
1779158624.809816,2026-05-18T21:43:44,0.017992,SVJ,false,ACCELERATING,65535,1.000000,1.000000,1.000000,0.700000,0.045001,false,,,,,,,,0.449989,false,0.000000,0,5,1.000000
1779158624.827865,2026-05-18T21:43:44,0.018032,SVJ,false,ACCELERATING,65535,1.000000,1.000000,1.000000,0.700000,0.045001,false,,,,,,,,0.468021,false,0.000000,0,5,1.000000
1779158624.845806,2026-05-18T21:43:44,0.017974,SVJ,false,ACCELERATING,65535,1.000000,1.000000,1.000000,0.700000,0.045001,false,,,,,,,,0.485995,false,0.000000,0,5,1.000000
1779158624.863893,2026-05-18T21:43:44,0.018038,SVJ,false,ACCELERATING,65535,1.000000,1.000000,1.000000,0.700000,0.045001,false,,,,,,,,0.504033,false,0.000000,0,5,1.000000
1779158624.881849,2026-05-18T21:43:44,0.017957,SVJ,false,ACCELERATING,65535,1.000000,1.000000,1.000000,0.700000,0.045001,false,,,,,,,,0.521990,false,0.000000,0,5,1.000000
1779158624.899822,2026-05-18T21:43:44,0.018003,SVJ,false,ACCELERATING,65535,1.000000,1.000000,1.000000,0.700000,0.045001,false,,,,,,,,0.539993,false,0.000000,0,5,1.000000
1779158624.917807,2026-05-18T21:43:44,0.017998,SVJ,false,ACCELERATING,65535,1.000000,1.000000,1.000000,0.700000,0.045001,false,,,,,,,,0.557991,false,0.000000,0,5,1.000000
1779158624.935816,2026-05-18T21:43:44,0.017997,SVJ,false,ACCELERATING,65535,1.000000,1.000000,1.000000,0.700000,0.045001,false,,,,,,,,0.575989,false,0.000000,0,5,1.000000
1779158624.953852,2026-05-18T21:43:44,0.018035,SVJ,false,ACCELERATING,65535,1.000000,1.000000,1.000000,0.700000,0.045001,false,,,,,,,,0.594023,false,0.000000,0,5,1.000000
1779158624.971805,2026-05-18T21:43:44,0.017964,SVJ,false,ACCELERATING,65535,1.000000,1.000000,1.000000,0.700000,0.045001,false,,,,,,,,0.611987,false,0.000000,0,5,1.000000
1779158624.989931,2026-05-18T21:43:44,0.018006,SVJ,false,ACCELERATING,65535,1.000000,1.000000,1.000000,0.700000,0.045001,false,,,,,,,,0.629993,false,0.000000,0,5,1.000000
1779158625.007812,2026-05-18T21:43:45,0.017999,SVJ,false,ACCELERATING,65535,1.000000,1.000000,1.000000,0.700000,0.045001,false,,,,,,,,0.647992,false,0.000000,0,5,1.000000
1779158625.025805,2026-05-18T21:43:45,0.017988,SVJ,false,ACCELERATING,65535,1.000000,1.000000,1.000000,0.700000,0.045001,false,,,,,,,,0.665981,false,0.000000,0,5,1.000000
1779158625.043824,2026-05-18T21:43:45,0.018005,SVJ,false,ACCELERATING,65535,1.000000,1.000000,1.000000,0.700000,0.045001,false,,,,,,,,0.683986,false,0.000000,0,5,1.000000
1779158625.061841,2026-05-18T21:43:45,0.018002,SVJ,false,ACCELERATING,65535,1.000000,1.000000,1.000000,0.700000,0.045001,false,,,,,,,,0.701988,false,0.000000,0,5,1.000000
1779158625.079803,2026-05-18T21:43:45,0.017999,SVJ,false,ACCELERATING,65535,1.000000,1.000000,1.000000,0.700000,0.045001,false,,,,,,,,0.719987,false,0.000000,0,5,1.000000
1779158625.097804,2026-05-18T21:43:45,0.017995,SVJ,false,ACCELERATING,65535,1.000000,1.000000,1.000000,0.700000,0.045001,false,,,,,,,,0.737983,false,0.000000,0,5,1.000000
1779158625.115814,2026-05-18T21:43:45,0.018001,SVJ,false,ACCELERATING,65535,1.000000,1.000000,1.000000,0.700000,0.045001,false,,,,,,,,0.755984,false,0.000000,0,5,1.000000
1779158625.133825,2026-05-18T21:43:45,0.018009,SVJ,false,ACCELERATING,65535,1.000000,1.000000,1.000000,0.700000,0.045001,false,,,,,,,,0.773993,false,0.000000,0,5,1.000000
1779158625.151819,2026-05-18T21:43:45,0.017991,SVJ,false,ACCELERATING,65535,1.000000,1.000000,1.000000,0.700000,0.045001,false,,,,,,,,0.791985,false,0.000000,0,5,1.000000
1779158625.169848,2026-05-18T21:43:45,0.018032,SVJ,false,ACCELERATING,65535,1.000000,1.000000,1.000000,0.700000,0.045001,false,,,,,,,,0.810016,false,0.000000,0,5,1.000000
1779158625.187831,2026-05-18T21:43:45,0.017989,SVJ,false,ACCELERATING,65535,1.000000,1.000000,1.000000,0.700000,0.045001,false,,,,,,,,0.828006,false,0.000000,0,5,1.000000
1779158625.205817,2026-05-18T21:43:45,0.017990,SVJ,false,ACCELERATING,65535,1.000000,1.000000,1.000000,0.700000,0.045001,false,,,,,,,,0.845995,false,0.000000,0,5,1.000000
1779158625.223872,2026-05-18T21:43:45,0.018001,SVJ,false,ACCELERATING,65535,1.000000,1.000000,1.000000,0.700000,0.045001,false,,,,,,,,0.863997,false,0.000000,0,5,1.000000
1779158625.241826,2026-05-18T21:43:45,0.018000,SVJ,false,ACCELERATING,65535,1.000000,1.000000,1.000000,0.700000,0.045001,false,,,,,,,,0.881997,false,0.000000,0,5,1.000000
1779158625.259839,2026-05-18T21:43:45,0.017994,SVJ,false,ACCELERATING,65535,1.000000,1.000000,1.000000,0.700000,0.045001,false,,,,,,,,0.899991,false,0.000000,0,5,1.000000
1779158625.277844,2026-05-18T21:43:45,0.017998,SVJ,false,ACCELERATING,65535,1.000000,1.000000,1.000000,0.700000,0.045001,false,,,,,,,,0.917989,false,0.000000,0,5,1.000000
1779158625.295814,2026-05-18T21:43:45,0.017993,SVJ,false,ACCELERATING,65535,1.000000,1.000000,1.000000,0.700000,0.045001,false,,,,,,,,0.935982,false,0.000000,0,5,1.000000
1779158625.313838,2026-05-18T21:43:45,0.018004,SVJ,false,ACCELERATING,65535,1.000000,1.000000,1.000000,0.700000,0.045001,false,,,,,,,,0.953986,false,0.000000,0,5,1.000000
1779158625.331824,2026-05-18T21:43:45,0.018015,SVJ,false,ACCELERATING,65535,1.000000,1.000000,1.000000,0.700000,0.045001,false,,,,,,,,0.972000,false,0.000000,0,5,1.000000
1779158625.350549,2026-05-18T21:43:45,0.017983,SVJ,false,ACCELERATING,65535,1.000000,1.000000,1.000000,0.700000,0.045001,false,,,,,,,,0.989983,false,0.000000,0,5,1.000000
1779158625.366843,2026-05-18T21:43:45,0.016999,SVJ,false,ACCELERATING,65535,1.000000,1.000000,1.000000,0.700000,0.045001,false,,,,,,,,1.006982,false,0.000000,0,5,1.000000
1779158625.384862,2026-05-18T21:43:45,0.018005,SVJ,false,ACCELERATING,65535,1.000000,1.000000,1.000000,0.700000,0.045001,false,,,,,,,,1.024987,false,0.000000,0,5,1.000000
1779158625.402840,2026-05-18T21:43:45,0.018006,SVJ,false,ACCELERATING,65535,1.000000,1.000000,1.000000,0.700000,0.045001,false,,,,,,,,1.042993,false,0.000000,0,5,1.000000
1779158625.420818,2026-05-18T21:43:45,0.017989,SVJ,false,ACCELERATING,65535,1.000000,1.000000,1.000000,0.700000,0.045001,false,,,,,,,,1.060982,false,0.000000,0,5,1.000000
1779158625.438832,2026-05-18T21:43:45,0.017998,SVJ,false,ACCELERATING,65535,1.000000,1.000000,1.000000,0.700000,0.045001,false,,,,,,,,1.078980,false,0.000000,0,5,1.000000
1779158625.456851,2026-05-18T21:43:45,0.018013,SVJ,false,ACCELERATING,65535,1.000000,1.000000,1.000000,0.700000,0.045001,false,,,,,,,,1.096994,false,0.000000,0,5,1.000000
1779158625.474845,2026-05-18T21:43:45,0.018009,SVJ,false,ACCELERATING,65535,1.000000,1.000000,1.000000,0.700000,0.045001,false,,,,,,,,1.115002,false,0.000000,0,5,1.000000
1779158625.492874,2026-05-18T21:43:45,0.017977,SVJ,false,ACCELERATING,65535,1.000000,1.000000,1.000000,0.700000,0.045001,false,,,,,,,,1.132980,false,0.000000,0,5,1.000000
1779158625.510825,2026-05-18T21:43:45,0.018007,SVJ,false,ACCELERATING,65535,1.000000,1.000000,1.000000,0.700000,0.045001,false,,,,,,,,1.150986,false,0.000000,0,5,1.000000
1779158625.528823,2026-05-18T21:43:45,0.018003,SVJ,false,ACCELERATING,65535,1.000000,1.000000,1.000000,0.700000,0.045001,false,,,,,,,,1.168989,false,0.000000,0,5,1.000000
1779158625.546820,2026-05-18T21:43:45,0.018000,SVJ,false,ACCELERATING,65535,1.000000,1.000000,1.000000,0.700000,0.045001,false,,,,,,,,1.186989,false,0.000000,0,5,1.000000
1779158625.564849,2026-05-18T21:43:45,0.017996,SVJ,false,ACCELERATING,65535,1.000000,1.000000,1.000000,0.700000,0.045001,false,,,,,,,,1.204985,false,0.000000,0,5,1.000000
1779158625.582824,2026-05-18T21:43:45,0.017996,SVJ,false,ACCELERATING,65535,1.000000,1.000000,1.000000,0.700000,0.045001,false,,,,,,,,1.222981,false,0.000000,0,5,1.000000
1779158625.600834,2026-05-18T21:43:45,0.018001,SVJ,false,ACCELERATING,65535,1.000000,1.000000,1.000000,0.700000,0.045001,false,,,,,,,,1.240981,false,0.000000,0,5,1.000000
1779158625.618860,2026-05-18T21:43:45,0.018026,SVJ,false,ACCELERATING,65535,1.000000,1.000000,1.000000,0.700000,0.045001,false,,,,,,,,1.259007,false,0.000000,0,5,1.000000
1779158625.636828,2026-05-18T21:43:45,0.017984,SVJ,false,ACCELERATING,65535,1.000000,1.000000,1.000000,0.700000,0.045001,false,,,,,,,,1.276991,false,0.000000,0,5,1.000000
1779158625.654874,2026-05-18T21:43:45,0.018017,SVJ,false,ACCELERATING,65535,1.000000,1.000000,1.000000,0.700000,0.045001,false,,,,,,,,1.295009,false,0.000000,0,5,1.000000
1779158625.672839,2026-05-18T21:43:45,0.017989,SVJ,false,ACCELERATING,65535,1.000000,1.000000,1.000000,0.700000,0.045001,false,,,,,,,,1.312998,false,0.000000,0,5,1.000000
1779158625.690832,2026-05-18T21:43:45,0.017996,SVJ,false,ACCELERATING,65535,1.000000,1.000000,1.000000,0.700000,0.045001,false,,,,,,,,1.330994,false,0.000000,0,5,1.000000
1779158625.708814,2026-05-18T21:43:45,0.017987,SVJ,false,ACCELERATING,65535,1.000000,1.000000,1.000000,0.700000,0.045001,false,,,,,,,,1.348980,false,0.000000,0,5,1.000000
1779158625.726898,2026-05-18T21:43:45,0.018010,SVJ,false,ACCELERATING,65535,1.000000,1.000000,1.000000,0.700000,0.045001,false,,,,,,,,1.366991,false,0.000000,0,5,1.000000
1779158625.744846,2026-05-18T21:43:45,0.017995,SVJ,false,ACCELERATING,65535,1.000000,1.000000,1.000000,0.700000,0.045001,false,,,,,,,,1.384985,false,0.000000,0,5,1.000000
1779158625.762830,2026-05-18T21:43:45,0.017997,SVJ,false,ACCELERATING,65535,1.000000,1.000000,1.000000,0.700000,0.045001,false,,,,,,,,1.402983,false,0.000000,0,5,1.000000
1779158625.780826,2026-05-18T21:43:45,0.017999,SVJ,false,ACCELERATING,65535,1.000000,1.000000,1.000000,0.700000,0.045001,false,,,,,,,,1.420982,false,0.000000,0,5,1.000000
1779158625.798829,2026-05-18T21:43:45,0.018016,SVJ,false,ACCELERATING,65535,1.000000,1.000000,1.000000,0.700000,0.045001,false,,,,,,,,1.438998,false,0.000000,0,5,1.000000
1779158625.816844,2026-05-18T21:43:45,0.017996,SVJ,false,ACCELERATING,65535,1.000000,1.000000,1.000000,0.700000,0.045001,false,,,,,,,,1.456994,false,0.000000,0,5,1.000000
1779158625.834982,2026-05-18T21:43:45,0.018013,SVJ,false,ACCELERATING,65535,1.000000,1.000000,1.000000,0.700000,0.045001,false,,,,,,,,1.475007,false,0.000000,0,5,1.000000
1779158625.852856,2026-05-18T21:43:45,0.018004,SVJ,false,ACCELERATING,65535,1.000000,1.000000,1.000000,0.700000,0.045001,false,,,,,,,,1.493011,false,0.000000,0,5,1.000000
1779158625.870829,2026-05-18T21:43:45,0.017976,SVJ,false,ACCELERATING,65535,1.000000,1.000000,1.000000,0.700000,0.045001,false,,,,,,,,1.510987,false,0.000000,0,5,1.000000
1779158625.888879,2026-05-18T21:43:45,0.017994,SVJ,false,ACCELERATING,65535,1.000000,1.000000,1.000000,0.700000,0.045001,false,,,,,,,,1.528981,false,0.000000,0,5,1.000000
1779158625.906848,2026-05-18T21:43:45,0.018005,SVJ,false,ACCELERATING,65535,1.000000,1.000000,1.000000,0.700000,0.045001,false,,,,,,,,1.546986,false,0.000000,0,5,1.000000
1779158625.924827,2026-05-18T21:43:45,0.017996,SVJ,false,ACCELERATING,65535,1.000000,1.000000,1.000000,0.700000,0.045001,false,,,,,,,,1.564982,false,0.000000,0,5,1.000000
1779158625.942875,2026-05-18T21:43:45,0.018002,SVJ,false,ACCELERATING,65535,1.000000,1.000000,1.000000,0.700000,0.045001,false,,,,,,,,1.582984,false,0.000000,0,5,1.000000
1779158625.960838,2026-05-18T21:43:45,0.018001,SVJ,false,ACCELERATING,65535,1.000000,1.000000,1.000000,0.700000,0.045001,false,,,,,,,,1.600985,false,0.000000,0,5,1.000000
1779158625.978848,2026-05-18T21:43:45,0.017995,SVJ,false,ACCELERATING,65535,1.000000,1.000000,1.000000,0.700000,0.045001,false,,,,,,,,1.618979,false,0.000000,0,5,1.000000
1779158625.996830,2026-05-18T21:43:45,0.018012,SVJ,false,ACCELERATING,65535,1.000000,1.000000,1.000000,0.700000,0.045001,false,,,,,,,,1.636992,false,0.000000,0,5,1.000000
1779158626.014852,2026-05-18T21:43:46,0.018001,SVJ,false,ACCELERATING,65535,1.000000,1.000000,1.000000,0.700000,0.045001,false,,,,,,,,1.654993,false,0.000000,0,5,1.000000
1779158626.032862,2026-05-18T21:43:46,0.017996,SVJ,false,ACCELERATING,65535,1.000000,1.000000,1.000000,0.700000,0.045001,false,,,,,,,,1.672989,false,0.000000,0,5,1.000000
1779158626.050840,2026-05-18T21:43:46,0.017998,SVJ,false,ACCELERATING,65535,1.000000,1.000000,1.000000,0.700000,0.045001,false,,,,,,,,1.690987,false,0.000000,0,5,1.000000
1779158626.068826,2026-05-18T21:43:46,0.018002,SVJ,false,ACCELERATING,65535,1.000000,1.000000,1.000000,0.700000,0.045001,false,,,,,,,,1.708988,false,0.000000,0,5,1.000000
1779158626.086828,2026-05-18T21:43:46,0.017998,SVJ,false,ACCELERATING,65535,1.000000,1.000000,1.000000,0.700000,0.045001,false,,,,,,,,1.726987,false,0.000000,0,5,1.000000
1779158626.104839,2026-05-18T21:43:46,0.018004,SVJ,false,ACCELERATING,65535,1.000000,1.000000,1.000000,0.700000,0.045001,false,,,,,,,,1.744990,false,0.000000,0,5,1.000000
1779158626.122868,2026-05-18T21:43:46,0.018008,SVJ,false,ACCELERATING,65535,1.000000,1.000000,1.000000,0.700000,0.045001,false,,,,,,,,1.762998,false,0.000000,0,5,1.000000
1779158626.140869,2026-05-18T21:43:46,0.018013,SVJ,false,ACCELERATING,65535,1.000000,1.000000,1.000000,0.700000,0.045001,false,,,,,,,,1.781011,false,0.000000,0,5,1.000000
1779158626.158842,2026-05-18T21:43:46,0.017974,SVJ,false,ACCELERATING,65535,1.000000,1.000000,1.000000,0.700000,0.045001,false,,,,,,,,1.798985,false,0.000000,0,5,1.000000
1779158626.176903,2026-05-18T21:43:46,0.018002,SVJ,false,ACCELERATING,65535,1.000000,1.000000,1.000000,0.700000,0.045001,false,,,,,,,,1.816988,false,0.000000,0,5,1.000000
1779158626.194844,2026-05-18T21:43:46,0.018003,SVJ,false,ACCELERATING,65535,1.000000,1.000000,1.000000,0.700000,0.045001,false,,,,,,,,1.834991,false,0.000000,0,5,1.000000
1779158626.212852,2026-05-18T21:43:46,0.018000,SVJ,false,ACCELERATING,65535,1.000000,1.000000,1.000000,0.700000,0.045001,false,,,,,,,,1.852991,false,0.000000,0,5,1.000000
1779158626.230842,2026-05-18T21:43:46,0.018001,SVJ,false,ACCELERATING,65535,1.000000,1.000000,1.000000,0.700000,0.045001,false,,,,,,,,1.870992,false,0.000000,0,5,1.000000
1779158626.248826,2026-05-18T21:43:46,0.017990,SVJ,false,ACCELERATING,65535,1.000000,1.000000,1.000000,0.700000,0.045001,false,,,,,,,,1.888982,false,0.000000,0,5,1.000000
1779158626.266858,2026-05-18T21:43:46,0.018002,SVJ,false,ACCELERATING,65535,1.000000,1.000000,1.000000,0.700000,0.045001,false,,,,,,,,1.906983,false,0.000000,0,5,1.000000
1779158626.284860,2026-05-18T21:43:46,0.018007,SVJ,false,ACCELERATING,65535,1.000000,1.000000,1.000000,0.700000,0.045001,false,,,,,,,,1.924990,false,0.000000,0,5,1.000000
1779158626.302862,2026-05-18T21:43:46,0.017992,SVJ,false,ACCELERATING,65535,1.000000,1.000000,1.000000,0.700000,0.045001,false,,,,,,,,1.942982,false,0.000000,0,5,1.000000
1779158626.320893,2026-05-18T21:43:46,0.018049,SVJ,false,ACCELERATING,65535,1.000000,1.000000,1.000000,0.700000,0.045001,false,,,,,,,,1.961032,false,0.000000,0,5,1.000000
1779158626.338833,2026-05-18T21:43:46,0.017947,SVJ,false,ACCELERATING,65535,1.000000,1.000000,1.000000,0.700000,0.045001,false,,,,,,,,1.978979,false,0.000000,0,5,1.000000
1779158626.356862,2026-05-18T21:43:46,0.018001,SVJ,false,ACCELERATING,65535,1.000000,1.000000,1.000000,0.700000,0.045001,false,,,,,,,,1.996981,false,0.000000,0,5,1.000000
1779158626.374833,2026-05-18T21:43:46,0.018000,SVJ,false,ACCELERATING,65535,1.000000,1.000000,1.000000,0.700000,0.045001,false,,,,,,,,2.014981,false,0.000000,0,5,1.000000
1779158626.392848,2026-05-18T21:43:46,0.018004,SVJ,false,ACCELERATING,65535,1.000000,1.000000,1.000000,0.700000,0.045001,false,,,,,,,,2.032985,false,0.000000,0,5,1.000000
1779158626.410854,2026-05-18T21:43:46,0.018008,SVJ,false,ACCELERATING,65535,1.000000,1.000000,1.000000,0.700000,0.045001,false,,,,,,,,2.050993,false,0.000000,0,5,1.000000
1779158626.428891,2026-05-18T21:43:46,0.017999,SVJ,false,ACCELERATING,65535,1.000000,1.000000,1.000000,0.700000,0.045001,false,,,,,,,,2.068992,false,0.000000,0,5,1.000000
1779158626.446884,2026-05-18T21:43:46,0.017995,SVJ,false,ACCELERATING,65535,1.000000,1.000000,1.000000,0.700000,0.045001,false,,,,,,,,2.086987,false,0.000000,0,5,1.000000
1779158626.464856,2026-05-18T21:43:46,0.018003,SVJ,false,ACCELERATING,65535,1.000000,1.000000,1.000000,0.700000,0.045001,false,,,,,,,,2.104990,false,0.000000,0,5,1.000000
1779158626.482852,2026-05-18T21:43:46,0.017997,SVJ,false,ACCELERATING,65535,1.000000,1.000000,1.000000,0.700000,0.045001,false,,,,,,,,2.122988,false,0.000000,0,5,1.000000
1779158626.500855,2026-05-18T21:43:46,0.017994,SVJ,false,ACCELERATING,65535,1.000000,1.000000,1.000000,0.700000,0.045001,false,,,,,,,,2.140982,false,0.000000,0,5,1.000000
1779158626.518840,2026-05-18T21:43:46,0.018000,SVJ,false,ACCELERATING,65535,1.000000,1.000000,1.000000,0.700000,0.045001,false,,,,,,,,2.158982,false,0.000000,0,5,1.000000
1779158626.536834,2026-05-18T21:43:46,0.018000,SVJ,false,ACCELERATING,65535,1.000000,1.000000,1.000000,0.700000,0.045001,false,,,,,,,,2.176982,false,0.000000,0,5,1.000000
1779158626.554905,2026-05-18T21:43:46,0.018018,SVJ,false,ACCELERATING,65535,1.000000,1.000000,1.000000,0.700000,0.045001,false,,,,,,,,2.194999,false,0.000000,0,5,1.000000
1779158626.572886,2026-05-18T21:43:46,0.017986,SVJ,false,ACCELERATING,65535,1.000000,1.000000,1.000000,0.700000,0.045001,false,,,,,,,,2.212986,false,0.000000,0,5,1.000000
1779158626.590846,2026-05-18T21:43:46,0.017996,SVJ,false,ACCELERATING,65535,1.000000,1.000000,1.000000,0.700000,0.045001,false,,,,,,,,2.230981,false,0.000000,0,5,1.000000
1779158626.608859,2026-05-18T21:43:46,0.018005,SVJ,false,ACCELERATING,65535,1.000000,1.000000,1.000000,0.700000,0.045001,false,,,,,,,,2.248987,false,0.000000,0,5,1.000000
1779158626.626871,2026-05-18T21:43:46,0.018020,SVJ,false,ACCELERATING,65535,1.000000,1.000000,1.000000,0.700000,0.045001,false,,,,,,,,2.267007,false,0.000000,0,5,1.000000
1779158626.644870,2026-05-18T21:43:46,0.017989,SVJ,false,ACCELERATING,65535,1.000000,1.000000,1.000000,0.700000,0.045001,false,,,,,,,,2.284996,false,0.000000,0,5,1.000000
1779158626.662964,2026-05-18T21:43:46,0.018055,SVJ,false,ACCELERATING,65535,1.000000,1.000000,1.000000,0.700000,0.045001,false,,,,,,,,2.303051,false,0.000000,0,5,1.000000
1779158626.680876,2026-05-18T21:43:46,0.017933,SVJ,false,ACCELERATING,65535,1.000000,1.000000,1.000000,0.700000,0.045001,false,,,,,,,,2.320984,false,0.000000,0,5,1.000000
1779158626.698879,2026-05-18T21:43:46,0.018006,SVJ,false,ACCELERATING,65535,1.000000,1.000000,1.000000,0.700000,0.045001,false,,,,,,,,2.338990,false,0.000000,0,5,1.000000
1779158626.716888,2026-05-18T21:43:46,0.017996,SVJ,false,ACCELERATING,65535,1.000000,1.000000,1.000000,0.700000,0.045001,false,,,,,,,,2.356987,false,0.000000,0,5,1.000000
1779158626.734931,2026-05-18T21:43:46,0.018007,SVJ,false,ACCELERATING,65535,1.000000,1.000000,1.000000,0.700000,0.045001,false,,,,,,,,2.374993,false,0.000000,0,5,1.000000
1779158626.752871,2026-05-18T21:43:46,0.017995,SVJ,false,ACCELERATING,65535,1.000000,1.000000,1.000000,0.700000,0.045001,false,,,,,,,,2.392988,false,0.000000,0,5,1.000000
1779158626.770884,2026-05-18T21:43:46,0.017994,SVJ,false,ACCELERATING,65535,1.000000,1.000000,1.000000,0.700000,0.045001,false,,,,,,,,2.410983,false,0.000000,0,5,1.000000
1779158626.788979,2026-05-18T21:43:46,0.017998,SVJ,false,ACCELERATING,65535,1.000000,1.000000,1.000000,0.700000,0.045001,false,,,,,,,,2.428981,false,0.000000,0,5,1.000000
1779158626.806855,2026-05-18T21:43:46,0.018006,SVJ,false,ACCELERATING,65535,1.000000,1.000000,1.000000,0.700000,0.045001,false,,,,,,,,2.446987,false,0.000000,0,5,1.000000
1779158626.824881,2026-05-18T21:43:46,0.018002,SVJ,false,ACCELERATING,65535,1.000000,1.000000,1.000000,0.700000,0.045001,false,,,,,,,,2.464989,false,0.000000,0,5,1.000000
1779158626.842895,2026-05-18T21:43:46,0.018024,SVJ,false,ACCELERATING,65535,1.000000,1.000000,1.000000,0.700000,0.045001,false,,,,,,,,2.483013,false,0.000000,0,5,1.000000
1779158626.860844,2026-05-18T21:43:46,0.017967,SVJ,false,ACCELERATING,65535,1.000000,1.000000,1.000000,0.700000,0.045001,false,,,,,,,,2.500980,false,0.000000,0,5,1.000000
1779158626.878862,2026-05-18T21:43:46,0.018008,SVJ,false,ACCELERATING,65535,1.000000,1.000000,1.000000,0.700000,0.045001,false,,,,,,,,2.518988,false,0.000000,0,5,1.000000
1779158626.896860,2026-05-18T21:43:46,0.017992,SVJ,false,ACCELERATING,65535,1.000000,1.000000,1.000000,0.700000,0.045001,false,,,,,,,,2.536980,false,0.000000,0,5,1.000000
1779158626.914875,2026-05-18T21:43:46,0.018009,SVJ,false,ACCELERATING,65535,1.000000,1.000000,1.000000,0.700000,0.045001,false,,,,,,,,2.554989,false,0.000000,0,5,1.000000
1779158626.933106,2026-05-18T21:43:46,0.017992,SVJ,false,ACCELERATING,65535,1.000000,1.000000,1.000000,0.700000,0.045001,false,,,,,,,,2.572981,false,0.000000,0,5,1.000000
1779158626.950856,2026-05-18T21:43:46,0.018002,SVJ,false,ACCELERATING,65535,1.000000,1.000000,1.000000,0.700000,0.045001,false,,,,,,,,2.572981,false,0.000000,0,5,1.000000
1779158626.968880,2026-05-18T21:43:46,0.017997,SVJ,false,ACCELERATING,65535,1.000000,1.000000,1.000000,0.700000,0.045001,false,,,,,,,,2.572981,false,0.000000,0,5,1.000000
1779158626.986877,2026-05-18T21:43:46,0.018016,SVJ,false,ACCELERATING,65535,1.000000,1.000000,1.000000,0.700000,0.045001,false,,,,,,,,2.572981,false,0.000000,0,5,1.000000
1779158627.004865,2026-05-18T21:43:47,0.017994,SVJ,false,ACCELERATING,65535,1.000000,1.000000,1.000000,0.700000,0.045001,false,,,,,,,,2.572981,false,0.000000,0,5,1.000000
1779158627.022877,2026-05-18T21:43:47,0.017997,SVJ,false,ACCELERATING,65535,1.000000,1.000000,1.000000,0.700000,0.045001,false,,,,,,,,2.572981,false,0.000000,0,5,1.000000
1779158627.041004,2026-05-18T21:43:47,0.017991,SVJ,false,ACCELERATING,65535,1.000000,1.000000,1.000000,0.700000,0.045001,false,,,,,,,,2.572981,false,0.000000,0,5,1.000000
1779158627.058851,2026-05-18T21:43:47,0.018003,SVJ,false,ACCELERATING,65535,1.000000,1.000000,1.000000,0.700000,0.045001,false,,,,,,,,2.572981,false,0.000000,0,5,1.000000
1779158627.076912,2026-05-18T21:43:47,0.018045,SVJ,false,ACCELERATING,65535,1.000000,1.000000,1.000000,0.700000,0.045001,false,,,,,,,,2.572981,false,0.000000,0,5,1.000000
1779158627.094866,2026-05-18T21:43:47,0.017957,SVJ,false,ACCELERATING,65535,1.000000,1.000000,1.000000,0.700000,0.045001,false,,,,,,,,2.572981,false,0.000000,0,5,1.000000
1779158627.112863,2026-05-18T21:43:47,0.018002,SVJ,false,ACCELERATING,65535,1.000000,1.000000,1.000000,0.700000,0.045001,false,,,,,,,,2.572981,false,0.000000,0,5,1.000000
1779158627.130909,2026-05-18T21:43:47,0.018001,SVJ,false,ACCELERATING,65535,1.000000,1.000000,1.000000,0.700000,0.045001,false,,,,,,,,0.018001,false,0.000000,0,6,1.000000
1779158627.148874,2026-05-18T21:43:47,0.018002,SVJ,false,ACCELERATING,65535,1.000000,1.000000,1.000000,0.700000,0.045001,false,,,,,,,,0.036003,false,0.000000,0,6,1.000000
1779158627.166886,2026-05-18T21:43:47,0.018010,SVJ,false,ACCELERATING,65535,1.000000,1.000000,1.000000,0.700000,0.045001,false,,,,,,,,0.054012,false,0.000000,0,6,1.000000
1779158627.184874,2026-05-18T21:43:47,0.017995,SVJ,false,ACCELERATING,65535,1.000000,1.000000,1.000000,0.700000,0.045001,false,,,,,,,,0.072007,false,0.000000,0,6,1.000000
1779158627.202888,2026-05-18T21:43:47,0.017990,SVJ,false,ACCELERATING,65535,1.000000,1.000000,1.000000,0.700000,0.045001,false,,,,,,,,0.089997,false,0.000000,0,6,1.000000
1779158627.220876,2026-05-18T21:43:47,0.017999,SVJ,false,ACCELERATING,65535,1.000000,1.000000,1.000000,0.700000,0.045001,false,,,,,,,,0.107997,false,0.000000,0,6,1.000000
1779158627.238920,2026-05-18T21:43:47,0.018004,SVJ,false,ACCELERATING,65535,1.000000,1.000000,1.000000,0.700000,0.045001,false,,,,,,,,0.126001,false,0.000000,0,6,1.000000
1779158627.256978,2026-05-18T21:43:47,0.018006,SVJ,false,ACCELERATING,65535,1.000000,1.000000,1.000000,0.700000,0.045001,false,,,,,,,,0.144007,false,0.000000,0,6,1.000000
1779158627.274855,2026-05-18T21:43:47,0.017991,SVJ,false,ACCELERATING,65535,1.000000,1.000000,1.000000,0.700000,0.045001,false,,,,,,,,0.161998,false,0.000000,0,6,1.000000
1779158627.292898,2026-05-18T21:43:47,0.017996,SVJ,false,ACCELERATING,65535,1.000000,1.000000,1.000000,0.700000,0.045001,false,,,,,,,,0.179994,false,0.000000,0,6,1.000000
1779158627.310879,2026-05-18T21:43:47,0.018015,SVJ,false,ACCELERATING,65535,1.000000,1.000000,1.000000,0.700000,0.045001,false,,,,,,,,0.198009,false,0.000000,0,6,1.000000
1779158627.328888,2026-05-18T21:43:47,0.017986,SVJ,false,ACCELERATING,65535,1.000000,1.000000,1.000000,0.700000,0.045001,false,,,,,,,,0.215995,false,0.000000,0,6,1.000000
1779158627.346903,2026-05-18T21:43:47,0.018034,SVJ,false,ACCELERATING,65535,1.000000,1.000000,1.000000,0.700000,0.045001,false,,,,,,,,0.234029,false,0.000000,0,6,1.000000
1779158627.364864,2026-05-18T21:43:47,0.017969,SVJ,false,ACCELERATING,65535,1.000000,1.000000,1.000000,0.700000,0.045001,false,,,,,,,,0.251998,false,0.000000,0,6,1.000000
1779158627.382950,2026-05-18T21:43:47,0.018000,SVJ,false,ACCELERATING,65535,1.000000,1.000000,1.000000,0.700000,0.045001,false,,,,,,,,0.269998,false,0.000000,0,6,1.000000
1779158627.400885,2026-05-18T21:43:47,0.018000,SVJ,false,ACCELERATING,65535,1.000000,1.000000,1.000000,0.700000,0.045001,false,,,,,,,,0.287999,false,0.000000,0,6,1.000000
1779158627.418887,2026-05-18T21:43:47,0.018015,SVJ,false,ACCELERATING,65535,1.000000,1.000000,1.000000,0.700000,0.045001,false,,,,,,,,0.306014,false,0.000000,0,6,1.000000
1779158627.436895,2026-05-18T21:43:47,0.017994,SVJ,false,ACCELERATING,65535,1.000000,1.000000,1.000000,0.700000,0.045001,false,,,,,,,,0.324007,false,0.000000,0,6,1.000000
1779158627.455144,2026-05-18T21:43:47,0.017999,SVJ,false,ACCELERATING,65535,1.000000,1.000000,1.000000,0.700000,0.045001,false,,,,,,,,0.342007,false,0.000000,0,6,1.000000
1779158627.472889,2026-05-18T21:43:47,0.017995,SVJ,false,ACCELERATING,65535,1.000000,1.000000,1.000000,0.700000,0.045001,false,,,,,,,,0.360002,false,0.000000,0,6,1.000000
1779158627.490910,2026-05-18T21:43:47,0.018006,SVJ,false,ACCELERATING,65535,1.000000,1.000000,1.000000,0.700000,0.045001,false,,,,,,,,0.378008,false,0.000000,0,6,1.000000
1779158627.508901,2026-05-18T21:43:47,0.018003,SVJ,false,ACCELERATING,65535,1.000000,1.000000,1.000000,0.700000,0.045001,false,,,,,,,,0.396011,false,0.000000,0,6,1.000000
1779158627.526877,2026-05-18T21:43:47,0.017987,SVJ,false,ACCELERATING,65535,1.000000,1.000000,1.000000,0.700000,0.045001,false,,,,,,,,0.413998,false,0.000000,0,6,1.000000
1779158627.544877,2026-05-18T21:43:47,0.018000,SVJ,false,ACCELERATING,65535,1.000000,1.000000,1.000000,0.700000,0.045001,false,,,,,,,,0.431998,false,0.000000,0,6,1.000000
1779158627.562915,2026-05-18T21:43:47,0.018038,SVJ,false,ACCELERATING,65535,1.000000,1.000000,1.000000,0.700000,0.045001,false,,,,,,,,0.450036,false,0.000000,0,6,1.000000
1779158627.580886,2026-05-18T21:43:47,0.017966,SVJ,false,ACCELERATING,65535,1.000000,1.000000,1.000000,0.700000,0.045001,false,,,,,,,,0.468002,false,0.000000,0,6,1.000000
1779158627.598904,2026-05-18T21:43:47,0.017999,SVJ,false,ACCELERATING,65535,1.000000,1.000000,1.000000,0.700000,0.045001,false,,,,,,,,0.486001,false,0.000000,0,6,1.000000
1779158627.616981,2026-05-18T21:43:47,0.017993,SVJ,false,ACCELERATING,65535,1.000000,1.000000,1.000000,0.700000,0.045001,false,,,,,,,,0.503994,false,0.000000,0,6,1.000000
1779158627.634901,2026-05-18T21:43:47,0.018005,SVJ,false,ACCELERATING,65535,1.000000,1.000000,1.000000,0.700000,0.045001,false,,,,,,,,0.521999,false,0.000000,0,6,1.000000
1779158627.652869,2026-05-18T21:43:47,0.017995,SVJ,false,ACCELERATING,65535,1.000000,1.000000,1.000000,0.700000,0.045001,false,,,,,,,,0.539994,false,0.000000,0,6,1.000000
1779158627.670873,2026-05-18T21:43:47,0.018003,SVJ,false,ACCELERATING,65535,1.000000,1.000000,1.000000,0.700000,0.045001,false,,,,,,,,0.557997,false,0.000000,0,6,1.000000
1779158627.688955,2026-05-18T21:43:47,0.018057,SVJ,false,ACCELERATING,65535,1.000000,1.000000,1.000000,0.700000,0.045001,false,,,,,,,,0.576055,false,0.000000,0,6,1.000000
1779158627.706876,2026-05-18T21:43:47,0.017945,SVJ,false,ACCELERATING,65535,1.000000,1.000000,1.000000,0.700000,0.045001,false,,,,,,,,0.594000,false,0.000000,0,6,1.000000
1779158627.724896,2026-05-18T21:43:47,0.017999,SVJ,false,ACCELERATING,65535,1.000000,1.000000,1.000000,0.700000,0.045001,false,,,,,,,,0.611999,false,0.000000,0,6,1.000000
1779158627.742908,2026-05-18T21:43:47,0.017998,SVJ,false,ACCELERATING,65535,1.000000,1.000000,1.000000,0.700000,0.045001,false,,,,,,,,0.629997,false,0.000000,0,6,1.000000
1779158627.760887,2026-05-18T21:43:47,0.018000,SVJ,false,ACCELERATING,65535,1.000000,1.000000,1.000000,0.700000,0.045001,false,,,,,,,,0.647997,false,0.000000,0,6,1.000000
1779158627.778908,2026-05-18T21:43:47,0.018010,SVJ,false,ACCELERATING,65535,1.000000,1.000000,1.000000,0.700000,0.045001,false,,,,,,,,0.666006,false,0.000000,0,6,1.000000
1779158627.796881,2026-05-18T21:43:47,0.017996,SVJ,false,ACCELERATING,65535,1.000000,1.000000,1.000000,0.700000,0.045001,false,,,,,,,,0.684002,false,0.000000,0,6,1.000000
1779158627.814871,2026-05-18T21:43:47,0.017994,SVJ,false,ACCELERATING,65535,1.000000,1.000000,1.000000,0.700000,0.045001,false,,,,,,,,0.701995,false,0.000000,0,6,1.000000
1779158627.832894,2026-05-18T21:43:47,0.018004,SVJ,false,ACCELERATING,65535,1.000000,1.000000,1.000000,0.700000,0.045001,false,,,,,,,,0.719999,false,0.000000,0,6,1.000000
1779158627.850911,2026-05-18T21:43:47,0.018005,SVJ,false,ACCELERATING,65535,1.000000,1.000000,1.000000,0.700000,0.045001,false,,,,,,,,0.738004,false,0.000000,0,6,1.000000
1779158627.868885,2026-05-18T21:43:47,0.018000,SVJ,false,ACCELERATING,65535,1.000000,1.000000,1.000000,0.700000,0.045001,false,,,,,,,,0.756004,false,0.000000,0,6,1.000000
1779158627.886882,2026-05-18T21:43:47,0.017998,SVJ,false,ACCELERATING,65535,1.000000,1.000000,1.000000,0.700000,0.045001,false,,,,,,,,0.774003,false,0.000000,0,6,1.000000
1779158627.904906,2026-05-18T21:43:47,0.017995,SVJ,false,ACCELERATING,65535,1.000000,1.000000,1.000000,0.700000,0.045001,false,,,,,,,,0.791998,false,0.000000,0,6,1.000000
1779158627.922909,2026-05-18T21:43:47,0.018016,SVJ,false,ACCELERATING,65535,1.000000,1.000000,1.000000,0.700000,0.045001,false,,,,,,,,0.810014,false,0.000000,0,6,1.000000
1779158627.940876,2026-05-18T21:43:47,0.017984,SVJ,false,ACCELERATING,65535,1.000000,1.000000,1.000000,0.700000,0.045001,false,,,,,,,,0.827998,false,0.000000,0,6,1.000000
1779158627.958875,2026-05-18T21:43:47,0.017999,SVJ,false,ACCELERATING,65535,1.000000,1.000000,1.000000,0.700000,0.045001,false,,,,,,,,0.845996,false,0.000000,0,6,1.000000
1779158627.976893,2026-05-18T21:43:47,0.018004,SVJ,false,ACCELERATING,65535,1.000000,1.000000,1.000000,0.700000,0.045001,false,,,,,,,,0.864000,false,0.000000,0,6,1.000000
1779158627.994902,2026-05-18T21:43:47,0.018002,SVJ,false,ACCELERATING,65535,1.000000,1.000000,1.000000,0.700000,0.045001,false,,,,,,,,0.882002,false,0.000000,0,6,1.000000
1779158628.012891,2026-05-18T21:43:48,0.017998,SVJ,false,ACCELERATING,65535,1.000000,1.000000,1.000000,0.700000,0.045001,false,,,,,,,,0.900001,false,0.000000,0,6,1.000000
1779158628.030910,2026-05-18T21:43:48,0.017999,SVJ,false,ACCELERATING,65535,1.000000,1.000000,1.000000,0.700000,0.045001,false,,,,,,,,0.918000,false,0.000000,0,6,1.000000
1779158628.048892,2026-05-18T21:43:48,0.018002,SVJ,false,ACCELERATING,65535,1.000000,1.000000,1.000000,0.700000,0.045001,false,,,,,,,,0.936001,false,0.000000,0,6,1.000000
1779158628.066914,2026-05-18T21:43:48,0.017999,SVJ,false,ACCELERATING,65535,1.000000,1.000000,1.000000,0.700000,0.045001,false,,,,,,,,0.954000,false,0.000000,0,6,1.000000
1779158628.084964,2026-05-18T21:43:48,0.018014,SVJ,false,ACCELERATING,65535,1.000000,1.000000,1.000000,0.700000,0.045001,false,,,,,,,,0.972014,false,0.000000,0,6,1.000000
1779158628.102902,2026-05-18T21:43:48,0.017990,SVJ,false,ACCELERATING,65535,1.000000,1.000000,1.000000,0.700000,0.045001,false,,,,,,,,0.990004,false,0.000000,0,6,1.000000
1779158628.120882,2026-05-18T21:43:48,0.017990,SVJ,false,ACCELERATING,65535,1.000000,1.000000,1.000000,0.700000,0.045001,false,,,,,,,,1.007994,false,0.000000,0,6,1.000000
1779158628.138896,2026-05-18T21:43:48,0.018006,SVJ,false,ACCELERATING,65535,1.000000,1.000000,1.000000,0.700000,0.045001,false,,,,,,,,1.026000,false,0.000000,0,6,1.000000
1779158628.156884,2026-05-18T21:43:48,0.017999,SVJ,false,ACCELERATING,65535,1.000000,1.000000,1.000000,0.700000,0.045001,false,,,,,,,,1.043999,false,0.000000,0,6,1.000000
1779158628.174984,2026-05-18T21:43:48,0.018000,SVJ,false,ACCELERATING,65535,1.000000,1.000000,1.000000,0.700000,0.045001,false,,,,,,,,1.061999,false,0.000000,0,6,1.000000
1779158628.192908,2026-05-18T21:43:48,0.017997,SVJ,false,ACCELERATING,65535,1.000000,1.000000,1.000000,0.700000,0.045001,false,,,,,,,,1.079996,false,0.000000,0,6,1.000000
1779158628.210963,2026-05-18T21:43:48,0.018011,SVJ,false,ACCELERATING,65535,1.000000,1.000000,1.000000,0.700000,0.045001,false,,,,,,,,1.098007,false,0.000000,0,6,1.000000
1779158628.228891,2026-05-18T21:43:48,0.017989,SVJ,false,ACCELERATING,65535,1.000000,1.000000,1.000000,0.700000,0.045001,false,,,,,,,,1.115996,false,0.000000,0,6,1.000000
1779158628.246908,2026-05-18T21:43:48,0.018001,SVJ,false,ACCELERATING,65535,1.000000,1.000000,1.000000,0.700000,0.045001,false,,,,,,,,1.133997,false,0.000000,0,6,1.000000
1779158628.264912,2026-05-18T21:43:48,0.018009,SVJ,false,ACCELERATING,65535,1.000000,1.000000,1.000000,0.700000,0.045001,false,,,,,,,,1.152006,false,0.000000,0,6,1.000000
1779158628.282901,2026-05-18T21:43:48,0.017994,SVJ,false,ACCELERATING,65535,1.000000,1.000000,1.000000,0.700000,0.045001,false,,,,,,,,1.170000,false,0.000000,0,6,1.000000
1779158628.300917,2026-05-18T21:43:48,0.018016,SVJ,false,ACCELERATING,65535,1.000000,1.000000,1.000000,0.700000,0.045001,false,,,,,,,,1.188015,false,0.000000,0,6,1.000000
1779158628.318970,2026-05-18T21:43:48,0.017991,SVJ,false,ACCELERATING,65535,1.000000,1.000000,1.000000,0.700000,0.045001,false,,,,,,,,1.206006,false,0.000000,0,6,1.000000
1779158628.336910,2026-05-18T21:43:48,0.017988,SVJ,false,ACCELERATING,65535,1.000000,1.000000,1.000000,0.700000,0.045001,false,,,,,,,,1.223995,false,0.000000,0,6,1.000000
1779158628.354952,2026-05-18T21:43:48,0.018031,SVJ,false,ACCELERATING,65535,1.000000,1.000000,1.000000,0.700000,0.045001,false,,,,,,,,1.242025,false,0.000000,0,6,1.000000
1779158628.372934,2026-05-18T21:43:48,0.018016,SVJ,false,ACCELERATING,65535,1.000000,1.000000,1.000000,0.700000,0.045001,false,,,,,,,,1.260041,false,0.000000,0,6,1.000000
1779158628.390944,2026-05-18T21:43:48,0.017996,SVJ,false,ACCELERATING,65535,1.000000,1.000000,1.000000,0.700000,0.045001,false,,,,,,,,1.278037,false,0.000000,0,6,1.000000
1779158628.408922,2026-05-18T21:43:48,0.017994,SVJ,false,ACCELERATING,65535,1.000000,1.000000,1.000000,0.700000,0.045001,false,,,,,,,,1.296031,false,0.000000,0,6,1.000000
1779158628.426942,2026-05-18T21:43:48,0.018003,SVJ,false,ACCELERATING,65535,1.000000,1.000000,1.000000,0.700000,0.045001,false,,,,,,,,1.314034,false,0.000000,0,6,1.000000
1779158628.444950,2026-05-18T21:43:48,0.018006,SVJ,false,ACCELERATING,65535,1.000000,1.000000,1.000000,0.700000,0.045001,false,,,,,,,,1.332040,false,0.000000,0,6,1.000000
1779158628.462933,2026-05-18T21:43:48,0.017993,SVJ,false,ACCELERATING,65535,1.000000,1.000000,1.000000,0.700000,0.045001,false,,,,,,,,1.350033,false,0.000000,0,6,1.000000
1779158628.480947,2026-05-18T21:43:48,0.018011,SVJ,false,ACCELERATING,65535,1.000000,1.000000,1.000000,0.700000,0.045001,false,,,,,,,,1.368044,false,0.000000,0,6,1.000000
1779158628.498934,2026-05-18T21:43:48,0.017991,SVJ,false,ACCELERATING,65535,1.000000,1.000000,1.000000,0.700000,0.045001,false,,,,,,,,1.386035,false,0.000000,0,6,1.000000
1779158628.517034,2026-05-18T21:43:48,0.018027,SVJ,false,ACCELERATING,65535,1.000000,1.000000,1.000000,0.700000,0.045001,false,,,,,,,,1.404062,false,0.000000,0,6,1.000000
1779158628.534938,2026-05-18T21:43:48,0.017981,SVJ,false,ACCELERATING,65535,1.000000,1.000000,1.000000,0.700000,0.045001,false,,,,,,,,1.422043,false,0.000000,0,6,1.000000
1779158628.552958,2026-05-18T21:43:48,0.017991,SVJ,false,ACCELERATING,65535,1.000000,1.000000,1.000000,0.700000,0.045001,false,,,,,,,,1.440035,false,0.000000,0,6,1.000000
1779158628.570986,2026-05-18T21:43:48,0.018002,SVJ,false,ACCELERATING,65535,1.000000,1.000000,1.000000,0.700000,0.045001,false,,,,,,,,1.458036,false,0.000000,0,6,1.000000
1779158628.588936,2026-05-18T21:43:48,0.018000,SVJ,false,ACCELERATING,65535,1.000000,1.000000,1.000000,0.700000,0.045001,false,,,,,,,,1.476036,false,0.000000,0,6,1.000000
1779158628.606944,2026-05-18T21:43:48,0.018002,SVJ,false,ACCELERATING,65535,1.000000,1.000000,1.000000,0.700000,0.045001,false,,,,,,,,1.494038,false,0.000000,0,6,1.000000
1779158628.624956,2026-05-18T21:43:48,0.018003,SVJ,false,ACCELERATING,65535,1.000000,1.000000,1.000000,0.700000,0.045001,false,,,,,,,,1.512041,false,0.000000,0,6,1.000000
1779158628.642961,2026-05-18T21:43:48,0.018009,SVJ,false,ACCELERATING,65535,1.000000,1.000000,1.000000,0.700000,0.045001,false,,,,,,,,1.530051,false,0.000000,0,6,1.000000
1779158628.660932,2026-05-18T21:43:48,0.017985,SVJ,false,ACCELERATING,65535,1.000000,1.000000,1.000000,0.700000,0.045001,false,,,,,,,,1.548035,false,0.000000,0,6,1.000000
1779158628.678950,2026-05-18T21:43:48,0.018004,SVJ,false,ACCELERATING,65535,1.000000,1.000000,1.000000,0.700000,0.045001,false,,,,,,,,1.566039,false,0.000000,0,6,1.000000
1779158628.696939,2026-05-18T21:43:48,0.017996,SVJ,false,ACCELERATING,65535,1.000000,1.000000,1.000000,0.700000,0.045001,false,,,,,,,,1.584036,false,0.000000,0,6,1.000000
1779158628.714957,2026-05-18T21:43:48,0.018002,SVJ,false,ACCELERATING,65535,1.000000,1.000000,1.000000,0.700000,0.045001,false,,,,,,,,1.602037,false,0.000000,0,6,1.000000
1779158628.732942,2026-05-18T21:43:48,0.018000,SVJ,false,ACCELERATING,65535,1.000000,1.000000,1.000000,0.700000,0.045001,false,,,,,,,,1.620037,false,0.000000,0,6,1.000000
1779158628.750981,2026-05-18T21:43:48,0.018027,SVJ,false,ACCELERATING,65535,1.000000,1.000000,1.000000,0.700000,0.045001,false,,,,,,,,1.638064,false,0.000000,0,6,1.000000
1779158628.768939,2026-05-18T21:43:48,0.017977,SVJ,false,ACCELERATING,65535,1.000000,1.000000,1.000000,0.700000,0.045001,false,,,,,,,,1.656042,false,0.000000,0,6,1.000000
1779158628.787021,2026-05-18T21:43:48,0.018044,SVJ,false,ACCELERATING,65535,1.000000,1.000000,1.000000,0.700000,0.045001,false,,,,,,,,1.674086,false,0.000000,0,6,1.000000
1779158628.804951,2026-05-18T21:43:48,0.017963,SVJ,false,ACCELERATING,65535,1.000000,1.000000,1.000000,0.700000,0.045001,false,,,,,,,,1.692048,false,0.000000,0,6,1.000000
1779158628.822948,2026-05-18T21:43:48,0.017984,SVJ,false,ACCELERATING,65535,1.000000,1.000000,1.000000,0.700000,0.045001,false,,,,,,,,1.710033,false,0.000000,0,6,1.000000
1779158628.840935,2026-05-18T21:43:48,0.018000,SVJ,false,ACCELERATING,65535,1.000000,1.000000,1.000000,0.700000,0.045001,false,,,,,,,,1.728033,false,0.000000,0,6,1.000000
1779158628.858968,2026-05-18T21:43:48,0.018014,SVJ,false,ACCELERATING,65535,1.000000,1.000000,1.000000,0.700000,0.045001,false,,,,,,,,1.746047,false,0.000000,0,6,1.000000
1779158628.876958,2026-05-18T21:43:48,0.017988,SVJ,false,CRUISING,65535,1.000000,1.000000,1.000000,0.700000,0.045001,false,,,,,,,,1.764035,false,0.000000,0,6,1.000000
1779158628.894969,2026-05-18T21:43:48,0.018000,SVJ,false,CRUISING,65535,1.000000,1.000000,1.000000,0.700000,0.045001,false,,,,,,,,1.764035,false,0.000000,0,6,1.000000
1779158628.912959,2026-05-18T21:43:48,0.018012,SVJ,false,CRUISING,65535,1.000000,1.000000,1.000000,0.700000,0.045001,false,,,,,,,,1.764035,false,0.000000,0,6,1.000000
1779158628.930966,2026-05-18T21:43:48,0.017988,SVJ,false,CRUISING,65535,1.000000,1.000000,1.000000,0.700000,0.045001,false,,,,,,,,1.764035,false,0.000000,0,6,1.000000
1779158628.948958,2026-05-18T21:43:48,0.017998,SVJ,false,CRUISING,65535,1.000000,1.000000,1.000000,0.700000,0.045001,false,,,,,,,,1.764035,false,0.000000,0,6,1.000000
1779158628.966943,2026-05-18T21:43:48,0.017998,SVJ,false,CRUISING,65535,1.000000,1.000000,1.000000,0.700000,0.045001,false,,,,,,,,1.764035,false,0.000000,0,6,1.000000
1779158628.984965,2026-05-18T21:43:48,0.018011,SVJ,false,CRUISING,65535,1.000000,1.000000,1.000000,0.700000,0.045001,false,,,,,,,,1.764035,false,0.000000,0,6,1.000000
1779158629.002953,2026-05-18T21:43:49,0.017994,SVJ,false,CRUISING,65535,1.000000,1.000000,1.000000,0.700000,0.045001,false,,,,,,,,1.764035,false,0.000000,0,6,1.000000
1779158629.021019,2026-05-18T21:43:49,0.018008,SVJ,false,CRUISING,65535,1.000000,1.000000,1.000000,0.700000,0.045001,false,,,,,,,,1.764035,false,0.000000,0,6,1.000000
1779158629.038963,2026-05-18T21:43:49,0.017991,SVJ,false,CRUISING,65535,1.000000,1.000000,1.000000,0.700000,0.045001,false,,,,,,,,1.764035,false,0.000000,0,6,1.000000
1779158629.056965,2026-05-18T21:43:49,0.018005,SVJ,false,CRUISING,65535,1.000000,1.000000,1.000000,0.700000,0.045001,false,,,,,,,,1.764035,false,0.000000,0,6,1.000000
1779158629.074952,2026-05-18T21:43:49,0.017998,SVJ,false,CRUISING,65535,1.000000,1.000000,1.000000,0.700000,0.045001,false,,,,,,,,1.764035,false,0.000000,0,6,1.000000
1779158629.092982,2026-05-18T21:43:49,0.017999,SVJ,false,CRUISING,65535,1.000000,1.000000,1.000000,0.700000,0.045001,false,,,,,,,,1.764035,false,0.000000,0,6,1.000000
1779158629.110985,2026-05-18T21:43:49,0.018004,SVJ,false,CRUISING,65535,1.000000,1.000000,1.000000,0.700000,0.045001,false,,,,,,,,1.764035,false,0.000000,0,6,1.000000
1779158629.128940,2026-05-18T21:43:49,0.017991,SVJ,false,CRUISING,65535,1.000000,1.000000,1.000000,0.700000,0.045001,false,,,,,,,,1.764035,false,0.000000,0,6,1.000000
1779158629.146969,2026-05-18T21:43:49,0.018004,SVJ,false,CRUISING,65535,1.000000,1.000000,1.000000,0.700000,0.045001,false,,,,,,,,1.764035,false,0.000000,0,6,1.000000
1779158629.164977,2026-05-18T21:43:49,0.018009,SVJ,false,CRUISING,65535,1.000000,1.000000,1.000000,0.700000,0.045001,false,,,,,,,,1.764035,false,0.000000,0,6,1.000000
1779158629.183084,2026-05-18T21:43:49,0.018086,SVJ,false,CRUISING,65535,1.000000,1.000000,1.000000,0.700000,0.045001,false,,,,,,,,1.764035,false,0.000000,0,6,1.000000
1779158629.201006,2026-05-18T21:43:49,0.017918,SVJ,false,CRUISING,65535,1.000000,1.000000,1.000000,0.700000,0.045001,false,,,,,,,,1.764035,false,0.000000,0,6,1.000000
1779158629.218941,2026-05-18T21:43:49,0.017983,SVJ,false,CRUISING,65535,1.000000,1.000000,1.000000,0.700000,0.045001,false,,,,,,,,1.764035,false,0.000000,0,6,1.000000
1779158629.236973,2026-05-18T21:43:49,0.018024,SVJ,false,CRUISING,65535,1.000000,1.000000,1.000000,0.700000,0.045001,false,,,,,,,,1.764035,false,0.000000,0,6,1.000000
1779158629.254981,2026-05-18T21:43:49,0.017974,SVJ,false,CRUISING,65535,1.000000,1.000000,1.000000,0.700000,0.045001,false,,,,,,,,1.764035,false,0.000000,0,6,1.000000
1779158629.273080,2026-05-18T21:43:49,0.018020,SVJ,false,CRUISING,65535,1.000000,1.000000,1.000000,0.700000,0.045001,false,,,,,,,,1.764035,false,0.000000,0,6,1.000000
1779158629.290956,2026-05-18T21:43:49,0.017991,SVJ,false,CRUISING,65535,1.000000,1.000000,1.000000,0.700000,0.045001,false,,,,,,,,1.764035,false,0.000000,0,6,1.000000
1779158629.308985,2026-05-18T21:43:49,0.017995,SVJ,false,CRUISING,65535,1.000000,1.000000,1.000000,0.700000,0.045001,false,,,,,,,,1.764035,false,0.000000,0,6,1.000000
1779158629.326972,2026-05-18T21:43:49,0.018006,SVJ,false,CRUISING,65535,1.000000,1.000000,1.000000,0.700000,0.045001,false,,,,,,,,1.764035,false,0.000000,0,6,1.000000
1779158629.344993,2026-05-18T21:43:49,0.018011,SVJ,false,CRUISING,65535,1.000000,1.000000,1.000000,0.700000,0.045001,false,,,,,,,,1.764035,false,0.000000,0,6,1.000000
1779158629.362968,2026-05-18T21:43:49,0.017983,SVJ,false,CRUISING,65535,1.000000,1.000000,1.000000,0.700000,0.045001,false,,,,,,,,1.764035,false,0.000000,0,6,1.000000
1779158629.381007,2026-05-18T21:43:49,0.018035,SVJ,false,CRUISING,65535,1.000000,1.000000,1.000000,0.700000,0.045001,false,,,,,,,,1.764035,false,0.000000,0,6,1.000000
1779158629.399074,2026-05-18T21:43:49,0.017999,SVJ,false,CRUISING,65535,1.000000,1.000000,1.000000,0.700000,0.045001,false,,,,,,,,1.764035,false,0.000000,0,6,1.000000
1779158629.417011,2026-05-18T21:43:49,0.018007,SVJ,false,CRUISING,65535,1.000000,1.000000,1.000000,0.700000,0.045001,false,,,,,,,,1.764035,false,0.000000,0,6,1.000000
1779158629.435016,2026-05-18T21:43:49,0.018003,SVJ,false,CRUISING,65535,1.000000,1.000000,1.000000,0.700000,0.045001,false,,,,,,,,1.764035,false,0.000000,0,6,1.000000
1779158629.453063,2026-05-18T21:43:49,0.018019,SVJ,false,CRUISING,65535,1.000000,1.000000,1.000000,0.700000,0.045001,false,,,,,,,,1.764035,false,0.000000,0,6,1.000000
1779158629.471013,2026-05-18T21:43:49,0.017980,SVJ,false,CRUISING,65535,1.000000,1.000000,1.000000,0.700000,0.045001,false,,,,,,,,1.764035,false,0.000000,0,6,1.000000
1779158629.489017,2026-05-18T21:43:49,0.017998,SVJ,false,CRUISING,65535,1.000000,1.000000,1.000000,0.700000,0.045001,false,,,,,,,,1.764035,false,0.000000,0,6,1.000000
1779158629.507008,2026-05-18T21:43:49,0.018002,SVJ,false,CRUISING,65535,1.000000,1.000000,1.000000,0.700000,0.045001,false,,,,,,,,1.764035,false,0.000000,0,6,1.000000
1779158629.525074,2026-05-18T21:43:49,0.018016,SVJ,false,CRUISING,65535,1.000000,1.000000,1.000000,0.700000,0.045001,false,,,,,,,,1.764035,false,0.000000,0,6,1.000000
1779158629.543170,2026-05-18T21:43:49,0.017987,SVJ,false,CRUISING,65535,1.000000,1.000000,1.000000,0.700000,0.045001,false,,,,,,,,1.764035,false,0.000000,0,6,1.000000
1779158629.561013,2026-05-18T21:43:49,0.017993,SVJ,false,CRUISING,65535,1.000000,1.000000,1.000000,0.700000,0.045001,false,,,,,,,,1.764035,false,0.000000,0,6,1.000000
1779158629.579016,2026-05-18T21:43:49,0.017995,SVJ,false,CRUISING,65535,1.000000,1.000000,1.000000,0.700000,0.045001,false,,,,,,,,1.764035,false,0.000000,0,6,1.000000
1779158629.597010,2026-05-18T21:43:49,0.018003,SVJ,false,CRUISING,65535,1.000000,1.000000,1.000000,0.700000,0.045001,false,,,,,,,,1.764035,false,0.000000,0,6,1.000000
1779158629.615028,2026-05-18T21:43:49,0.018012,SVJ,false,CRUISING,65535,1.000000,1.000000,1.000000,0.700000,0.045001,false,,,,,,,,1.764035,false,0.000000,0,6,1.000000
1779158629.633053,2026-05-18T21:43:49,0.018006,SVJ,false,CRUISING,65535,1.000000,1.000000,1.000000,0.700000,0.045001,false,,,,,,,,1.764035,false,0.000000,0,6,1.000000
1779158629.651020,2026-05-18T21:43:49,0.017985,SVJ,false,CRUISING,65535,1.000000,1.000000,1.000000,0.700000,0.045001,false,,,,,,,,1.764035,false,0.000000,0,6,1.000000
1779158629.669023,2026-05-18T21:43:49,0.018001,SVJ,false,CRUISING,65535,1.000000,1.000000,1.000000,0.700000,0.045001,false,,,,,,,,1.764035,false,0.000000,0,6,1.000000
1779158629.687096,2026-05-18T21:43:49,0.018008,SVJ,false,CRUISING,65535,1.000000,1.000000,1.000000,0.700000,0.045001,false,,,,,,,,1.764035,false,0.000000,0,6,1.000000
1779158629.705060,2026-05-18T21:43:49,0.018004,SVJ,false,CRUISING,65535,1.000000,1.000000,1.000000,0.700000,0.045001,false,,,,,,,,1.764035,false,0.000000,0,6,1.000000
1779158629.723037,2026-05-18T21:43:49,0.017985,SVJ,false,CRUISING,65535,1.000000,1.000000,1.000000,0.700000,0.045001,false,,,,,,,,1.764035,false,0.000000,0,6,1.000000
1779158629.741011,2026-05-18T21:43:49,0.017998,SVJ,false,CRUISING,65535,1.000000,1.000000,1.000000,0.700000,0.045001,false,,,,,,,,1.764035,false,0.000000,0,6,1.000000
1779158629.759073,2026-05-18T21:43:49,0.018010,SVJ,false,CRUISING,65535,1.000000,1.000000,1.000000,0.700000,0.045001,false,,,,,,,,1.764035,false,0.000000,0,6,1.000000
1779158629.777013,2026-05-18T21:43:49,0.017991,SVJ,false,CRUISING,65535,1.000000,1.000000,1.000000,0.700000,0.045001,false,,,,,,,,1.764035,false,0.000000,0,6,1.000000
1779158629.795000,2026-05-18T21:43:49,0.017999,SVJ,false,CRUISING,65535,1.000000,1.000000,1.000000,0.700000,0.045001,false,,,,,,,,1.764035,false,0.000000,0,6,1.000000
1779158629.813023,2026-05-18T21:43:49,0.018002,SVJ,false,CRUISING,65535,1.000000,1.000000,1.000000,0.700000,0.045001,false,,,,,,,,1.764035,false,0.000000,0,6,1.000000
1779158629.831016,2026-05-18T21:43:49,0.018006,SVJ,false,CRUISING,65535,1.000000,1.000000,1.000000,0.700000,0.045001,false,,,,,,,,1.764035,false,0.000000,0,6,1.000000
1779158629.849048,2026-05-18T21:43:49,0.018003,SVJ,false,CRUISING,65535,1.000000,1.000000,1.000000,0.700000,0.045001,false,,,,,,,,1.764035,false,0.000000,0,6,1.000000
1779158629.867027,2026-05-18T21:43:49,0.017999,SVJ,false,CRUISING,65535,1.000000,1.000000,1.000000,0.700000,0.045001,false,,,,,,,,1.764035,false,0.000000,0,6,1.000000
1779158629.885014,2026-05-18T21:43:49,0.017997,SVJ,false,CRUISING,65535,1.000000,1.000000,1.000000,0.700000,0.045001,false,,,,,,,,1.764035,false,0.000000,0,6,1.000000
1779158629.903033,2026-05-18T21:43:49,0.018001,SVJ,false,CRUISING,65535,1.000000,1.000000,1.000000,0.700000,0.045001,false,,,,,,,,1.764035,false,0.000000,0,6,1.000000
1779158629.921030,2026-05-18T21:43:49,0.017995,SVJ,false,CRUISING,65535,1.000000,1.000000,1.000000,0.700000,0.045001,false,,,,,,,,1.764035,false,0.000000,0,6,1.000000
1779158629.939145,2026-05-18T21:43:49,0.018008,SVJ,false,CRUISING,65535,1.000000,1.000000,1.000000,0.700000,0.045001,false,,,,,,,,1.764035,false,0.000000,0,6,1.000000
1779158629.957023,2026-05-18T21:43:49,0.017991,SVJ,false,CRUISING,65535,1.000000,1.000000,1.000000,0.700000,0.045001,false,,,,,,,,1.764035,false,0.000000,0,6,1.000000
1779158629.975038,2026-05-18T21:43:49,0.018024,SVJ,false,CRUISING,65535,1.000000,1.000000,1.000000,0.700000,0.045001,false,,,,,,,,1.764035,false,0.000000,0,6,1.000000
1779158629.993017,2026-05-18T21:43:49,0.017975,SVJ,false,CRUISING,65535,1.000000,1.000000,1.000000,0.700000,0.045001,false,,,,,,,,1.764035,false,0.000000,0,6,1.000000
1779158630.011026,2026-05-18T21:43:50,0.017998,SVJ,false,CRUISING,65535,1.000000,1.000000,1.000000,0.700000,0.045001,false,,,,,,,,1.764035,false,0.000000,0,6,1.000000
1779158630.029007,2026-05-18T21:43:50,0.017999,SVJ,false,CRUISING,65535,1.000000,1.000000,1.000000,0.700000,0.045001,false,,,,,,,,1.764035,false,0.000000,0,6,1.000000
1779158630.047022,2026-05-18T21:43:50,0.018002,SVJ,false,CRUISING,65535,1.000000,1.000000,1.000000,0.700000,0.045001,false,,,,,,,,1.764035,false,0.000000,0,6,1.000000
1779158630.065034,2026-05-18T21:43:50,0.018004,SVJ,false,CRUISING,65535,1.000000,1.000000,1.000000,0.700000,0.045001,false,,,,,,,,1.764035,false,0.000000,0,6,1.000000
1779158630.083029,2026-05-18T21:43:50,0.017997,SVJ,false,CRUISING,65535,1.000000,1.000000,1.000000,0.700000,0.045001,false,,,,,,,,1.764035,false,0.000000,0,6,1.000000
1779158630.101038,2026-05-18T21:43:50,0.018001,SVJ,false,CRUISING,65535,1.000000,1.000000,1.000000,0.700000,0.045001,false,,,,,,,,1.764035,false,0.000000,0,6,1.000000
1779158630.119046,2026-05-18T21:43:50,0.017998,SVJ,false,CRUISING,65535,1.000000,1.000000,1.000000,0.700000,0.045001,false,,,,,,,,1.764035,false,0.000000,0,6,1.000000
1779158630.137013,2026-05-18T21:43:50,0.018001,SVJ,false,CRUISING,65535,1.000000,1.000000,1.000000,0.700000,0.045001,false,,,,,,,,1.764035,false,0.000000,0,6,1.000000
1779158630.155074,2026-05-18T21:43:50,0.018050,SVJ,false,CRUISING,65535,1.000000,1.000000,1.000000,0.700000,0.045001,false,,,,,,,,1.764035,false,0.000000,0,6,1.000000
1779158630.173031,2026-05-18T21:43:50,0.017951,SVJ,false,CRUISING,65535,1.000000,1.000000,1.000000,0.700000,0.045001,false,,,,,,,,1.764035,false,0.000000,0,6,1.000000
1779158630.191052,2026-05-18T21:43:50,0.018014,SVJ,false,CRUISING,65535,1.000000,1.000000,1.000000,0.700000,0.045001,false,,,,,,,,1.764035,false,0.000000,0,6,1.000000
1779158630.209015,2026-05-18T21:43:50,0.017983,SVJ,false,CRUISING,65535,1.000000,1.000000,1.000000,0.700000,0.045001,false,,,,,,,,1.764035,false,0.000000,0,6,1.000000
1779158630.227039,2026-05-18T21:43:50,0.018001,SVJ,false,CRUISING,65535,1.000000,1.000000,1.000000,0.700000,0.045001,false,,,,,,,,1.764035,false,0.000000,0,6,1.000000
1779158630.245064,2026-05-18T21:43:50,0.018014,SVJ,false,CRUISING,65535,1.000000,1.000000,1.000000,0.700000,0.045001,false,,,,,,,,1.764035,false,0.000000,0,6,1.000000
1779158630.263056,2026-05-18T21:43:50,0.018012,SVJ,false,CRUISING,65535,1.000000,1.000000,1.000000,0.700000,0.045001,false,,,,,,,,1.764035,false,0.000000,0,6,1.000000
1779158630.281022,2026-05-18T21:43:50,0.017976,SVJ,false,CRUISING,65535,1.000000,1.000000,1.000000,0.700000,0.045001,false,,,,,,,,1.764035,false,0.000000,0,6,1.000000
1779158630.299031,2026-05-18T21:43:50,0.018017,SVJ,false,CRUISING,65535,1.000000,1.000000,1.000000,0.700000,0.045001,false,,,,,,,,1.764035,false,0.000000,0,6,1.000000
1779158630.317205,2026-05-18T21:43:50,0.018140,SVJ,false,CRUISING,65535,1.000000,1.000000,1.000000,0.700000,0.045001,false,,,,,,,,1.764035,false,0.000000,0,6,1.000000
1779158630.335040,2026-05-18T21:43:50,0.017858,SVJ,false,CRUISING,65535,1.000000,1.000000,1.000000,0.700000,0.045001,false,,,,,,,,1.764035,false,0.000000,0,6,1.000000
1779158630.353063,2026-05-18T21:43:50,0.018013,SVJ,false,CRUISING,65535,1.000000,1.000000,1.000000,0.700000,0.045001,false,,,,,,,,1.764035,false,0.000000,0,6,1.000000
1779158630.371059,2026-05-18T21:43:50,0.017989,SVJ,false,CRUISING,65535,1.000000,1.000000,1.000000,0.700000,0.045001,false,,,,,,,,1.764035,false,0.000000,0,6,1.000000
1779158630.389039,2026-05-18T21:43:50,0.017989,SVJ,false,CRUISING,65535,1.000000,1.000000,1.000000,0.700000,0.045001,false,,,,,,,,1.764035,false,0.000000,0,6,1.000000
1779158630.407031,2026-05-18T21:43:50,0.017995,SVJ,false,CRUISING,65535,1.000000,1.000000,1.000000,0.700000,0.045001,false,,,,,,,,1.764035,false,0.000000,0,6,1.000000
1779158630.425030,2026-05-18T21:43:50,0.017998,SVJ,false,CRUISING,65535,1.000000,1.000000,1.000000,0.700000,0.045001,false,,,,,,,,1.764035,false,0.000000,0,6,1.000000
1779158630.443054,2026-05-18T21:43:50,0.018017,SVJ,false,CRUISING,65535,1.000000,1.000000,1.000000,0.700000,0.045001,false,,,,,,,,1.764035,false,0.000000,0,6,1.000000
1779158630.461038,2026-05-18T21:43:50,0.017982,SVJ,false,CRUISING,65535,1.000000,1.000000,1.000000,0.700000,0.045001,false,,,,,,,,1.764035,false,0.000000,0,6,1.000000
1779158630.479024,2026-05-18T21:43:50,0.018008,SVJ,false,CRUISING,65535,1.000000,1.000000,1.000000,0.700000,0.045001,false,,,,,,,,1.764035,false,0.000000,0,6,1.000000
1779158630.497060,2026-05-18T21:43:50,0.018002,SVJ,false,CRUISING,65535,1.000000,1.000000,1.000000,0.700000,0.045001,false,,,,,,,,1.764035,false,0.000000,0,6,1.000000
1779158630.515056,2026-05-18T21:43:50,0.018006,SVJ,false,CRUISING,65535,1.000000,1.000000,1.000000,0.700000,0.045001,false,,,,,,,,1.764035,false,0.000000,0,6,1.000000
1779158630.533031,2026-05-18T21:43:50,0.017992,SVJ,false,CRUISING,65535,1.000000,1.000000,1.000000,0.700000,0.045001,false,,,,,,,,1.764035,false,0.000000,0,6,1.000000
1779158630.551059,2026-05-18T21:43:50,0.018020,SVJ,false,CRUISING,65535,1.000000,1.000000,1.000000,0.700000,0.045001,false,,,,,,,,1.764035,false,0.000000,0,6,1.000000
1779158630.569115,2026-05-18T21:43:50,0.017990,SVJ,false,CRUISING,65535,1.000000,1.000000,1.000000,0.700000,0.045001,false,,,,,,,,1.764035,false,0.000000,0,6,1.000000
1779158630.587039,2026-05-18T21:43:50,0.017988,SVJ,false,CRUISING,65535,1.000000,1.000000,1.000000,0.700000,0.045001,false,,,,,,,,1.764035,false,0.000000,0,6,1.000000
1779158630.605058,2026-05-18T21:43:50,0.018003,SVJ,false,CRUISING,65535,1.000000,1.000000,1.000000,0.700000,0.045001,false,,,,,,,,1.764035,false,0.000000,0,6,1.000000
1779158630.623046,2026-05-18T21:43:50,0.017997,SVJ,false,CRUISING,65535,1.000000,1.000000,1.000000,0.700000,0.045001,false,,,,,,,,1.764035,false,0.000000,0,6,1.000000
1779158630.641042,2026-05-18T21:43:50,0.018003,SVJ,false,CRUISING,65535,1.000000,1.000000,1.000000,0.700000,0.045001,false,,,,,,,,1.764035,false,0.000000,0,6,1.000000
1779158630.659038,2026-05-18T21:43:50,0.018007,SVJ,false,CRUISING,65535,1.000000,1.000000,1.000000,0.700000,0.045001,false,,,,,,,,1.764035,false,0.000000,0,6,1.000000
1779158630.677248,2026-05-18T21:43:50,0.017987,SVJ,false,CRUISING,63049,0.950000,0.990000,0.950000,0.700000,0.045001,false,,,,,,,,1.764035,false,0.000000,0,6,0.985000
1779158630.695230,2026-05-18T21:43:50,0.018184,SVJ,false,CRUISING,63049,0.950000,0.980000,0.950000,0.700000,0.045001,false,,,,,,,,1.764035,false,0.000000,0,6,0.974500
1779158630.713272,2026-05-18T21:43:50,0.017992,SVJ,false,CRUISING,63049,0.950000,0.970000,0.950000,0.700000,0.045001,false,,,,,,,,1.764035,false,0.000000,0,6,0.967150
1779158630.731214,2026-05-18T21:43:50,0.018002,SVJ,false,CRUISING,63049,0.950000,0.960000,0.950000,0.700000,0.045001,false,,,,,,,,1.764035,false,0.000000,0,6,0.962005
1779158630.749230,2026-05-18T21:43:50,0.018008,SVJ,false,CRUISING,63049,0.950000,0.950000,0.950000,0.700000,0.045001,false,,,,,,,,1.764035,false,0.000000,0,6,0.958403
1779158630.767319,2026-05-18T21:43:50,0.017995,SVJ,false,CRUISING,63049,0.950000,0.950000,0.950000,0.700000,0.045001,false,,,,,,,,1.764035,false,0.000000,0,6,0.955882
1779158630.785241,2026-05-18T21:43:50,0.018006,SVJ,false,CRUISING,63049,0.950000,0.950000,0.950000,0.700000,0.045001,false,,,,,,,,1.764035,false,0.000000,0,6,0.954118
1779158630.803221,2026-05-18T21:43:50,0.017993,SVJ,false,CRUISING,63049,0.950000,0.950000,0.950000,0.700000,0.045001,false,,,,,,,,1.764035,false,0.000000,0,6,0.952882
1779158630.821208,2026-05-18T21:43:50,0.017993,SVJ,false,CRUISING,63049,0.950000,0.950000,0.950000,0.700000,0.045001,false,,,,,,,,1.764035,false,0.000000,0,6,0.952018
1779158630.839217,2026-05-18T21:43:50,0.018000,SVJ,false,CRUISING,63049,0.950000,0.950000,0.950000,0.700000,0.045001,false,,,,,,,,1.764035,false,0.000000,0,6,0.951412
1779158630.857201,2026-05-18T21:43:50,0.017998,SVJ,false,CRUISING,63049,0.950000,0.950000,0.950000,0.700000,0.045001,false,,,,,,,,1.764035,false,0.000000,0,6,0.950989
1779158630.875266,2026-05-18T21:43:50,0.018021,SVJ,false,CRUISING,63049,0.950000,0.950000,0.950000,0.700000,0.045001,false,,,,,,,,1.764035,false,0.000000,0,6,0.950692
1779158630.893250,2026-05-18T21:43:50,0.017982,SVJ,false,CRUISING,63049,0.950000,0.950000,0.950000,0.700000,0.045001,false,,,,,,,,1.764035,false,0.000000,0,6,0.950484
1779158630.911796,2026-05-18T21:43:50,0.018301,SVJ,false,CRUISING,63049,0.950000,0.950000,0.950000,0.700000,0.045001,false,,,,,,,,1.764035,false,0.000000,0,6,0.950339
1779158630.929238,2026-05-18T21:43:50,0.017706,SVJ,false,CRUISING,63049,0.950000,0.950000,0.950000,0.700000,0.045001,false,,,,,,,,1.764035,false,0.000000,0,6,0.950237
1779158630.947262,2026-05-18T21:43:50,0.017997,SVJ,false,CRUISING,63049,0.950000,0.950000,0.950000,0.700000,0.045001,false,,,,,,,,1.764035,false,0.000000,0,6,0.950166
1779158630.965261,2026-05-18T21:43:50,0.018005,SVJ,false,CRUISING,63049,0.950000,0.950000,0.950000,0.700000,0.045001,false,,,,,,,,1.764035,false,0.000000,0,6,0.950116
1779158630.983243,2026-05-18T21:43:50,0.017996,SVJ,false,CRUISING,63049,0.950000,0.950000,0.950000,0.700000,0.045001,false,,,,,,,,1.764035,false,0.000000,0,6,0.950081
1779158631.001251,2026-05-18T21:43:51,0.017996,SVJ,false,CRUISING,63049,0.950000,0.950000,0.950000,0.700000,0.045001,false,,,,,,,,1.764035,false,0.000000,0,6,0.950057
1779158631.018215,2026-05-18T21:43:51,0.016997,SVJ,false,CRUISING,63049,0.950000,0.950000,0.950000,0.700000,0.045001,false,,,,,,,,1.764035,false,0.000000,0,6,0.950040
1779158631.036243,2026-05-18T21:43:51,0.018025,SVJ,false,CRUISING,63049,0.950000,0.950000,0.950000,0.700000,0.045001,false,,,,,,,,1.764035,false,0.000000,0,6,0.950028
1779158631.054205,2026-05-18T21:43:51,0.017975,SVJ,false,CRUISING,63049,0.950000,0.950000,0.950000,0.700000,0.045001,false,,,,,,,,1.764035,false,0.000000,0,6,0.950020
1779158631.072235,2026-05-18T21:43:51,0.018010,SVJ,false,CRUISING,63049,0.950000,0.950000,0.950000,0.700000,0.045001,false,,,,,,,,1.764035,false,0.000000,0,6,0.950014
1779158631.090215,2026-05-18T21:43:51,0.017994,SVJ,false,CRUISING,63049,0.950000,0.950000,0.950000,0.700000,0.045001,false,,,,,,,,1.764035,false,0.000000,0,6,0.950010
1779158631.108228,2026-05-18T21:43:51,0.018000,SVJ,false,CRUISING,63049,0.950000,0.950000,0.950000,0.700000,0.045001,false,,,,,,,,1.764035,false,0.000000,0,6,0.950007
1779158631.126210,2026-05-18T21:43:51,0.017999,SVJ,false,CRUISING,63049,0.950000,0.950000,0.950000,0.700000,0.045001,false,,,,,,,,1.764035,false,0.000000,0,6,0.950005
1779158631.144230,2026-05-18T21:43:51,0.018018,SVJ,false,CRUISING,63049,0.950000,0.950000,0.950000,0.700000,0.045001,false,,,,,,,,1.764035,false,0.000000,0,6,0.950003
1779158631.162238,2026-05-18T21:43:51,0.017995,SVJ,false,CRUISING,63049,0.950000,0.950000,0.950000,0.700000,0.045001,false,,,,,,,,1.764035,false,0.000000,0,6,0.950002
1779158631.180498,2026-05-18T21:43:51,0.018001,SVJ,false,CRUISING,60563,0.900000,0.940000,0.900000,0.700000,0.045001,false,,,,,,,,1.764035,false,0.000000,0,6,0.935002
1779158631.198236,2026-05-18T21:43:51,0.017994,SVJ,false,CRUISING,60563,0.900000,0.930000,0.900000,0.700000,0.045001,false,,,,,,,,1.764035,false,0.000000,0,6,0.924501
1779158631.216521,2026-05-18T21:43:51,0.018009,SVJ,false,CRUISING,58078,0.850000,0.910000,0.850000,0.700000,0.045001,false,,,,,,,,1.764035,false,0.000000,0,6,0.902151
1779158631.234222,2026-05-18T21:43:51,0.017985,SVJ,false,CRUISING,58078,0.850000,0.890000,0.850000,0.700000,0.045001,false,,,,,,,,1.764035,false,0.000000,0,6,0.886506
1779158631.252614,2026-05-18T21:43:51,0.018034,SVJ,false,CRUISING,55592,0.800000,0.860000,0.800000,0.700000,0.045001,false,,,,,,,,1.764035,false,0.000000,0,6,0.860554
1779158631.270484,2026-05-18T21:43:51,0.017979,SVJ,false,CRUISING,53106,0.750000,0.830000,0.750000,0.700000,0.045001,false,,,,,,,,1.764035,false,0.000000,0,6,0.827388
1779158631.288213,2026-05-18T21:43:51,0.017984,SVJ,false,CRUISING,53106,0.750000,0.800000,0.750000,0.700000,0.045001,false,,,,,,,,1.764035,false,0.000000,0,6,0.804171
1779158631.306456,2026-05-18T21:43:51,0.018007,SVJ,false,CRUISING,50621,0.700000,0.770000,0.700000,0.700000,0.045001,false,,,,,,,,1.764035,false,0.000000,0,6,0.772920
1779158631.324241,2026-05-18T21:43:51,0.018000,SVJ,false,CRUISING,50621,0.700000,0.740000,0.700000,0.700000,0.045001,false,,,,,,,,1.764035,false,0.000000,0,6,0.751044
1779158631.342251,2026-05-18T21:43:51,0.018005,SVJ,false,CRUISING,50621,0.700000,0.720000,0.700000,0.700000,0.045001,false,,,,,,,,1.764035,false,0.000000,0,6,0.735731
1779158631.360553,2026-05-18T21:43:51,0.018010,SVJ,false,CRUISING,48135,0.650000,0.700000,0.650000,0.700000,0.045001,false,,,,,,,,1.764035,false,0.000000,0,6,0.710011
1779158631.378216,2026-05-18T21:43:51,0.017977,SVJ,false,CRUISING,48135,0.650000,0.680000,0.650000,0.700000,0.045001,false,,,,,,,,1.764035,false,0.000000,0,6,0.692008
1779158631.396488,2026-05-18T21:43:51,0.018000,SVJ,false,CRUISING,45650,0.600000,0.660000,0.600000,0.700000,0.045001,false,,,,,,,,1.764035,false,0.000000,0,6,0.664406
1779158631.414476,2026-05-18T21:43:51,0.018014,SVJ,false,CRUISING,43164,0.550000,0.630000,0.550000,0.700000,0.045001,false,,,,,,,,1.764035,false,0.000000,0,6,0.630084
1779158631.432239,2026-05-18T21:43:51,0.017992,SVJ,false,CRUISING,43164,0.550000,0.600000,0.550000,0.700000,0.045001,false,,,,,,,,1.764035,false,0.000000,0,6,0.606059
1779158631.450429,2026-05-18T21:43:51,0.018006,SVJ,false,CRUISING,40678,0.500000,0.570000,0.500000,0.700000,0.045001,false,,,,,,,,1.764035,false,0.000000,0,6,0.574241
1779158631.468272,2026-05-18T21:43:51,0.018011,SVJ,false,CRUISING,40678,0.500000,0.540000,0.500000,0.700000,0.045001,false,,,,,,,,1.764035,false,0.000000,0,6,0.551969
1779158631.486573,2026-05-18T21:43:51,0.017981,SVJ,false,CRUISING,38193,0.450000,0.510000,0.450000,0.700000,0.045001,false,,,,,,,,1.764035,false,0.000000,0,6,0.521378
1779158631.504459,2026-05-18T21:43:51,0.018004,SVJ,false,CRUISING,35707,0.400000,0.480000,0.400000,0.700000,0.045001,false,,,,,,,,1.764035,false,0.000000,0,6,0.484965
1779158631.522254,2026-05-18T21:43:51,0.017998,SVJ,false,CRUISING,35707,0.400000,0.450000,0.400000,0.700000,0.045001,false,,,,,,,,1.764035,false,0.000000,0,6,0.459475
1779158631.540449,2026-05-18T21:43:51,0.018010,SVJ,false,CRUISING,33222,0.350000,0.420000,0.350000,0.700000,0.045001,false,,,,,,,,1.764035,false,0.000000,0,6,0.426633
1779158631.558251,2026-05-18T21:43:51,0.017988,SVJ,false,CRUISING,33222,0.350000,0.390000,0.350000,0.700000,0.045001,false,,,,,,,,1.764035,false,0.000000,0,6,0.403643
1779158631.576459,2026-05-18T21:43:51,0.018003,SVJ,false,CRUISING,30736,0.300000,0.360000,0.300000,0.700000,0.045001,false,,,,,,,,1.764035,false,0.000000,0,6,0.372550
1779158631.594241,2026-05-18T21:43:51,0.017994,SVJ,false,CRUISING,30736,0.300000,0.340000,0.300000,0.700000,0.045001,false,,,,,,,,1.764035,false,0.000000,0,6,0.350785
1779158631.612456,2026-05-18T21:43:51,0.018005,SVJ,false,CRUISING,28250,0.250000,0.310000,0.250000,0.700000,0.045001,false,,,,,,,,1.764035,false,0.000000,0,6,0.320549
1779158631.630238,2026-05-18T21:43:51,0.017995,SVJ,false,CRUISING,28250,0.250000,0.290000,0.250000,0.700000,0.045001,false,,,,,,,,1.764035,false,0.000000,0,6,0.299384
1779158631.648495,2026-05-18T21:43:51,0.018004,SVJ,false,CRUISING,25765,0.200000,0.260000,0.200000,0.700000,0.045001,false,,,,,,,,1.764035,false,0.000000,0,6,0.269569
1779158631.666245,2026-05-18T21:43:51,0.017997,SVJ,false,CRUISING,25765,0.200000,0.240000,0.200000,0.700000,0.045001,false,,,,,,,,1.764035,false,0.000000,0,6,0.248698
1779158631.684467,2026-05-18T21:43:51,0.017999,SVJ,false,CRUISING,23279,0.150000,0.210000,0.150000,0.700000,0.045001,false,,,,,,,,1.764035,false,0.000000,0,6,0.219089
1779158631.702494,2026-05-18T21:43:51,0.018017,SVJ,false,CRUISING,20794,0.100000,0.180000,0.100000,0.700000,0.045001,false,,,,,,,,1.764035,false,0.000000,0,6,0.183362
1779158631.720334,2026-05-18T21:43:51,0.018056,SVJ,false,CRUISING,20794,0.100000,0.150000,0.100000,0.700000,0.045001,false,,,,,,,,1.764035,false,0.000000,0,6,0.158353
1779158631.738471,2026-05-18T21:43:51,0.017928,SVJ,false,DECELERATING,18308,0.050000,0.120000,0.050000,0.700000,0.045001,false,,,,,,,,1.764035,false,0.000000,0,6,0.125847
1779158631.756242,2026-05-18T21:43:51,0.018002,SVJ,false,DECELERATING,18308,0.050000,0.090000,0.050000,0.700000,0.045001,false,,,,,,,,1.764035,false,0.000000,0,6,0.103093
1779158631.774442,2026-05-18T21:43:51,0.017996,SVJ,false,DECELERATING,15823,0.000000,0.060000,0.000000,0.700000,0.045001,false,,,,,,,,1.764035,false,0.000000,0,6,0.072165
1779158631.792288,2026-05-18T21:43:51,0.018004,SVJ,false,DECELERATING,15823,0.000000,0.040000,0.000000,0.700000,0.045001,false,,,,,,,,1.764035,false,0.000000,0,6,0.050516
1779158631.810629,2026-05-18T21:43:51,0.018063,SVJ,false,DECELERATING,15823,0.000000,0.020000,0.000000,0.700000,0.045001,false,,,,,,,,1.764035,false,0.000000,0,6,0.035361
1779158631.828258,2026-05-18T21:43:51,0.017945,SVJ,false,DECELERATING,15823,0.000000,0.010000,0.000000,0.700000,0.045001,false,,,,,,,,1.764035,false,0.000000,0,6,0.024753
1779158631.846492,2026-05-18T21:43:51,0.017994,SVJ,false,DECELERATING,15823,0.000000,0.000000,0.000000,0.700000,0.045001,false,,,,,,,,1.764035,false,0.000000,0,6,0.017327
1779158631.864498,2026-05-18T21:43:51,0.017998,SVJ,false,DECELERATING,15823,0.000000,0.000000,0.000000,0.700000,0.045001,false,,,,,,,,1.764035,false,0.000000,0,6,0.012129
1779158631.882239,2026-05-18T21:43:51,0.018002,SVJ,false,DECELERATING,15823,0.000000,0.000000,0.000000,0.700000,0.045001,false,,,,,,,,1.764035,false,0.000000,0,6,0.008490
1779158631.900247,2026-05-18T21:43:51,0.018010,SVJ,false,DECELERATING,15823,0.000000,0.000000,0.000000,0.700000,0.045001,false,,,,,,,,1.764035,false,0.000000,0,6,0.005943
1779158631.918480,2026-05-18T21:43:51,0.017991,SVJ,false,DECELERATING,15823,0.000000,0.000000,0.000000,0.700000,0.045001,false,,,,,,,,1.764035,false,0.000000,0,6,0.004160
1779158631.936246,2026-05-18T21:43:51,0.017996,SVJ,false,DECELERATING,15823,0.000000,0.000000,0.000000,0.700000,0.045001,false,,,,,,,,1.764035,false,0.000000,0,6,0.002912
1779158631.954462,2026-05-18T21:43:51,0.018014,SVJ,false,DECELERATING,15823,0.000000,0.000000,0.000000,0.700000,0.045001,false,,,,,,,,1.764035,false,0.000000,0,6,0.002038
1779158631.972490,2026-05-18T21:43:51,0.017990,SVJ,false,DECELERATING,15823,0.000000,0.000000,0.000000,0.700000,0.045001,false,,,,,,,,1.764035,false,0.000000,0,6,0.001427
1779158631.990282,2026-05-18T21:43:51,0.017997,SVJ,false,DECELERATING,15823,0.000000,0.000000,0.000000,0.700000,0.045001,false,,,,,,,,1.764035,false,0.000000,0,6,0.000999
1779158632.008573,2026-05-18T21:43:52,0.018002,SVJ,false,DECELERATING,15823,0.000000,0.000000,0.000000,0.700000,0.045001,false,,,,,,,,1.764035,false,0.000000,0,6,0.000699
1779158632.026239,2026-05-18T21:43:52,0.017995,SVJ,false,DECELERATING,15823,0.000000,0.000000,0.000000,0.700000,0.045001,false,,,,,,,,1.764035,false,0.000000,0,6,0.000489
1779158632.044528,2026-05-18T21:43:52,0.018009,SVJ,false,DECELERATING,15823,0.000000,0.000000,0.000000,0.700000,0.045001,false,,,,,,,,1.764035,false,0.000000,0,6,0.000343
1779158632.062275,2026-05-18T21:43:52,0.018002,SVJ,false,DECELERATING,15823,0.000000,0.000000,0.000000,0.700000,0.045001,false,,,,,,,,1.764035,false,0.000000,0,6,0.000240
1779158632.080481,2026-05-18T21:43:52,0.018003,SVJ,false,DECELERATING,15823,0.000000,0.000000,0.000000,0.700000,0.045001,false,,,,,,,,1.764035,false,0.000000,0,6,0.000168
1779158632.098477,2026-05-18T21:43:52,0.017992,SVJ,false,DECELERATING,15823,0.000000,0.000000,0.000000,0.700000,0.045001,false,,,,,,,,1.764035,false,0.000000,0,6,0.000118
1779158632.116285,2026-05-18T21:43:52,0.018003,SVJ,false,DECELERATING,15823,0.000000,0.000000,0.000000,0.700000,0.045001,false,,,,,,,,1.764035,false,0.000000,0,6,0.000082
1779158632.134484,2026-05-18T21:43:52,0.017992,SVJ,false,DECELERATING,15823,0.000000,0.000000,0.000000,0.700000,0.045001,false,,,,,,,,1.764035,false,0.000000,0,6,0.000058
1779158632.152250,2026-05-18T21:43:52,0.018003,SVJ,false,DECELERATING,15823,0.000000,0.000000,0.000000,0.700000,0.045001,false,,,,,,,,1.764035,false,0.000000,0,6,0.000040
1779158632.170510,2026-05-18T21:43:52,0.018013,SVJ,false,DECELERATING,15823,0.000000,0.000000,0.000000,0.700000,0.045001,false,,,,,,,,1.764035,false,0.000000,0,6,0.000028
1779158632.188255,2026-05-18T21:43:52,0.018001,SVJ,false,DECELERATING,15823,0.000000,0.000000,0.000000,0.700000,0.045001,false,,,,,,,,1.764035,false,0.000000,0,6,0.000020
1779158632.206529,2026-05-18T21:43:52,0.017988,SVJ,false,DECELERATING,15823,0.000000,0.000000,0.000000,0.700000,0.045001,false,,,,,,,,1.764035,false,0.000000,0,6,0.000014
1779158632.224253,2026-05-18T21:43:52,0.017995,SVJ,false,DECELERATING,15823,0.000000,0.000000,0.000000,0.700000,0.045001,false,,,,,,,,1.764035,false,0.000000,0,6,0.000010
1779158632.242546,2026-05-18T21:43:52,0.017998,SVJ,false,DECELERATING,15823,0.000000,0.000000,0.000000,0.700000,0.045001,false,,,,,,,,1.764035,false,0.000000,0,6,0.000007
1779158632.260272,2026-05-18T21:43:52,0.018035,SVJ,false,DECELERATING,15823,0.000000,0.000000,0.000000,0.700000,0.045001,false,,,,,,,,1.764035,false,0.000000,0,6,0.000005
1779158632.278264,2026-05-18T21:43:52,0.017967,SVJ,false,DECELERATING,15823,0.000000,0.000000,0.000000,0.700000,0.045001,false,,,,,,,,1.764035,false,0.000000,0,6,0.000003
1779158632.296246,2026-05-18T21:43:52,0.017999,SVJ,false,DECELERATING,15823,0.000000,0.000000,0.000000,0.700000,0.045001,false,,,,,,,,1.764035,false,0.000000,0,6,0.000002
1779158632.314293,2026-05-18T21:43:52,0.018024,SVJ,false,DECELERATING,15823,0.000000,0.000000,0.000000,0.700000,0.045001,false,,,,,,,,1.764035,false,0.000000,0,6,0.000002
1779158632.332301,2026-05-18T21:43:52,0.017991,SVJ,false,DECELERATING,15823,0.000000,0.000000,0.000000,0.700000,0.045001,false,,,,,,,,1.764035,false,0.000000,0,6,0.000001
1779158632.350273,2026-05-18T21:43:52,0.018002,SVJ,false,DECELERATING,15823,0.000000,0.000000,0.000000,0.700000,0.045001,false,,,,,,,,1.764035,false,0.000000,0,6,0.000001
1779158632.368282,2026-05-18T21:43:52,0.017981,SVJ,false,DECELERATING,15823,0.000000,0.000000,0.000000,0.700000,0.045001,false,,,,,,,,1.764035,false,0.000000,0,6,0.000001
1779158632.386407,2026-05-18T21:43:52,0.018016,SVJ,false,DECELERATING,15823,0.000000,0.000000,0.000000,0.700000,0.045001,false,,,,,,,,1.764035,false,0.000000,0,6,0.000000
1779158632.404336,2026-05-18T21:43:52,0.018062,SVJ,false,DECELERATING,15823,0.000000,0.000000,0.000000,0.700000,0.045001,false,,,,,,,,1.764035,false,0.000000,0,6,0.000000
1779158632.422278,2026-05-18T21:43:52,0.017943,SVJ,false,DECELERATING,15823,0.000000,0.000000,0.000000,0.700000,0.045001,false,,,,,,,,1.764035,false,0.000000,0,6,0.000000
1779158632.440262,2026-05-18T21:43:52,0.017987,SVJ,false,DECELERATING,15823,0.000000,0.000000,0.000000,0.700000,0.045001,false,,,,,,,,1.764035,false,0.000000,0,6,0.000000
1779158632.458255,2026-05-18T21:43:52,0.017998,SVJ,false,DECELERATING,15823,0.000000,0.000000,0.000000,0.700000,0.045001,false,,,,,,,,1.764035,false,0.000000,0,6,0.000000
1779158632.476261,2026-05-18T21:43:52,0.018010,SVJ,false,DECELERATING,15823,0.000000,0.000000,0.000000,0.700000,0.045001,false,,,,,,,,1.764035,false,0.000000,0,6,0.000000
1779158632.494250,2026-05-18T21:43:52,0.017987,SVJ,false,DECELERATING,15823,0.000000,0.000000,0.000000,0.700000,0.045001,false,,,,,,,,1.764035,false,0.000000,0,6,0.000000
1779158632.512260,2026-05-18T21:43:52,0.018003,SVJ,false,DECELERATING,15823,0.000000,0.000000,0.000000,0.700000,0.045001,false,,,,,,,,1.764035,false,0.000000,0,6,0.000000
1779158632.530363,2026-05-18T21:43:52,0.018011,SVJ,false,DECELERATING,15823,0.000000,0.000000,0.000000,0.700000,0.045001,false,,,,,,,,1.764035,false,0.000000,0,6,0.000000
1779158632.548270,2026-05-18T21:43:52,0.017984,SVJ,false,DECELERATING,15823,0.000000,0.000000,0.000000,0.700000,0.045001,false,,,,,,,,1.764035,false,0.000000,0,6,0.000000
1779158632.566275,2026-05-18T21:43:52,0.018006,SVJ,false,DECELERATING,15823,0.000000,0.000000,0.000000,0.700000,0.045001,false,,,,,,,,1.764035,false,0.000000,0,6,0.000000
1779158632.584267,2026-05-18T21:43:52,0.017998,SVJ,false,DECELERATING,15823,0.000000,0.000000,0.000000,0.700000,0.045001,false,,,,,,,,1.764035,false,0.000000,0,6,0.000000
1779158632.602284,2026-05-18T21:43:52,0.018021,SVJ,false,DECELERATING,15823,0.000000,0.000000,0.000000,0.700000,0.045001,false,,,,,,,,1.764035,false,0.000000,0,6,0.000000
1779158632.620285,2026-05-18T21:43:52,0.018000,SVJ,false,DECELERATING,15823,0.000000,0.000000,0.000000,0.700000,0.045001,false,,,,,,,,1.764035,false,0.000000,0,6,0.000000
1779158632.638272,2026-05-18T21:43:52,0.017988,SVJ,false,DECELERATING,15823,0.000000,0.000000,0.000000,0.700000,0.045001,false,,,,,,,,1.764035,false,0.000000,0,6,0.000000
1779158632.656250,2026-05-18T21:43:52,0.017990,SVJ,false,DECELERATING,15823,0.000000,0.000000,0.000000,0.700000,0.045001,false,,,,,,,,1.764035,false,0.000000,0,6,0.000000
1779158632.674258,2026-05-18T21:43:52,0.018000,SVJ,false,DECELERATING,15823,0.000000,0.000000,0.000000,0.700000,0.045001,false,,,,,,,,1.764035,false,0.000000,0,6,0.000000
1779158632.692264,2026-05-18T21:43:52,0.018003,SVJ,false,DECELERATING,15823,0.000000,0.000000,0.000000,0.700000,0.045001,false,,,,,,,,1.764035,false,0.000000,0,6,0.000000
1779158632.710273,2026-05-18T21:43:52,0.017995,SVJ,false,DECELERATING,15823,0.000000,0.000000,0.000000,0.700000,0.045001,false,,,,,,,,1.764035,false,0.000000,0,6,0.000000
1779158632.728270,2026-05-18T21:43:52,0.018005,SVJ,false,DECELERATING,15823,0.000000,0.000000,0.000000,0.700000,0.045001,false,,,,,,,,1.764035,false,0.000000,0,6,0.000000
1779158632.746275,2026-05-18T21:43:52,0.018009,SVJ,false,DECELERATING,15823,0.000000,0.000000,0.000000,0.700000,0.045001,false,,,,,,,,1.764035,false,0.000000,0,6,0.000000
1779158632.764266,2026-05-18T21:43:52,0.017988,SVJ,false,DECELERATING,15823,0.000000,0.000000,0.000000,0.700000,0.045001,false,,,,,,,,1.764035,false,0.000000,0,6,0.000000
1779158632.782324,2026-05-18T21:43:52,0.018002,SVJ,false,DECELERATING,15823,0.000000,0.000000,0.000000,0.700000,0.045001,false,,,,,,,,1.764035,false,0.000000,0,6,0.000000
1779158632.800342,2026-05-18T21:43:52,0.018043,SVJ,false,DECELERATING,15823,0.000000,0.000000,0.000000,0.700000,0.045001,false,,,,,,,,1.764035,false,0.000000,0,6,0.000000
1779158632.818275,2026-05-18T21:43:52,0.017953,SVJ,false,DECELERATING,15823,0.000000,0.000000,0.000000,0.700000,0.045001,false,,,,,,,,1.764035,false,0.000000,0,6,0.000000
1779158632.836285,2026-05-18T21:43:52,0.018010,SVJ,false,DECELERATING,15823,0.000000,0.000000,0.000000,0.700000,0.045001,false,,,,,,,,1.764035,false,0.000000,0,6,0.000000
1779158632.854278,2026-05-18T21:43:52,0.017991,SVJ,false,DECELERATING,15823,0.000000,0.000000,0.000000,0.700000,0.045001,false,,,,,,,,1.764035,false,0.000000,0,6,0.000000
1779158632.872274,2026-05-18T21:43:52,0.018004,SVJ,false,DECELERATING,15823,0.000000,0.000000,0.000000,0.700000,0.045001,false,,,,,,,,1.764035,false,0.000000,0,6,0.000000
1779158632.890368,2026-05-18T21:43:52,0.017996,SVJ,false,DECELERATING,15823,0.000000,0.000000,0.000000,0.700000,0.045001,false,,,,,,,,1.764035,false,0.000000,0,6,0.000000
1779158632.908313,2026-05-18T21:43:52,0.018020,SVJ,false,DECELERATING,15823,0.000000,0.000000,0.000000,0.700000,0.045001,false,,,,,,,,1.764035,false,0.000000,0,6,0.000000
1779158632.926277,2026-05-18T21:43:52,0.017982,SVJ,false,DECELERATING,15823,0.000000,0.000000,0.000000,0.700000,0.045001,false,,,,,,,,1.764035,false,0.000000,0,6,0.000000
1779158632.944285,2026-05-18T21:43:52,0.018020,SVJ,false,DECELERATING,15823,0.000000,0.000000,0.000000,0.700000,0.045001,false,,,,,,,,1.764035,false,0.000000,0,6,0.000000
1779158632.962274,2026-05-18T21:43:52,0.017983,SVJ,false,DECELERATING,15823,0.000000,0.000000,0.000000,0.700000,0.045001,false,,,,,,,,1.764035,false,0.000000,0,6,0.000000
1779158632.980318,2026-05-18T21:43:52,0.018019,SVJ,false,DECELERATING,15823,0.000000,0.000000,0.000000,0.700000,0.045001,false,,,,,,,,1.764035,false,0.000000,0,6,0.000000
1779158632.998280,2026-05-18T21:43:52,0.017981,SVJ,false,DECELERATING,15823,0.000000,0.000000,0.000000,0.700000,0.045001,false,,,,,,,,1.764035,false,0.000000,0,6,0.000000
1779158633.016271,2026-05-18T21:43:53,0.018004,SVJ,false,DECELERATING,15823,0.000000,0.000000,0.000000,0.700000,0.045001,false,,,,,,,,1.764035,false,0.000000,0,6,0.000000
1779158633.034374,2026-05-18T21:43:53,0.017992,SVJ,false,DECELERATING,15823,0.000000,0.000000,0.000000,0.700000,0.045001,false,,,,,,,,1.764035,false,0.000000,0,6,0.000000
1779158633.052283,2026-05-18T21:43:53,0.018014,SVJ,false,DECELERATING,15823,0.000000,0.000000,0.000000,0.700000,0.045001,false,,,,,,,,1.764035,false,0.000000,0,6,0.000000
1779158633.070289,2026-05-18T21:43:53,0.017992,SVJ,false,DECELERATING,15823,0.000000,0.000000,0.000000,0.700000,0.045001,false,,,,,,,,1.764035,false,0.000000,0,6,0.000000
1779158633.088293,2026-05-18T21:43:53,0.018007,SVJ,false,DECELERATING,15823,0.000000,0.000000,0.000000,0.700000,0.045001,false,,,,,,,,1.764035,false,0.000000,0,6,0.000000
1779158633.106294,2026-05-18T21:43:53,0.017987,SVJ,false,DECELERATING,15823,0.000000,0.000000,0.000000,0.700000,0.045001,false,,,,,,,,1.764035,false,0.000000,0,6,0.000000
1779158633.124294,2026-05-18T21:43:53,0.018005,SVJ,false,DECELERATING,15823,0.000000,0.000000,0.000000,0.700000,0.045001,false,,,,,,,,1.764035,false,0.000000,0,6,0.000000
1779158633.142294,2026-05-18T21:43:53,0.018005,SVJ,false,DECELERATING,15823,0.000000,0.000000,0.000000,0.700000,0.045001,false,,,,,,,,1.764035,false,0.000000,0,6,0.000000
1779158633.160290,2026-05-18T21:43:53,0.017992,SVJ,false,DECELERATING,15823,0.000000,0.000000,0.000000,0.700000,0.045001,false,,,,,,,,1.764035,false,0.000000,0,6,0.000000
1779158633.178543,2026-05-18T21:43:53,0.018011,SVJ,false,DECELERATING,15823,0.000000,0.000000,0.000000,0.700000,0.045001,false,,,,,,,,1.764035,false,0.000000,0,5,0.000000
1779158633.196288,2026-05-18T21:43:53,0.017992,SVJ,false,DECELERATING,15823,0.000000,0.000000,0.000000,0.700000,0.045001,false,,,,,,,,1.764035,false,0.000000,0,5,0.000000
1779158633.214270,2026-05-18T21:43:53,0.017996,SVJ,false,DECELERATING,15823,0.000000,0.000000,0.000000,0.700000,0.045001,false,,,,,,,,1.764035,false,0.000000,0,5,0.000000
1779158633.232285,2026-05-18T21:43:53,0.018003,SVJ,false,DECELERATING,15823,0.000000,0.000000,0.000000,0.700000,0.045001,false,,,,,,,,1.764035,false,0.000000,0,5,0.000000
1779158633.250330,2026-05-18T21:43:53,0.018001,SVJ,false,DECELERATING,15823,0.000000,0.000000,0.000000,0.700000,0.045001,false,,,,,,,,1.764035,false,0.000000,0,5,0.000000
1779158633.268279,2026-05-18T21:43:53,0.018006,SVJ,false,DECELERATING,15823,0.000000,0.000000,0.000000,0.700000,0.045001,false,,,,,,,,1.764035,false,0.000000,0,5,0.000000
1779158633.286296,2026-05-18T21:43:53,0.018006,SVJ,false,DECELERATING,15823,0.000000,0.000000,0.000000,0.700000,0.045001,false,,,,,,,,1.764035,false,0.000000,0,5,0.000000
1779158633.304359,2026-05-18T21:43:53,0.017988,SVJ,false,DECELERATING,15823,0.000000,0.000000,0.000000,0.700000,0.045001,false,,,,,,,,1.764035,false,0.000000,0,5,0.000000
1779158633.322332,2026-05-18T21:43:53,0.018024,SVJ,false,DECELERATING,15823,0.000000,0.000000,0.000000,0.700000,0.045001,false,,,,,,,,1.764035,false,0.000000,0,5,0.000000
1779158633.340281,2026-05-18T21:43:53,0.017976,SVJ,false,DECELERATING,15823,0.000000,0.000000,0.000000,0.700000,0.045001,false,,,,,,,,1.764035,false,0.000000,0,5,0.000000
1779158633.358288,2026-05-18T21:43:53,0.017997,SVJ,false,DECELERATING,15823,0.000000,0.000000,0.000000,0.700000,0.045001,false,,,,,,,,1.764035,false,0.000000,0,5,0.000000
1779158633.376503,2026-05-18T21:43:53,0.018009,SVJ,false,DECELERATING,15823,0.000000,0.000000,0.000000,0.700000,0.045001,false,,,,,,,,1.764035,false,0.000000,0,5,0.000000
1779158633.394289,2026-05-18T21:43:53,0.017994,SVJ,false,DECELERATING,15823,0.000000,0.000000,0.000000,0.700000,0.045001,false,,,,,,,,1.764035,false,0.000000,0,5,0.000000
1779158633.412306,2026-05-18T21:43:53,0.018007,SVJ,false,DECELERATING,15823,0.000000,0.000000,0.000000,0.700000,0.045001,false,,,,,,,,1.764035,false,0.000000,0,5,0.000000
1779158633.430308,2026-05-18T21:43:53,0.017987,SVJ,false,DECELERATING,15823,0.000000,0.000000,0.000000,0.700000,0.045001,false,,,,,,,,1.764035,false,0.000000,0,5,0.000000
1779158633.448316,2026-05-18T21:43:53,0.018015,SVJ,false,DECELERATING,15823,0.000000,0.000000,0.000000,0.700000,0.045001,false,,,,,,,,1.764035,false,0.000000,0,5,0.000000
1779158633.466297,2026-05-18T21:43:53,0.018003,SVJ,false,DECELERATING,15823,0.000000,0.000000,0.000000,0.700000,0.045001,false,,,,,,,,1.764035,false,0.000000,0,5,0.000000
1779158633.484297,2026-05-18T21:43:53,0.017999,SVJ,false,DECELERATING,15823,0.000000,0.000000,0.000000,0.700000,0.045001,false,,,,,,,,1.764035,false,0.000000,0,5,0.000000
1779158633.502297,2026-05-18T21:43:53,0.017992,SVJ,false,DECELERATING,15823,0.000000,0.000000,0.000000,0.700000,0.045001,false,,,,,,,,1.764035,false,0.000000,0,5,0.000000
1779158633.520344,2026-05-18T21:43:53,0.017998,SVJ,false,DECELERATING,15823,0.000000,0.000000,0.000000,0.700000,0.045001,false,,,,,,,,1.764035,false,0.000000,0,5,0.000000
1779158633.538309,2026-05-18T21:43:53,0.018006,SVJ,false,DECELERATING,15823,0.000000,0.000000,0.000000,0.700000,0.045001,false,,,,,,,,1.764035,false,0.000000,0,5,0.000000
1779158633.556281,2026-05-18T21:43:53,0.017989,SVJ,false,DECELERATING,15823,0.000000,0.000000,0.000000,0.700000,0.045001,false,,,,,,,,1.764035,false,0.000000,0,5,0.000000
1779158633.574279,2026-05-18T21:43:53,0.018005,SVJ,false,DECELERATING,15823,0.000000,0.000000,0.000000,0.700000,0.045001,false,,,,,,,,1.764035,false,0.000000,0,5,0.000000
1779158633.592299,2026-05-18T21:43:53,0.018001,SVJ,false,DECELERATING,15823,0.000000,0.000000,0.000000,0.700000,0.045001,false,,,,,,,,1.764035,false,0.000000,0,5,0.000000
1779158633.610343,2026-05-18T21:43:53,0.017999,SVJ,false,DECELERATING,15823,0.000000,0.000000,0.000000,0.700000,0.045001,false,,,,,,,,1.764035,false,0.000000,0,5,0.000000
1779158633.628315,2026-05-18T21:43:53,0.018009,SVJ,false,DECELERATING,15823,0.000000,0.000000,0.000000,0.700000,0.045001,false,,,,,,,,1.764035,false,0.000000,0,5,0.000000
1779158633.646326,2026-05-18T21:43:53,0.017986,SVJ,false,DECELERATING,15823,0.000000,0.000000,0.000000,0.700000,0.045001,false,,,,,,,,1.764035,false,0.000000,0,5,0.000000
1779158633.664331,2026-05-18T21:43:53,0.018013,SVJ,false,DECELERATING,15823,0.000000,0.000000,0.000000,0.700000,0.045001,false,,,,,,,,1.764035,false,0.000000,0,5,0.000000
1779158633.682289,2026-05-18T21:43:53,0.017990,SVJ,false,DECELERATING,15823,0.000000,0.000000,0.000000,0.700000,0.045001,false,,,,,,,,1.764035,false,0.000000,0,5,0.000000
1779158633.700297,2026-05-18T21:43:53,0.018003,SVJ,false,DECELERATING,15823,0.000000,0.000000,0.000000,0.700000,0.045001,false,,,,,,,,1.764035,false,0.000000,0,5,0.000000
1779158633.718319,2026-05-18T21:43:53,0.017998,SVJ,false,DECELERATING,15823,0.000000,0.000000,0.000000,0.700000,0.045001,false,,,,,,,,1.764035,false,0.000000,0,5,0.000000
1779158633.736312,2026-05-18T21:43:53,0.018013,SVJ,false,DECELERATING,15823,0.000000,0.000000,0.000000,0.700000,0.045001,false,,,,,,,,1.764035,false,0.000000,0,5,0.000000
1779158633.754299,2026-05-18T21:43:53,0.017992,SVJ,false,DECELERATING,15823,0.000000,0.000000,0.000000,0.700000,0.045001,false,,,,,,,,1.764035,false,0.000000,0,5,0.000000
1779158633.772307,2026-05-18T21:43:53,0.017993,SVJ,false,DECELERATING,15823,0.000000,0.000000,0.000000,0.700000,0.045001,false,,,,,,,,1.764035,false,0.000000,0,5,0.000000
1779158633.790320,2026-05-18T21:43:53,0.018006,SVJ,false,DECELERATING,15823,0.000000,0.000000,0.000000,0.700000,0.045001,false,,,,,,,,1.764035,false,0.000000,0,5,0.000000
1779158633.808292,2026-05-18T21:43:53,0.017995,SVJ,false,DECELERATING,15823,0.000000,0.000000,0.000000,0.700000,0.045001,false,,,,,,,,1.764035,false,0.000000,0,5,0.000000
1779158633.826296,2026-05-18T21:43:53,0.017996,SVJ,false,DECELERATING,15823,0.000000,0.000000,0.000000,0.700000,0.045001,false,,,,,,,,1.764035,false,0.000000,0,5,0.000000
1779158633.844372,2026-05-18T21:43:53,0.018009,SVJ,false,DECELERATING,15823,0.000000,0.000000,0.000000,0.700000,0.045001,false,,,,,,,,1.764035,false,0.000000,0,5,0.000000
1779158633.862374,2026-05-18T21:43:53,0.018013,SVJ,false,DECELERATING,15823,0.000000,0.000000,0.000000,0.700000,0.045001,false,,,,,,,,1.764035,false,0.000000,0,5,0.000000
1779158633.880309,2026-05-18T21:43:53,0.017980,SVJ,false,DECELERATING,15823,0.000000,0.000000,0.000000,0.700000,0.045001,false,,,,,,,,1.764035,false,0.000000,0,5,0.000000
1779158633.898299,2026-05-18T21:43:53,0.018000,SVJ,false,DECELERATING,15823,0.000000,0.000000,0.000000,0.700000,0.045001,false,,,,,,,,1.764035,false,0.000000,0,5,0.000000
1779158633.916298,2026-05-18T21:43:53,0.017998,SVJ,false,DECELERATING,15823,0.000000,0.000000,0.000000,0.700000,0.045001,false,,,,,,,,1.764035,false,0.000000,0,5,0.000000
1779158633.934311,2026-05-18T21:43:53,0.018004,SVJ,false,DECELERATING,15823,0.000000,0.000000,0.000000,0.700000,0.045001,false,,,,,,,,1.764035,false,0.000000,0,5,0.000000
1779158633.952322,2026-05-18T21:43:53,0.018014,SVJ,false,DECELERATING,15823,0.000000,0.000000,0.000000,0.700000,0.045001,false,,,,,,,,1.764035,false,0.000000,0,5,0.000000
1779158633.970323,2026-05-18T21:43:53,0.017980,SVJ,false,DECELERATING,15823,0.000000,0.000000,0.000000,0.700000,0.045001,false,,,,,,,,1.764035,false,0.000000,0,5,0.000000
1779158633.988317,2026-05-18T21:43:53,0.018014,SVJ,false,DECELERATING,15823,0.000000,0.000000,0.000000,0.700000,0.045001,false,,,,,,,,1.764035,false,0.000000,0,5,0.000000
1779158634.006313,2026-05-18T21:43:54,0.017988,SVJ,false,DECELERATING,15823,0.000000,0.000000,0.000000,0.700000,0.045001,false,,,,,,,,1.764035,false,0.000000,0,5,0.000000
1779158634.024330,2026-05-18T21:43:54,0.017999,SVJ,false,DECELERATING,15823,0.000000,0.000000,0.000000,0.700000,0.045001,false,,,,,,,,1.764035,false,0.000000,0,5,0.000000
1779158634.042319,2026-05-18T21:43:54,0.018015,SVJ,false,DECELERATING,15823,0.000000,0.000000,0.000000,0.700000,0.045001,false,,,,,,,,1.764035,false,0.000000,0,5,0.000000
1779158634.060374,2026-05-18T21:43:54,0.018067,SVJ,false,DECELERATING,15823,0.000000,0.000000,0.000000,0.700000,0.045001,false,,,,,,,,1.764035,false,0.000000,0,5,0.000000
1779158634.078394,2026-05-18T21:43:54,0.017941,SVJ,false,DECELERATING,15823,0.000000,0.000000,0.000000,0.700000,0.045001,false,,,,,,,,1.764035,false,0.000000,0,5,0.000000
1779158634.096315,2026-05-18T21:43:54,0.017991,SVJ,false,DECELERATING,15823,0.000000,0.000000,0.000000,0.700000,0.045001,false,,,,,,,,1.764035,false,0.000000,0,5,0.000000
1779158634.114314,2026-05-18T21:43:54,0.017987,SVJ,false,DECELERATING,15823,0.000000,0.000000,0.000000,0.700000,0.045001,false,,,,,,,,1.764035,false,0.000000,0,5,0.000000
1779158634.132321,2026-05-18T21:43:54,0.018006,SVJ,false,DECELERATING,15823,0.000000,0.000000,0.000000,0.700000,0.045001,false,,,,,,,,1.764035,false,0.000000,0,5,0.000000
1779158634.150353,2026-05-18T21:43:54,0.018027,SVJ,false,DECELERATING,15823,0.000000,0.000000,0.000000,0.700000,0.045001,false,,,,,,,,1.764035,false,0.000000,0,5,0.000000
1779158634.168361,2026-05-18T21:43:54,0.017970,SVJ,false,DECELERATING,15823,0.000000,0.000000,0.000000,0.700000,0.045001,false,,,,,,,,1.764035,false,0.000000,0,5,0.000000
1779158634.186301,2026-05-18T21:43:54,0.018000,SVJ,false,DECELERATING,15823,0.000000,0.000000,0.000000,0.700000,0.045001,false,,,,,,,,1.764035,false,0.000000,0,5,0.000000
1779158634.204320,2026-05-18T21:43:54,0.018018,SVJ,false,DECELERATING,15823,0.000000,0.000000,0.000000,0.700000,0.045001,false,,,,,,,,1.764035,false,0.000000,0,5,0.000000
1779158634.222315,2026-05-18T21:43:54,0.017982,SVJ,false,DECELERATING,15823,0.000000,0.000000,0.000000,0.700000,0.045001,false,,,,,,,,1.764035,false,0.000000,0,5,0.000000
1779158634.240388,2026-05-18T21:43:54,0.018034,SVJ,false,DECELERATING,15823,0.000000,0.000000,0.000000,0.700000,0.045001,false,,,,,,,,1.764035,false,0.000000,0,5,0.000000
1779158634.258319,2026-05-18T21:43:54,0.017971,SVJ,false,DECELERATING,15823,0.000000,0.000000,0.000000,0.700000,0.045001,false,,,,,,,,1.764035,false,0.000000,0,5,0.000000
1779158634.276317,2026-05-18T21:43:54,0.017993,SVJ,false,DECELERATING,15823,0.000000,0.000000,0.000000,0.700000,0.045001,false,,,,,,,,1.764035,false,0.000000,0,5,0.000000
1779158634.294306,2026-05-18T21:43:54,0.018002,SVJ,false,DECELERATING,15823,0.000000,0.000000,0.000000,0.700000,0.045001,false,,,,,,,,1.764035,false,0.000000,0,5,0.000000
1779158634.312323,2026-05-18T21:43:54,0.018019,SVJ,false,DECELERATING,15823,0.000000,0.000000,0.000000,0.700000,0.045001,false,,,,,,,,1.764035,false,0.000000,0,5,0.000000
1779158634.330365,2026-05-18T21:43:54,0.018007,SVJ,false,DECELERATING,15823,0.000000,0.000000,0.000000,0.700000,0.045001,false,,,,,,,,1.764035,false,0.000000,0,5,0.000000
1779158634.348315,2026-05-18T21:43:54,0.017978,SVJ,false,DECELERATING,15823,0.000000,0.000000,0.000000,0.700000,0.045001,false,,,,,,,,1.764035,false,0.000000,0,5,0.000000
1779158634.365831,2026-05-18T21:43:54,0.017521,SVJ,false,DECELERATING,15823,0.000000,0.000000,0.000000,0.700000,0.045001,false,,,,,,,,1.764035,false,0.000000,0,5,0.000000
1779158634.383825,2026-05-18T21:43:54,0.017991,SVJ,false,DECELERATING,15823,0.000000,0.000000,0.000000,0.700000,0.045001,false,,,,,,,,1.764035,false,0.000000,0,5,0.000000
1779158634.401843,2026-05-18T21:43:54,0.017999,SVJ,false,DECELERATING,15823,0.000000,0.000000,0.000000,0.700000,0.045001,false,,,,,,,,1.764035,false,0.000000,0,5,0.000000
1779158634.419835,2026-05-18T21:43:54,0.018012,SVJ,false,DECELERATING,15823,0.000000,0.000000,0.000000,0.700000,0.045001,false,,,,,,,,1.764035,false,0.000000,0,5,0.000000
1779158634.437919,2026-05-18T21:43:54,0.017988,SVJ,false,DECELERATING,15823,0.000000,0.000000,0.000000,0.700000,0.045001,false,,,,,,,,1.764035,false,0.000000,0,5,0.000000
1779158634.455382,2026-05-18T21:43:54,0.017532,SVJ,false,DECELERATING,15823,0.000000,0.000000,0.000000,0.700000,0.045001,false,,,,,,,,1.764035,false,0.000000,0,5,0.000000
1779158634.473358,2026-05-18T21:43:54,0.017995,SVJ,false,DECELERATING,15823,0.000000,0.000000,0.000000,0.700000,0.045001,false,,,,,,,,1.764035,false,0.000000,0,5,0.000000
1779158634.491343,2026-05-18T21:43:54,0.017991,SVJ,false,DECELERATING,15823,0.000000,0.000000,0.000000,0.700000,0.045001,false,,,,,,,,1.764035,false,0.000000,0,5,0.000000
1779158634.509368,2026-05-18T21:43:54,0.017998,SVJ,false,DECELERATING,15823,0.000000,0.000000,0.000000,0.700000,0.045001,false,,,,,,,,1.764035,false,0.000000,0,5,0.000000
1779158634.527360,2026-05-18T21:43:54,0.018000,SVJ,false,DECELERATING,15823,0.000000,0.000000,0.000000,0.700000,0.045001,false,,,,,,,,1.764035,false,0.000000,0,5,0.000000
1779158634.545355,2026-05-18T21:43:54,0.018006,SVJ,false,DECELERATING,15823,0.000000,0.000000,0.000000,0.700000,0.045001,false,,,,,,,,1.764035,false,0.000000,0,5,0.000000
1779158634.563410,2026-05-18T21:43:54,0.018006,SVJ,false,DECELERATING,15823,0.000000,0.000000,0.000000,0.700000,0.045001,false,,,,,,,,1.764035,false,0.000000,0,5,0.000000
1779158634.581367,2026-05-18T21:43:54,0.017994,SVJ,false,DECELERATING,15823,0.000000,0.000000,0.000000,0.700000,0.045001,false,,,,,,,,1.764035,false,0.000000,0,5,0.000000
1779158634.599367,2026-05-18T21:43:54,0.017996,SVJ,false,DECELERATING,15823,0.000000,0.000000,0.000000,0.700000,0.045001,false,,,,,,,,1.764035,false,0.000000,0,5,0.000000
1779158634.617377,2026-05-18T21:43:54,0.018004,SVJ,false,DECELERATING,15823,0.000000,0.000000,0.000000,0.700000,0.045001,false,,,,,,,,1.764035,false,0.000000,0,5,0.000000
1779158634.635363,2026-05-18T21:43:54,0.017996,SVJ,false,DECELERATING,15823,0.000000,0.000000,0.000000,0.700000,0.045001,false,,,,,,,,1.764035,false,0.000000,0,5,0.000000
1779158634.653377,2026-05-18T21:43:54,0.018005,SVJ,false,DECELERATING,15823,0.000000,0.000000,0.000000,0.700000,0.045001,false,,,,,,,,1.764035,false,0.000000,0,5,0.000000
1779158634.671372,2026-05-18T21:43:54,0.018005,SVJ,false,DECELERATING,15823,0.000000,0.000000,0.000000,0.700000,0.045001,false,,,,,,,,1.764035,false,0.000000,0,5,0.000000
1779158634.689372,2026-05-18T21:43:54,0.018010,SVJ,false,DECELERATING,15823,0.000000,0.000000,0.000000,0.700000,0.045001,false,,,,,,,,1.764035,false,0.000000,0,5,0.000000
1779158634.707353,2026-05-18T21:43:54,0.017978,SVJ,false,DECELERATING,15823,0.000000,0.000000,0.000000,0.700000,0.045001,false,,,,,,,,1.764035,false,0.000000,0,5,0.000000
1779158634.725343,2026-05-18T21:43:54,0.018000,SVJ,false,DECELERATING,15823,0.000000,0.000000,0.000000,0.700000,0.045001,false,,,,,,,,1.764035,false,0.000000,0,5,0.000000
1779158634.743402,2026-05-18T21:43:54,0.018055,SVJ,false,DECELERATING,15823,0.000000,0.000000,0.000000,0.700000,0.045001,false,,,,,,,,1.764035,false,0.000000,0,5,0.000000
1779158634.761411,2026-05-18T21:43:54,0.017960,SVJ,false,DECELERATING,15823,0.000000,0.000000,0.000000,0.700000,0.045001,false,,,,,,,,1.764035,false,0.000000,0,5,0.000000
1779158634.779482,2026-05-18T21:43:54,0.018036,SVJ,false,DECELERATING,15823,0.000000,0.000000,0.000000,0.700000,0.045001,false,,,,,,,,1.764035,false,0.000000,0,5,0.000000
1779158634.797364,2026-05-18T21:43:54,0.017949,SVJ,false,DECELERATING,15823,0.000000,0.000000,0.000000,0.700000,0.045001,false,,,,,,,,1.764035,false,0.000000,0,5,0.000000
1779158634.815380,2026-05-18T21:43:54,0.018013,SVJ,false,DECELERATING,15823,0.000000,0.000000,0.000000,0.700000,0.045001,false,,,,,,,,1.764035,false,0.000000,0,5,0.000000
1779158634.833364,2026-05-18T21:43:54,0.017994,SVJ,false,DECELERATING,15823,0.000000,0.000000,0.000000,0.700000,0.045001,false,,,,,,,,1.764035,false,0.000000,0,5,0.000000
1779158634.851357,2026-05-18T21:43:54,0.018000,SVJ,false,DECELERATING,15823,0.000000,0.000000,0.000000,0.700000,0.045001,false,,,,,,,,1.764035,false,0.000000,0,5,0.000000
1779158634.869362,2026-05-18T21:43:54,0.017997,SVJ,false,DECELERATING,15823,0.000000,0.000000,0.000000,0.700000,0.045001,false,,,,,,,,1.764035,false,0.000000,0,5,0.000000
1779158634.887366,2026-05-18T21:43:54,0.018007,SVJ,false,DECELERATING,15823,0.000000,0.000000,0.000000,0.700000,0.045001,false,,,,,,,,1.764035,false,0.000000,0,5,0.000000
1779158634.905365,2026-05-18T21:43:54,0.017999,SVJ,false,DECELERATING,15823,0.000000,0.000000,0.000000,0.700000,0.045001,false,,,,,,,,1.764035,false,0.000000,0,5,0.000000
1779158634.923378,2026-05-18T21:43:54,0.018004,SVJ,false,DECELERATING,15823,0.000000,0.000000,0.000000,0.700000,0.045001,false,,,,,,,,1.764035,false,0.000000,0,5,0.000000
1779158634.941354,2026-05-18T21:43:54,0.017982,SVJ,false,DECELERATING,15823,0.000000,0.000000,0.000000,0.700000,0.045001,false,,,,,,,,1.764035,false,0.000000,0,5,0.000000
1779158634.959358,2026-05-18T21:43:54,0.018006,SVJ,false,DECELERATING,15823,0.000000,0.000000,0.000000,0.700000,0.045001,false,,,,,,,,1.764035,false,0.000000,0,5,0.000000
1779158634.977376,2026-05-18T21:43:54,0.018006,SVJ,false,DECELERATING,15823,0.000000,0.000000,0.000000,0.700000,0.045001,false,,,,,,,,1.764035,false,0.000000,0,5,0.000000
1779158634.995359,2026-05-18T21:43:54,0.017994,SVJ,false,DECELERATING,15823,0.000000,0.000000,0.000000,0.700000,0.045001,false,,,,,,,,1.764035,false,0.000000,0,5,0.000000
1779158635.013378,2026-05-18T21:43:55,0.018008,SVJ,false,DECELERATING,15823,0.000000,0.000000,0.000000,0.700000,0.045001,false,,,,,,,,1.764035,false,0.000000,0,5,0.000000
1779158635.031351,2026-05-18T21:43:55,0.017991,SVJ,false,DECELERATING,15823,0.000000,0.000000,0.000000,0.700000,0.045001,false,,,,,,,,1.764035,false,0.000000,0,5,0.000000
1779158635.049357,2026-05-18T21:43:55,0.018003,SVJ,false,DECELERATING,15823,0.000000,0.000000,0.000000,0.700000,0.045001,false,,,,,,,,1.764035,false,0.000000,0,5,0.000000
1779158635.067389,2026-05-18T21:43:55,0.017997,SVJ,false,DECELERATING,15823,0.000000,0.000000,0.000000,0.700000,0.045001,false,,,,,,,,1.764035,false,0.000000,0,5,0.000000
1779158635.085382,2026-05-18T21:43:55,0.018009,SVJ,false,DECELERATING,15823,0.000000,0.000000,0.000000,0.700000,0.045001,false,,,,,,,,1.764035,false,0.000000,0,5,0.000000
1779158635.103363,2026-05-18T21:43:55,0.017998,SVJ,false,DECELERATING,15823,0.000000,0.000000,0.000000,0.700000,0.045001,false,,,,,,,,1.764035,false,0.000000,0,5,0.000000
1779158635.121444,2026-05-18T21:43:55,0.018050,SVJ,false,DECELERATING,15823,0.000000,0.000000,0.000000,0.700000,0.045001,false,,,,,,,,1.764035,false,0.000000,0,5,0.000000
1779158635.139397,2026-05-18T21:43:55,0.017961,SVJ,false,DECELERATING,15823,0.000000,0.000000,0.000000,0.700000,0.045001,false,,,,,,,,1.764035,false,0.000000,0,5,0.000000
1779158635.157366,2026-05-18T21:43:55,0.017987,SVJ,false,DECELERATING,15823,0.000000,0.000000,0.000000,0.700000,0.045001,false,,,,,,,,1.764035,false,0.000000,0,5,0.000000
1779158635.175387,2026-05-18T21:43:55,0.018005,SVJ,false,DECELERATING,15823,0.000000,0.000000,0.000000,0.700000,0.045001,false,,,,,,,,1.764035,false,0.000000,0,5,0.000000
1779158635.193374,2026-05-18T21:43:55,0.017995,SVJ,false,DECELERATING,15823,0.000000,0.000000,0.000000,0.700000,0.045001,false,,,,,,,,1.764035,false,0.000000,0,5,0.000000
1779158635.211367,2026-05-18T21:43:55,0.017996,SVJ,false,DECELERATING,15823,0.000000,0.000000,0.000000,0.700000,0.045001,false,,,,,,,,1.764035,false,0.000000,0,5,0.000000
1779158635.229352,2026-05-18T21:43:55,0.017996,SVJ,false,DECELERATING,15823,0.000000,0.000000,0.000000,0.700000,0.045001,false,,,,,,,,1.764035,false,0.000000,0,5,0.000000
1779158635.247360,2026-05-18T21:43:55,0.017997,SVJ,false,DECELERATING,15823,0.000000,0.000000,0.000000,0.700000,0.045001,false,,,,,,,,1.764035,false,0.000000,0,5,0.000000
1779158635.265363,2026-05-18T21:43:55,0.018013,SVJ,false,DECELERATING,15823,0.000000,0.000000,0.000000,0.700000,0.045001,false,,,,,,,,1.764035,false,0.000000,0,5,0.000000
1779158635.283388,2026-05-18T21:43:55,0.018000,SVJ,false,DECELERATING,15823,0.000000,0.000000,0.000000,0.700000,0.045001,false,,,,,,,,1.764035,false,0.000000,0,5,0.000000
1779158635.301412,2026-05-18T21:43:55,0.018001,SVJ,false,DECELERATING,15823,0.000000,0.000000,0.000000,0.700000,0.045001,false,,,,,,,,1.764035,false,0.000000,0,5,0.000000
1779158635.319392,2026-05-18T21:43:55,0.018007,SVJ,false,DECELERATING,15823,0.000000,0.000000,0.000000,0.700000,0.045001,false,,,,,,,,1.764035,false,0.000000,0,5,0.000000
1779158635.337384,2026-05-18T21:43:55,0.017991,SVJ,false,DECELERATING,15823,0.000000,0.000000,0.000000,0.700000,0.045001,false,,,,,,,,1.764035,false,0.000000,0,5,0.000000
1779158635.355414,2026-05-18T21:43:55,0.017996,SVJ,false,DECELERATING,15823,0.000000,0.000000,0.000000,0.700000,0.045001,false,,,,,,,,1.764035,false,0.000000,0,5,0.000000
1779158635.373385,2026-05-18T21:43:55,0.018000,SVJ,false,DECELERATING,15823,0.000000,0.000000,0.000000,0.700000,0.045001,false,,,,,,,,1.764035,false,0.000000,0,5,0.000000
1779158635.391371,2026-05-18T21:43:55,0.017995,SVJ,false,DECELERATING,15823,0.000000,0.000000,0.000000,0.700000,0.045001,false,,,,,,,,1.764035,false,0.000000,0,5,0.000000
1779158635.409396,2026-05-18T21:43:55,0.018008,SVJ,false,DECELERATING,15823,0.000000,0.000000,0.000000,0.700000,0.045001,false,,,,,,,,1.764035,false,0.000000,0,5,0.000000
1779158635.427366,2026-05-18T21:43:55,0.017992,SVJ,false,DECELERATING,15823,0.000000,0.000000,0.000000,0.700000,0.045001,false,,,,,,,,1.764035,false,0.000000,0,5,0.000000
1779158635.445388,2026-05-18T21:43:55,0.018006,SVJ,false,DECELERATING,15823,0.000000,0.000000,0.000000,0.700000,0.045001,false,,,,,,,,1.764035,false,0.000000,0,5,0.000000
1779158635.463518,2026-05-18T21:43:55,0.018040,SVJ,false,DECELERATING,15823,0.000000,0.000000,0.000000,0.700000,0.045001,false,,,,,,,,1.764035,false,0.000000,0,5,0.000000
1779158635.481380,2026-05-18T21:43:55,0.017958,SVJ,false,DECELERATING,15823,0.000000,0.000000,0.000000,0.700000,0.045001,false,,,,,,,,1.764035,false,0.000000,0,5,0.000000
1779158635.499369,2026-05-18T21:43:55,0.017998,SVJ,false,DECELERATING,15823,0.000000,0.000000,0.000000,0.700000,0.045001,false,,,,,,,,1.764035,false,0.000000,0,5,0.000000
1779158635.517370,2026-05-18T21:43:55,0.018003,SVJ,false,DECELERATING,15823,0.000000,0.000000,0.000000,0.700000,0.045001,false,,,,,,,,1.764035,false,0.000000,0,5,0.000000
1779158635.535376,2026-05-18T21:43:55,0.018005,SVJ,false,DECELERATING,15823,0.000000,0.000000,0.000000,0.700000,0.045001,false,,,,,,,,1.764035,false,0.000000,0,5,0.000000
1779158635.553394,2026-05-18T21:43:55,0.017997,SVJ,false,DECELERATING,15823,0.000000,0.000000,0.000000,0.700000,0.045001,false,,,,,,,,1.764035,false,0.000000,0,5,0.000000
1779158635.571483,2026-05-18T21:43:55,0.018010,SVJ,false,DECELERATING,15823,0.000000,0.000000,0.000000,0.700000,0.045001,false,,,,,,,,1.764035,false,0.000000,0,5,0.000000
1779158635.589377,2026-05-18T21:43:55,0.017989,SVJ,false,DECELERATING,15823,0.000000,0.000000,0.000000,0.700000,0.045001,false,,,,,,,,1.764035,false,0.000000,0,5,0.000000
1779158635.607368,2026-05-18T21:43:55,0.017995,SVJ,false,DECELERATING,15823,0.000000,0.000000,0.000000,0.700000,0.045001,false,,,,,,,,1.764035,false,0.000000,0,5,0.000000
1779158635.625391,2026-05-18T21:43:55,0.018019,SVJ,false,DECELERATING,15823,0.000000,0.000000,0.000000,0.700000,0.045001,false,,,,,,,,1.764035,false,0.000000,0,5,0.000000
1779158635.643366,2026-05-18T21:43:55,0.017981,SVJ,false,DECELERATING,15823,0.000000,0.000000,0.000000,0.700000,0.045001,false,,,,,,,,1.764035,false,0.000000,0,5,0.000000
1779158635.661426,2026-05-18T21:43:55,0.018007,SVJ,false,DECELERATING,15823,0.000000,0.000000,0.000000,0.700000,0.045001,false,,,,,,,,1.764035,false,0.000000,0,5,0.000000
1779158635.679404,2026-05-18T21:43:55,0.018002,SVJ,false,DECELERATING,15823,0.000000,0.000000,0.000000,0.700000,0.045001,false,,,,,,,,1.764035,false,0.000000,0,5,0.000000
1779158635.697436,2026-05-18T21:43:55,0.018007,SVJ,false,DECELERATING,15823,0.000000,0.000000,0.000000,0.700000,0.045001,false,,,,,,,,1.764035,false,0.000000,0,5,0.000000
1779158635.715438,2026-05-18T21:43:55,0.017995,SVJ,false,DECELERATING,15823,0.000000,0.000000,0.000000,0.700000,0.045001,false,,,,,,,,1.764035,false,0.000000,0,5,0.000000
1779158635.733397,2026-05-18T21:43:55,0.018007,SVJ,false,DECELERATING,15823,0.000000,0.000000,0.000000,0.700000,0.045001,false,,,,,,,,1.764035,false,0.000000,0,5,0.000000
1779158635.751377,2026-05-18T21:43:55,0.017987,SVJ,false,DECELERATING,15823,0.000000,0.000000,0.000000,0.700000,0.045001,false,,,,,,,,1.764035,false,0.000000,0,5,0.000000
1779158635.769378,2026-05-18T21:43:55,0.018002,SVJ,false,DECELERATING,15823,0.000000,0.000000,0.000000,0.700000,0.045001,false,,,,,,,,1.764035,false,0.000000,0,5,0.000000
1779158635.787427,2026-05-18T21:43:55,0.018015,SVJ,false,DECELERATING,15823,0.000000,0.000000,0.000000,0.700000,0.045001,false,,,,,,,,1.764035,false,0.000000,0,5,0.000000
1779158635.805410,2026-05-18T21:43:55,0.017982,SVJ,false,DECELERATING,15823,0.000000,0.000000,0.000000,0.700000,0.045001,false,,,,,,,,1.764035,false,0.000000,0,5,0.000000
1779158635.823395,2026-05-18T21:43:55,0.017996,SVJ,false,DECELERATING,15823,0.000000,0.000000,0.000000,0.700000,0.045001,false,,,,,,,,1.764035,false,0.000000,0,5,0.000000
1779158635.841409,2026-05-18T21:43:55,0.018011,SVJ,false,DECELERATING,15823,0.000000,0.000000,0.000000,0.700000,0.045001,false,,,,,,,,1.764035,false,0.000000,0,5,0.000000
1779158635.859385,2026-05-18T21:43:55,0.017995,SVJ,false,DECELERATING,15823,0.000000,0.000000,0.000000,0.700000,0.045001,false,,,,,,,,1.764035,false,0.000000,0,5,0.000000
1779158635.877430,2026-05-18T21:43:55,0.018007,SVJ,false,DECELERATING,15823,0.000000,0.000000,0.000000,0.700000,0.045001,false,,,,,,,,1.764035,false,0.000000,0,5,0.000000
1779158635.895397,2026-05-18T21:43:55,0.018003,SVJ,false,DECELERATING,15823,0.000000,0.000000,0.000000,0.700000,0.045001,false,,,,,,,,1.764035,false,0.000000,0,5,0.000000
1779158635.913424,2026-05-18T21:43:55,0.017986,SVJ,false,DECELERATING,15823,0.000000,0.000000,0.000000,0.700000,0.045001,false,,,,,,,,1.764035,false,0.000000,0,5,0.000000
1779158635.934256,2026-05-18T21:43:55,0.020641,SVJ,false,DECELERATING,15823,0.000000,0.000000,0.000000,0.700000,0.045001,false,,,,,,,,1.764035,false,0.000000,0,5,0.000000
1779158635.952408,2026-05-18T21:43:55,0.018371,SVJ,false,DECELERATING,15823,0.000000,0.000000,0.000000,0.700000,0.045001,false,,,,,,,,1.764035,false,0.000000,0,5,0.000000
1779158635.970394,2026-05-18T21:43:55,0.017993,SVJ,false,DECELERATING,15823,0.000000,0.000000,0.000000,0.700000,0.045001,false,,,,,,,,1.764035,false,0.000000,0,5,0.000000
1779158635.989223,2026-05-18T21:43:55,0.018000,SVJ,false,DECELERATING,15823,0.000000,0.000000,0.000000,0.700000,0.045001,false,,,,,,,,1.764035,false,0.000000,0,5,0.000000
1779158636.005641,2026-05-18T21:43:56,0.017249,SVJ,false,DECELERATING,15823,0.000000,0.000000,0.000000,0.700000,0.045001,false,,,,,,,,1.764035,false,0.000000,0,5,0.000000
1779158636.023674,2026-05-18T21:43:56,0.018005,SVJ,false,DECELERATING,15823,0.000000,0.000000,0.000000,0.700000,0.045001,false,,,,,,,,1.764035,false,0.000000,0,5,0.000000
1779158636.041639,2026-05-18T21:43:56,0.017995,SVJ,false,DECELERATING,15823,0.000000,0.000000,0.000000,0.700000,0.045001,false,,,,,,,,1.764035,false,0.000000,0,5,0.000000
1779158636.059636,2026-05-18T21:43:56,0.017998,SVJ,false,DECELERATING,15823,0.000000,0.000000,0.000000,0.700000,0.045001,false,,,,,,,,1.764035,false,0.000000,0,5,0.000000
1779158636.077645,2026-05-18T21:43:56,0.018008,SVJ,false,DECELERATING,15823,0.000000,0.000000,0.000000,0.700000,0.045001,false,,,,,,,,1.764035,false,0.000000,0,5,0.000000
1779158636.095683,2026-05-18T21:43:56,0.017993,SVJ,false,DECELERATING,15823,0.000000,0.000000,0.000000,0.700000,0.045001,false,,,,,,,,1.764035,false,0.000000,0,5,0.000000
1779158636.113725,2026-05-18T21:43:56,0.018002,SVJ,false,DECELERATING,15823,0.000000,0.000000,0.000000,0.700000,0.045001,false,,,,,,,,1.764035,false,0.000000,0,5,0.000000
1779158636.131642,2026-05-18T21:43:56,0.017997,SVJ,false,DECELERATING,15823,0.000000,0.000000,0.000000,0.700000,0.045001,false,,,,,,,,1.764035,false,0.000000,0,5,0.000000
1779158636.149640,2026-05-18T21:43:56,0.018003,SVJ,false,DECELERATING,15823,0.000000,0.000000,0.000000,0.700000,0.045001,false,,,,,,,,1.764035,false,0.000000,0,5,0.000000
1779158636.167654,2026-05-18T21:43:56,0.017998,SVJ,false,DECELERATING,15823,0.000000,0.000000,0.000000,0.700000,0.045001,false,,,,,,,,1.764035,false,0.000000,0,5,0.000000
1779158636.185644,2026-05-18T21:43:56,0.018001,SVJ,false,DECELERATING,15823,0.000000,0.000000,0.000000,0.700000,0.045001,false,,,,,,,,1.764035,false,0.000000,0,5,0.000000
1779158636.203668,2026-05-18T21:43:56,0.018000,SVJ,false,DECELERATING,15823,0.000000,0.000000,0.000000,0.700000,0.045001,false,,,,,,,,1.764035,false,0.000000,0,5,0.000000
1779158636.221645,2026-05-18T21:43:56,0.018002,SVJ,false,DECELERATING,15823,0.000000,0.000000,0.000000,0.700000,0.045001,false,,,,,,,,1.764035,false,0.000000,0,5,0.000000
1779158636.239633,2026-05-18T21:43:56,0.017996,SVJ,false,DECELERATING,15823,0.000000,0.000000,0.000000,0.700000,0.045001,false,,,,,,,,1.764035,false,0.000000,0,5,0.000000
1779158636.257657,2026-05-18T21:43:56,0.018005,SVJ,false,DECELERATING,15823,0.000000,0.000000,0.000000,0.700000,0.045001,false,,,,,,,,1.764035,false,0.000000,0,5,0.000000
1779158636.275663,2026-05-18T21:43:56,0.018016,SVJ,false,DECELERATING,15823,0.000000,0.000000,0.000000,0.700000,0.045001,false,,,,,,,,1.764035,false,0.000000,0,5,0.000000
1779158636.293648,2026-05-18T21:43:56,0.017980,SVJ,false,DECELERATING,15823,0.000000,0.000000,0.000000,0.700000,0.045001,false,,,,,,,,1.764035,false,0.000000,0,5,0.000000
1779158636.311699,2026-05-18T21:43:56,0.018003,SVJ,false,DECELERATING,15823,0.000000,0.000000,0.000000,0.700000,0.045001,false,,,,,,,,1.764035,false,0.000000,0,5,0.000000
1779158636.329652,2026-05-18T21:43:56,0.018000,SVJ,false,DECELERATING,15823,0.000000,0.000000,0.000000,0.700000,0.045001,false,,,,,,,,1.764035,false,0.000000,0,5,0.000000
1779158636.347660,2026-05-18T21:43:56,0.018002,SVJ,false,DECELERATING,15823,0.000000,0.000000,0.000000,0.700000,0.045001,false,,,,,,,,1.764035,false,0.000000,0,5,0.000000
1779158636.365649,2026-05-18T21:43:56,0.017996,SVJ,false,DECELERATING,15823,0.000000,0.000000,0.000000,0.700000,0.045001,false,,,,,,,,1.764035,false,0.000000,0,5,0.000000
1779158636.383678,2026-05-18T21:43:56,0.018011,SVJ,false,DECELERATING,15823,0.000000,0.000000,0.000000,0.700000,0.045001,false,,,,,,,,1.764035,false,0.000000,0,5,0.000000
1779158636.401653,2026-05-18T21:43:56,0.017982,SVJ,false,DECELERATING,15823,0.000000,0.000000,0.000000,0.700000,0.045001,false,,,,,,,,1.764035,false,0.000000,0,5,0.000000
1779158636.419667,2026-05-18T21:43:56,0.018007,SVJ,false,DECELERATING,15823,0.000000,0.000000,0.000000,0.700000,0.045001,false,,,,,,,,1.764035,false,0.000000,0,5,0.000000
1779158636.437649,2026-05-18T21:43:56,0.017998,SVJ,false,DECELERATING,15823,0.000000,0.000000,0.000000,0.700000,0.045001,false,,,,,,,,1.764035,false,0.000000,0,5,0.000000
1779158636.455671,2026-05-18T21:43:56,0.017997,SVJ,false,DECELERATING,15823,0.000000,0.000000,0.000000,0.700000,0.045001,false,,,,,,,,1.764035,false,0.000000,0,5,0.000000
1779158636.473735,2026-05-18T21:43:56,0.018007,SVJ,false,DECELERATING,15823,0.000000,0.000000,0.000000,0.700000,0.045001,false,,,,,,,,1.764035,false,0.000000,0,5,0.000000
1779158636.491651,2026-05-18T21:43:56,0.017993,SVJ,false,DECELERATING,15823,0.000000,0.000000,0.000000,0.700000,0.045001,false,,,,,,,,1.764035,false,0.000000,0,5,0.000000
1779158636.509660,2026-05-18T21:43:56,0.018011,SVJ,false,DECELERATING,15823,0.000000,0.000000,0.000000,0.700000,0.045001,false,,,,,,,,1.764035,false,0.000000,0,5,0.000000
1779158636.527672,2026-05-18T21:43:56,0.018004,SVJ,false,DECELERATING,15823,0.000000,0.000000,0.000000,0.700000,0.045001,false,,,,,,,,1.764035,false,0.000000,0,5,0.000000
1779158636.545670,2026-05-18T21:43:56,0.017990,SVJ,false,DECELERATING,15823,0.000000,0.000000,0.000000,0.700000,0.045001,false,,,,,,,,1.764035,false,0.000000,0,5,0.000000
1779158636.563658,2026-05-18T21:43:56,0.018003,SVJ,false,DECELERATING,15823,0.000000,0.000000,0.000000,0.700000,0.045001,false,,,,,,,,1.764035,false,0.000000,0,5,0.000000
1779158636.581651,2026-05-18T21:43:56,0.017992,SVJ,false,DECELERATING,15823,0.000000,0.000000,0.000000,0.700000,0.045001,false,,,,,,,,1.764035,false,0.000000,0,5,0.000000
1779158636.599656,2026-05-18T21:43:56,0.018009,SVJ,false,DECELERATING,15823,0.000000,0.000000,0.000000,0.700000,0.045001,false,,,,,,,,1.764035,false,0.000000,0,5,0.000000
1779158636.617679,2026-05-18T21:43:56,0.017990,SVJ,false,DECELERATING,15823,0.000000,0.000000,0.000000,0.700000,0.045001,false,,,,,,,,1.764035,false,0.000000,0,5,0.000000
1779158636.635671,2026-05-18T21:43:56,0.018009,SVJ,false,DECELERATING,15823,0.000000,0.000000,0.000000,0.700000,0.045001,false,,,,,,,,1.764035,false,0.000000,0,5,0.000000
1779158636.653678,2026-05-18T21:43:56,0.018003,SVJ,false,DECELERATING,15823,0.000000,0.000000,0.000000,0.700000,0.045001,false,,,,,,,,1.764035,false,0.000000,0,5,0.000000
1779158636.671652,2026-05-18T21:43:56,0.017989,SVJ,false,DECELERATING,15823,0.000000,0.000000,0.000000,0.700000,0.045001,false,,,,,,,,1.764035,false,0.000000,0,5,0.000000
1779158636.689649,2026-05-18T21:43:56,0.017996,SVJ,false,DECELERATING,15823,0.000000,0.000000,0.000000,0.700000,0.045001,false,,,,,,,,1.764035,false,0.000000,0,5,0.000000
1779158636.707666,2026-05-18T21:43:56,0.018007,SVJ,false,DECELERATING,15823,0.000000,0.000000,0.000000,0.700000,0.045001,false,,,,,,,,1.764035,false,0.000000,0,5,0.000000
1779158636.725650,2026-05-18T21:43:56,0.018000,SVJ,false,DECELERATING,15823,0.000000,0.000000,0.000000,0.700000,0.045001,false,,,,,,,,1.764035,false,0.000000,0,5,0.000000
1779158636.743675,2026-05-18T21:43:56,0.017994,SVJ,false,DECELERATING,15823,0.000000,0.000000,0.000000,0.700000,0.045001,false,,,,,,,,1.764035,false,0.000000,0,5,0.000000
1779158636.761655,2026-05-18T21:43:56,0.018007,SVJ,false,DECELERATING,15823,0.000000,0.000000,0.000000,0.700000,0.045001,false,,,,,,,,1.764035,false,0.000000,0,5,0.000000
1779158636.779656,2026-05-18T21:43:56,0.017993,SVJ,false,DECELERATING,15823,0.000000,0.000000,0.000000,0.700000,0.045001,false,,,,,,,,1.764035,false,0.000000,0,5,0.000000
1779158636.797644,2026-05-18T21:43:56,0.017998,SVJ,false,DECELERATING,15823,0.000000,0.000000,0.000000,0.700000,0.045001,false,,,,,,,,1.764035,false,0.000000,0,5,0.000000
1779158636.815661,2026-05-18T21:43:56,0.018004,SVJ,false,DECELERATING,15823,0.000000,0.000000,0.000000,0.700000,0.045001,false,,,,,,,,1.764035,false,0.000000,0,5,0.000000
1779158636.833650,2026-05-18T21:43:56,0.018004,SVJ,false,DECELERATING,15823,0.000000,0.000000,0.000000,0.700000,0.045001,false,,,,,,,,1.764035,false,0.000000,0,5,0.000000
1779158636.851718,2026-05-18T21:43:56,0.018006,SVJ,false,DECELERATING,15823,0.000000,0.000000,0.000000,0.700000,0.045001,false,,,,,,,,1.764035,false,0.000000,0,5,0.000000
1779158636.869678,2026-05-18T21:43:56,0.018002,SVJ,false,DECELERATING,15823,0.000000,0.000000,0.000000,0.700000,0.045001,false,,,,,,,,1.764035,false,0.000000,0,5,0.000000
1779158636.887648,2026-05-18T21:43:56,0.017988,SVJ,false,DECELERATING,15823,0.000000,0.000000,0.000000,0.700000,0.045001,false,,,,,,,,1.764035,false,0.000000,0,5,0.000000
1779158636.905690,2026-05-18T21:43:56,0.017996,SVJ,false,DECELERATING,15823,0.000000,0.000000,0.000000,0.700000,0.045001,false,,,,,,,,1.764035,false,0.000000,0,5,0.000000
1779158636.923651,2026-05-18T21:43:56,0.018002,SVJ,false,DECELERATING,15823,0.000000,0.000000,0.000000,0.700000,0.045001,false,,,,,,,,1.764035,false,0.000000,0,5,0.000000
1779158636.941658,2026-05-18T21:43:56,0.018008,SVJ,false,DECELERATING,15823,0.000000,0.000000,0.000000,0.700000,0.045001,false,,,,,,,,1.764035,false,0.000000,0,5,0.000000
1779158636.959681,2026-05-18T21:43:56,0.017988,SVJ,false,DECELERATING,15823,0.000000,0.000000,0.000000,0.700000,0.045001,false,,,,,,,,1.764035,false,0.000000,0,5,0.000000
1779158636.977687,2026-05-18T21:43:56,0.018005,SVJ,false,DECELERATING,15823,0.000000,0.000000,0.000000,0.700000,0.045001,false,,,,,,,,1.764035,false,0.000000,0,5,0.000000
1779158636.995670,2026-05-18T21:43:56,0.018003,SVJ,false,DECELERATING,15823,0.000000,0.000000,0.000000,0.700000,0.045001,false,,,,,,,,1.764035,false,0.000000,0,5,0.000000
1779158637.013659,2026-05-18T21:43:57,0.017995,SVJ,false,DECELERATING,15823,0.000000,0.000000,0.000000,0.700000,0.045001,false,,,,,,,,1.764035,false,0.000000,0,5,0.000000
1779158637.031667,2026-05-18T21:43:57,0.018002,SVJ,false,DECELERATING,15823,0.000000,0.000000,0.000000,0.700000,0.045001,false,,,,,,,,1.764035,false,0.000000,0,5,0.000000
1779158637.049666,2026-05-18T21:43:57,0.017999,SVJ,false,DECELERATING,15823,0.000000,0.000000,0.000000,0.700000,0.045001,false,,,,,,,,1.764035,false,0.000000,0,5,0.000000
1779158637.067672,2026-05-18T21:43:57,0.018004,SVJ,false,DECELERATING,15823,0.000000,0.000000,0.000000,0.700000,0.045001,false,,,,,,,,1.764035,false,0.000000,0,5,0.000000
1779158637.085685,2026-05-18T21:43:57,0.018015,SVJ,false,DECELERATING,15823,0.000000,0.000000,0.000000,0.700000,0.045001,false,,,,,,,,1.764035,false,0.000000,0,5,0.000000
1779158637.103677,2026-05-18T21:43:57,0.017988,SVJ,false,DECELERATING,15823,0.000000,0.000000,0.000000,0.700000,0.045001,false,,,,,,,,1.764035,false,0.000000,0,5,0.000000
1779158637.121662,2026-05-18T21:43:57,0.017991,SVJ,false,DECELERATING,15823,0.000000,0.000000,0.000000,0.700000,0.045001,false,,,,,,,,1.764035,false,0.000000,0,5,0.000000
1779158637.139660,2026-05-18T21:43:57,0.018003,SVJ,false,DECELERATING,15823,0.000000,0.000000,0.000000,0.700000,0.045001,false,,,,,,,,1.764035,false,0.000000,0,5,0.000000
1779158637.157668,2026-05-18T21:43:57,0.017997,SVJ,false,DECELERATING,15823,0.000000,0.000000,0.000000,0.700000,0.045001,false,,,,,,,,1.764035,false,0.000000,0,5,0.000000
1779158637.175679,2026-05-18T21:43:57,0.018003,SVJ,false,DECELERATING,15823,0.000000,0.000000,0.000000,0.700000,0.045001,false,,,,,,,,1.764035,false,0.000000,0,5,0.000000
1779158637.193692,2026-05-18T21:43:57,0.018001,SVJ,false,DECELERATING,15823,0.000000,0.000000,0.000000,0.700000,0.045001,false,,,,,,,,1.764035,false,0.000000,0,5,0.000000
1779158637.211684,2026-05-18T21:43:57,0.018013,SVJ,false,DECELERATING,15823,0.000000,0.000000,0.000000,0.700000,0.045001,false,,,,,,,,1.764035,false,0.000000,0,5,0.000000
1779158637.229678,2026-05-18T21:43:57,0.017998,SVJ,false,DECELERATING,15823,0.000000,0.000000,0.000000,0.700000,0.045001,false,,,,,,,,1.764035,false,0.000000,0,5,0.000000
1779158637.247690,2026-05-18T21:43:57,0.017992,SVJ,false,DECELERATING,15823,0.000000,0.000000,0.000000,0.700000,0.045001,false,,,,,,,,1.764035,false,0.000000,0,5,0.000000
1779158637.265680,2026-05-18T21:43:57,0.018005,SVJ,false,DECELERATING,15823,0.000000,0.000000,0.000000,0.700000,0.045001,false,,,,,,,,1.764035,false,0.000000,0,5,0.000000
1779158637.283676,2026-05-18T21:43:57,0.018000,SVJ,false,DECELERATING,15823,0.000000,0.000000,0.000000,0.700000,0.045001,false,,,,,,,,1.764035,false,0.000000,0,5,0.000000
1779158637.301659,2026-05-18T21:43:57,0.017989,SVJ,false,DECELERATING,15823,0.000000,0.000000,0.000000,0.700000,0.045001,false,,,,,,,,1.764035,false,0.000000,0,5,0.000000
1779158637.319668,2026-05-18T21:43:57,0.018008,SVJ,false,DECELERATING,15823,0.000000,0.000000,0.000000,0.700000,0.045001,false,,,,,,,,1.764035,false,0.000000,0,5,0.000000
1779158637.337665,2026-05-18T21:43:57,0.017995,SVJ,false,DECELERATING,15823,0.000000,0.000000,0.000000,0.700000,0.045001,false,,,,,,,,1.764035,false,0.000000,0,5,0.000000
1779158637.355675,2026-05-18T21:43:57,0.017998,SVJ,false,DECELERATING,15823,0.000000,0.000000,0.000000,0.700000,0.045001,false,,,,,,,,1.764035,false,0.000000,0,5,0.000000
1779158637.373691,2026-05-18T21:43:57,0.018003,SVJ,false,DECELERATING,15823,0.000000,0.000000,0.000000,0.700000,0.045001,false,,,,,,,,1.764035,false,0.000000,0,5,0.000000
1779158637.391678,2026-05-18T21:43:57,0.017998,SVJ,false,DECELERATING,15823,0.000000,0.000000,0.000000,0.700000,0.045001,false,,,,,,,,1.764035,false,0.000000,0,5,0.000000
1779158637.409685,2026-05-18T21:43:57,0.018006,SVJ,false,DECELERATING,15823,0.000000,0.000000,0.000000,0.700000,0.045001,false,,,,,,,,1.764035,false,0.000000,0,5,0.000000
1779158637.427678,2026-05-18T21:43:57,0.017998,SVJ,false,DECELERATING,15823,0.000000,0.000000,0.000000,0.700000,0.045001,false,,,,,,,,1.764035,false,0.000000,0,5,0.000000
1779158637.446006,2026-05-18T21:43:57,0.018002,SVJ,false,DECELERATING,15823,0.000000,0.000000,0.000000,0.700000,0.045001,false,,,,,,,,1.764035,false,0.000000,0,4,0.000000
1779158637.463682,2026-05-18T21:43:57,0.017995,SVJ,false,DECELERATING,15823,0.000000,0.000000,0.000000,0.700000,0.045001,false,,,,,,,,1.764035,false,0.000000,0,4,0.000000
1779158637.481737,2026-05-18T21:43:57,0.018028,SVJ,false,DECELERATING,15823,0.000000,0.000000,0.000000,0.700000,0.045001,false,,,,,,,,1.764035,false,0.000000,0,4,0.000000
1779158637.499681,2026-05-18T21:43:57,0.017981,SVJ,false,DECELERATING,15823,0.000000,0.000000,0.000000,0.700000,0.045001,false,,,,,,,,1.764035,false,0.000000,0,4,0.000000
1779158637.517678,2026-05-18T21:43:57,0.018002,SVJ,false,DECELERATING,15823,0.000000,0.000000,0.000000,0.700000,0.045001,false,,,,,,,,1.764035,false,0.000000,0,4,0.000000
1779158637.535684,2026-05-18T21:43:57,0.017989,SVJ,false,DECELERATING,15823,0.000000,0.000000,0.000000,0.700000,0.045001,false,,,,,,,,1.764035,false,0.000000,0,4,0.000000
1779158637.553717,2026-05-18T21:43:57,0.018007,SVJ,false,DECELERATING,15823,0.000000,0.000000,0.000000,0.700000,0.045001,false,,,,,,,,1.764035,false,0.000000,0,4,0.000000
1779158637.571715,2026-05-18T21:43:57,0.018023,SVJ,false,DECELERATING,15823,0.000000,0.000000,0.000000,0.700000,0.045001,false,,,,,,,,1.764035,false,0.000000,0,4,0.000000
1779158637.589680,2026-05-18T21:43:57,0.017969,SVJ,false,DECELERATING,15823,0.000000,0.000000,0.000000,0.700000,0.045001,false,,,,,,,,1.764035,false,0.000000,0,4,0.000000
1779158637.607690,2026-05-18T21:43:57,0.018006,SVJ,false,DECELERATING,15823,0.000000,0.000000,0.000000,0.700000,0.045001,false,,,,,,,,1.764035,false,0.000000,0,4,0.000000
1779158637.625673,2026-05-18T21:43:57,0.017993,SVJ,false,DECELERATING,15823,0.000000,0.000000,0.000000,0.700000,0.045001,false,,,,,,,,1.764035,false,0.000000,0,4,0.000000
1779158637.643682,2026-05-18T21:43:57,0.018000,SVJ,false,DECELERATING,15823,0.000000,0.000000,0.000000,0.700000,0.045001,false,,,,,,,,1.764035,false,0.000000,0,4,0.000000
1779158637.661714,2026-05-18T21:43:57,0.018009,SVJ,false,DECELERATING,15823,0.000000,0.000000,0.000000,0.700000,0.045001,false,,,,,,,,1.764035,false,0.000000,0,4,0.000000
1779158637.679677,2026-05-18T21:43:57,0.017991,SVJ,false,DECELERATING,15823,0.000000,0.000000,0.000000,0.700000,0.045001,false,,,,,,,,1.764035,false,0.000000,0,4,0.000000
1779158637.697677,2026-05-18T21:43:57,0.018005,SVJ,false,DECELERATING,15823,0.000000,0.000000,0.000000,0.700000,0.045001,false,,,,,,,,1.764035,false,0.000000,0,4,0.000000
1779158637.715695,2026-05-18T21:43:57,0.018003,SVJ,false,DECELERATING,15823,0.000000,0.000000,0.000000,0.700000,0.045001,false,,,,,,,,1.764035,false,0.000000,0,4,0.000000
1779158637.733702,2026-05-18T21:43:57,0.018020,SVJ,false,DECELERATING,15823,0.000000,0.000000,0.000000,0.700000,0.045001,false,,,,,,,,1.764035,false,0.000000,0,4,0.000000
1779158637.751691,2026-05-18T21:43:57,0.017976,SVJ,false,DECELERATING,15823,0.000000,0.000000,0.000000,0.700000,0.045001,false,,,,,,,,1.764035,false,0.000000,0,4,0.000000
1779158637.769704,2026-05-18T21:43:57,0.018000,SVJ,false,DECELERATING,15823,0.000000,0.000000,0.000000,0.700000,0.045001,false,,,,,,,,1.764035,false,0.000000,0,4,0.000000
1779158637.787702,2026-05-18T21:43:57,0.018019,SVJ,false,DECELERATING,15823,0.000000,0.000000,0.000000,0.700000,0.045001,false,,,,,,,,1.764035,false,0.000000,0,4,0.000000
1779158637.805677,2026-05-18T21:43:57,0.017982,SVJ,false,DECELERATING,15823,0.000000,0.000000,0.000000,0.700000,0.045001,false,,,,,,,,1.764035,false,0.000000,0,4,0.000000
1779158637.823690,2026-05-18T21:43:57,0.018000,SVJ,false,DECELERATING,15823,0.000000,0.000000,0.000000,0.700000,0.045001,false,,,,,,,,1.764035,false,0.000000,0,4,0.000000
1779158637.841682,2026-05-18T21:43:57,0.018002,SVJ,false,DECELERATING,15823,0.000000,0.000000,0.000000,0.700000,0.045001,false,,,,,,,,1.764035,false,0.000000,0,4,0.000000
1779158637.859673,2026-05-18T21:43:57,0.017994,SVJ,false,DECELERATING,15823,0.000000,0.000000,0.000000,0.700000,0.045001,false,,,,,,,,1.764035,false,0.000000,0,4,0.000000
1779158637.877690,2026-05-18T21:43:57,0.018009,SVJ,false,DECELERATING,15823,0.000000,0.000000,0.000000,0.700000,0.045001,false,,,,,,,,1.764035,false,0.000000,0,4,0.000000
1779158637.895711,2026-05-18T21:43:57,0.017995,SVJ,false,DECELERATING,15823,0.000000,0.000000,0.000000,0.700000,0.045001,false,,,,,,,,1.764035,false,0.000000,0,4,0.000000
1779158637.913697,2026-05-18T21:43:57,0.018007,SVJ,false,DECELERATING,15823,0.000000,0.000000,0.000000,0.700000,0.045001,false,,,,,,,,1.764035,false,0.000000,0,4,0.000000
1779158637.931684,2026-05-18T21:43:57,0.017996,SVJ,false,DECELERATING,15823,0.000000,0.000000,0.000000,0.700000,0.045001,false,,,,,,,,1.764035,false,0.000000,0,4,0.000000
1779158637.949678,2026-05-18T21:43:57,0.017995,SVJ,false,DECELERATING,15823,0.000000,0.000000,0.000000,0.700000,0.045001,false,,,,,,,,1.764035,false,0.000000,0,4,0.000000
1779158637.967708,2026-05-18T21:43:57,0.017999,SVJ,false,DECELERATING,15823,0.000000,0.000000,0.000000,0.700000,0.045001,false,,,,,,,,1.764035,false,0.000000,0,4,0.000000
1779158637.985711,2026-05-18T21:43:57,0.018023,SVJ,false,DECELERATING,15823,0.000000,0.000000,0.000000,0.700000,0.045001,false,,,,,,,,1.764035,false,0.000000,0,4,0.000000
1779158638.003742,2026-05-18T21:43:58,0.017977,SVJ,false,DECELERATING,15823,0.000000,0.000000,0.000000,0.700000,0.045001,false,,,,,,,,1.764035,false,0.000000,0,4,0.000000
1779158638.021688,2026-05-18T21:43:58,0.018001,SVJ,false,DECELERATING,15823,0.000000,0.000000,0.000000,0.700000,0.045001,false,,,,,,,,1.764035,false,0.000000,0,4,0.000000
1779158638.039707,2026-05-18T21:43:58,0.018007,SVJ,false,DECELERATING,15823,0.000000,0.000000,0.000000,0.700000,0.045001,false,,,,,,,,1.764035,false,0.000000,0,4,0.000000
1779158638.057687,2026-05-18T21:43:58,0.017998,SVJ,false,DECELERATING,15823,0.000000,0.000000,0.000000,0.700000,0.045001,false,,,,,,,,1.764035,false,0.000000,0,4,0.000000
1779158638.075725,2026-05-18T21:43:58,0.018007,SVJ,false,DECELERATING,15823,0.000000,0.000000,0.000000,0.700000,0.045001,false,,,,,,,,1.764035,false,0.000000,0,4,0.000000
1779158638.093716,2026-05-18T21:43:58,0.018000,SVJ,false,DECELERATING,15823,0.000000,0.000000,0.000000,0.700000,0.045001,false,,,,,,,,1.764035,false,0.000000,0,4,0.000000
1779158638.111704,2026-05-18T21:43:58,0.017992,SVJ,false,DECELERATING,15823,0.000000,0.000000,0.000000,0.700000,0.045001,false,,,,,,,,1.764035,false,0.000000,0,4,0.000000
1779158638.129718,2026-05-18T21:43:58,0.018005,SVJ,false,DECELERATING,15823,0.000000,0.000000,0.000000,0.700000,0.045001,false,,,,,,,,1.764035,false,0.000000,0,4,0.000000
1779158638.147712,2026-05-18T21:43:58,0.017998,SVJ,false,DECELERATING,15823,0.000000,0.000000,0.000000,0.700000,0.045001,false,,,,,,,,1.764035,false,0.000000,0,4,0.000000
1779158638.165724,2026-05-18T21:43:58,0.017996,SVJ,false,DECELERATING,15823,0.000000,0.000000,0.000000,0.700000,0.045001,false,,,,,,,,1.764035,false,0.000000,0,4,0.000000
1779158638.183684,2026-05-18T21:43:58,0.017997,SVJ,false,DECELERATING,15823,0.000000,0.000000,0.000000,0.700000,0.045001,false,,,,,,,,1.764035,false,0.000000,0,4,0.000000
1779158638.201682,2026-05-18T21:43:58,0.017997,SVJ,false,DECELERATING,15823,0.000000,0.000000,0.000000,0.700000,0.045001,false,,,,,,,,1.764035,false,0.000000,0,4,0.000000
1779158638.219736,2026-05-18T21:43:58,0.018003,SVJ,false,DECELERATING,15823,0.000000,0.000000,0.000000,0.700000,0.045001,false,,,,,,,,1.764035,false,0.000000,0,4,0.000000
1779158638.237762,2026-05-18T21:43:58,0.018067,SVJ,false,DECELERATING,15823,0.000000,0.000000,0.000000,0.700000,0.045001,false,,,,,,,,1.764035,false,0.000000,0,4,0.000000
1779158638.255731,2026-05-18T21:43:58,0.017948,SVJ,false,DECELERATING,15823,0.000000,0.000000,0.000000,0.700000,0.045001,false,,,,,,,,1.764035,false,0.000000,0,4,0.000000
1779158638.273701,2026-05-18T21:43:58,0.017986,SVJ,false,DECELERATING,15823,0.000000,0.000000,0.000000,0.700000,0.045001,false,,,,,,,,1.764035,false,0.000000,0,4,0.000000
1779158638.291740,2026-05-18T21:43:58,0.018011,SVJ,false,DECELERATING,15823,0.000000,0.000000,0.000000,0.700000,0.045001,false,,,,,,,,1.764035,false,0.000000,0,4,0.000000
1779158638.309700,2026-05-18T21:43:58,0.017995,SVJ,false,DECELERATING,15823,0.000000,0.000000,0.000000,0.700000,0.045001,false,,,,,,,,1.764035,false,0.000000,0,4,0.000000
1779158638.327686,2026-05-18T21:43:58,0.017990,SVJ,false,DECELERATING,15823,0.000000,0.000000,0.000000,0.700000,0.045001,false,,,,,,,,1.764035,false,0.000000,0,4,0.000000
1779158638.345825,2026-05-18T21:43:58,0.018132,SVJ,false,DECELERATING,15823,0.000000,0.000000,0.000000,0.700000,0.045001,false,,,,,,,,1.764035,false,0.000000,0,4,0.000000
1779158638.363711,2026-05-18T21:43:58,0.017877,SVJ,false,DECELERATING,15823,0.000000,0.000000,0.000000,0.700000,0.045001,false,,,,,,,,1.764035,false,0.000000,0,4,0.000000
1779158638.381703,2026-05-18T21:43:58,0.018006,SVJ,false,DECELERATING,15823,0.000000,0.000000,0.000000,0.700000,0.045001,false,,,,,,,,1.764035,false,0.000000,0,4,0.000000
1779158638.399681,2026-05-18T21:43:58,0.017983,SVJ,false,DECELERATING,15823,0.000000,0.000000,0.000000,0.700000,0.045001,false,,,,,,,,1.764035,false,0.000000,0,4,0.000000
1779158638.417679,2026-05-18T21:43:58,0.018001,SVJ,false,DECELERATING,15823,0.000000,0.000000,0.000000,0.700000,0.045001,false,,,,,,,,1.764035,false,0.000000,0,4,0.000000
1779158638.435702,2026-05-18T21:43:58,0.018008,SVJ,false,DECELERATING,15823,0.000000,0.000000,0.000000,0.700000,0.045001,false,,,,,,,,1.764035,false,0.000000,0,4,0.000000
1779158638.453725,2026-05-18T21:43:58,0.017995,SVJ,false,DECELERATING,15823,0.000000,0.000000,0.000000,0.700000,0.045001,false,,,,,,,,1.764035,false,0.000000,0,4,0.000000
1779158638.471737,2026-05-18T21:43:58,0.018023,SVJ,false,DECELERATING,15823,0.000000,0.000000,0.000000,0.700000,0.045001,false,,,,,,,,1.764035,false,0.000000,0,4,0.000000
1779158638.489702,2026-05-18T21:43:58,0.017978,SVJ,false,DECELERATING,15823,0.000000,0.000000,0.000000,0.700000,0.045001,false,,,,,,,,1.764035,false,0.000000,0,4,0.000000
1779158638.507700,2026-05-18T21:43:58,0.018003,SVJ,false,DECELERATING,15823,0.000000,0.000000,0.000000,0.700000,0.045001,false,,,,,,,,1.764035,false,0.000000,0,4,0.000000
1779158638.525710,2026-05-18T21:43:58,0.018002,SVJ,false,DECELERATING,15823,0.000000,0.000000,0.000000,0.700000,0.045001,false,,,,,,,,1.764035,false,0.000000,0,4,0.000000
1779158638.543750,2026-05-18T21:43:58,0.018011,SVJ,false,DECELERATING,15823,0.000000,0.000000,0.000000,0.700000,0.045001,false,,,,,,,,1.764035,false,0.000000,0,4,0.000000
1779158638.561695,2026-05-18T21:43:58,0.017985,SVJ,false,DECELERATING,15823,0.000000,0.000000,0.000000,0.700000,0.045001,false,,,,,,,,1.764035,false,0.000000,0,4,0.000000
1779158638.579713,2026-05-18T21:43:58,0.018010,SVJ,false,DECELERATING,15823,0.000000,0.000000,0.000000,0.700000,0.045001,false,,,,,,,,1.764035,false,0.000000,0,4,0.000000
1779158638.597730,2026-05-18T21:43:58,0.018002,SVJ,false,DECELERATING,15823,0.000000,0.000000,0.000000,0.700000,0.045001,false,,,,,,,,1.764035,false,0.000000,0,4,0.000000
1779158638.615704,2026-05-18T21:43:58,0.017991,SVJ,false,DECELERATING,15823,0.000000,0.000000,0.000000,0.700000,0.045001,false,,,,,,,,1.764035,false,0.000000,0,4,0.000000
1779158638.633723,2026-05-18T21:43:58,0.018007,SVJ,false,DECELERATING,15823,0.000000,0.000000,0.000000,0.700000,0.045001,false,,,,,,,,1.764035,false,0.000000,0,4,0.000000
1779158638.651725,2026-05-18T21:43:58,0.018004,SVJ,false,DECELERATING,15823,0.000000,0.000000,0.000000,0.700000,0.045001,false,,,,,,,,1.764035,false,0.000000,0,4,0.000000
1779158638.669716,2026-05-18T21:43:58,0.017993,SVJ,false,DECELERATING,15823,0.000000,0.000000,0.000000,0.700000,0.045001,false,,,,,,,,1.764035,false,0.000000,0,4,0.000000
1779158638.687701,2026-05-18T21:43:58,0.017990,SVJ,false,DECELERATING,15823,0.000000,0.000000,0.000000,0.700000,0.045001,false,,,,,,,,1.764035,false,0.000000,0,4,0.000000
1779158638.705694,2026-05-18T21:43:58,0.018000,SVJ,false,DECELERATING,15823,0.000000,0.000000,0.000000,0.700000,0.045001,false,,,,,,,,1.764035,false,0.000000,0,4,0.000000
1779158638.723712,2026-05-18T21:43:58,0.018001,SVJ,false,DECELERATING,15823,0.000000,0.000000,0.000000,0.700000,0.045001,false,,,,,,,,1.764035,false,0.000000,0,4,0.000000
1779158638.741695,2026-05-18T21:43:58,0.018000,SVJ,false,DECELERATING,15823,0.000000,0.000000,0.000000,0.700000,0.045001,false,,,,,,,,1.764035,false,0.000000,0,4,0.000000
1779158638.759731,2026-05-18T21:43:58,0.018007,SVJ,false,DECELERATING,15823,0.000000,0.000000,0.000000,0.700000,0.045001,false,,,,,,,,1.764035,false,0.000000,0,4,0.000000
1779158638.777708,2026-05-18T21:43:58,0.017995,SVJ,false,DECELERATING,15823,0.000000,0.000000,0.000000,0.700000,0.045001,false,,,,,,,,1.764035,false,0.000000,0,4,0.000000
1779158638.795730,2026-05-18T21:43:58,0.018008,SVJ,false,DECELERATING,15823,0.000000,0.000000,0.000000,0.700000,0.045001,false,,,,,,,,1.764035,false,0.000000,0,4,0.000000
1779158638.813717,2026-05-18T21:43:58,0.017997,SVJ,false,DECELERATING,15823,0.000000,0.000000,0.000000,0.700000,0.045001,false,,,,,,,,1.764035,false,0.000000,0,4,0.000000
1779158638.831755,2026-05-18T21:43:58,0.018021,SVJ,false,DECELERATING,15823,0.000000,0.000000,0.000000,0.700000,0.045001,false,,,,,,,,1.764035,false,0.000000,0,4,0.000000
1779158638.849766,2026-05-18T21:43:58,0.017986,SVJ,false,DECELERATING,15823,0.000000,0.000000,0.000000,0.700000,0.045001,false,,,,,,,,1.764035,false,0.000000,0,4,0.000000
1779158638.867706,2026-05-18T21:43:58,0.017985,SVJ,false,DECELERATING,15823,0.000000,0.000000,0.000000,0.700000,0.045001,false,,,,,,,,1.764035,false,0.000000,0,4,0.000000
1779158638.885720,2026-05-18T21:43:58,0.018007,SVJ,false,DECELERATING,15823,0.000000,0.000000,0.000000,0.700000,0.045001,false,,,,,,,,1.764035,false,0.000000,0,4,0.000000
1779158638.903733,2026-05-18T21:43:58,0.018004,SVJ,false,DECELERATING,15823,0.000000,0.000000,0.000000,0.700000,0.045001,false,,,,,,,,1.764035,false,0.000000,0,4,0.000000
1779158638.921728,2026-05-18T21:43:58,0.018003,SVJ,false,DECELERATING,15823,0.000000,0.000000,0.000000,0.700000,0.045001,false,,,,,,,,1.764035,false,0.000000,0,4,0.000000
1779158638.939714,2026-05-18T21:43:58,0.017991,SVJ,false,DECELERATING,15823,0.000000,0.000000,0.000000,0.700000,0.045001,false,,,,,,,,1.764035,false,0.000000,0,4,0.000000
1779158638.957705,2026-05-18T21:43:58,0.017995,SVJ,false,DECELERATING,15823,0.000000,0.000000,0.000000,0.700000,0.045001,false,,,,,,,,1.764035,false,0.000000,0,4,0.000000
1779158638.975726,2026-05-18T21:43:58,0.018005,SVJ,false,DECELERATING,15823,0.000000,0.000000,0.000000,0.700000,0.045001,false,,,,,,,,1.764035,false,0.000000,0,4,0.000000
1779158638.993728,2026-05-18T21:43:58,0.018002,SVJ,false,DECELERATING,15823,0.000000,0.000000,0.000000,0.700000,0.045001,false,,,,,,,,1.764035,false,0.000000,0,4,0.000000
1779158639.011720,2026-05-18T21:43:59,0.018008,SVJ,false,DECELERATING,15823,0.000000,0.000000,0.000000,0.700000,0.045001,false,,,,,,,,1.764035,false,0.000000,0,4,0.000000
1779158639.029733,2026-05-18T21:43:59,0.017996,SVJ,false,DECELERATING,15823,0.000000,0.000000,0.000000,0.700000,0.045001,false,,,,,,,,1.764035,false,0.000000,0,4,0.000000
1779158639.047728,2026-05-18T21:43:59,0.018001,SVJ,false,DECELERATING,15823,0.000000,0.000000,0.000000,0.700000,0.045001,false,,,,,,,,1.764035,false,0.000000,0,4,0.000000
1779158639.065723,2026-05-18T21:43:59,0.017989,SVJ,false,DECELERATING,15823,0.000000,0.000000,0.000000,0.700000,0.045001,false,,,,,,,,1.764035,false,0.000000,0,4,0.000000
1779158639.083720,2026-05-18T21:43:59,0.018004,SVJ,false,DECELERATING,15823,0.000000,0.000000,0.000000,0.700000,0.045001,false,,,,,,,,1.764035,false,0.000000,0,4,0.000000
1779158639.101793,2026-05-18T21:43:59,0.018025,SVJ,false,DECELERATING,15823,0.000000,0.000000,0.000000,0.700000,0.045001,false,,,,,,,,1.764035,false,0.000000,0,4,0.000000
1779158639.119823,2026-05-18T21:43:59,0.017993,SVJ,false,DECELERATING,15823,0.000000,0.000000,0.000000,0.700000,0.045001,false,,,,,,,,1.764035,false,0.000000,0,4,0.000000
1779158639.137716,2026-05-18T21:43:59,0.017980,SVJ,false,DECELERATING,15823,0.000000,0.000000,0.000000,0.700000,0.045001,false,,,,,,,,1.764035,false,0.000000,0,4,0.000000
1779158639.155721,2026-05-18T21:43:59,0.017996,SVJ,false,DECELERATING,15823,0.000000,0.000000,0.000000,0.700000,0.045001,false,,,,,,,,1.764035,false,0.000000,0,4,0.000000
1779158639.173726,2026-05-18T21:43:59,0.018009,SVJ,false,DECELERATING,15823,0.000000,0.000000,0.000000,0.700000,0.045001,false,,,,,,,,1.764035,false,0.000000,0,4,0.000000
1779158639.191714,2026-05-18T21:43:59,0.017997,SVJ,false,DECELERATING,15823,0.000000,0.000000,0.000000,0.700000,0.045001,false,,,,,,,,1.764035,false,0.000000,0,4,0.000000
1779158639.209718,2026-05-18T21:43:59,0.017995,SVJ,false,DECELERATING,15823,0.000000,0.000000,0.000000,0.700000,0.045001,false,,,,,,,,1.764035,false,0.000000,0,4,0.000000
1779158639.227872,2026-05-18T21:43:59,0.018012,SVJ,false,DECELERATING,15823,0.000000,0.000000,0.000000,0.700000,0.045001,false,,,,,,,,1.764035,false,0.000000,0,4,0.000000
1779158639.248310,2026-05-18T21:43:59,0.018085,SVJ,false,DECELERATING,15823,0.000000,0.000000,0.000000,0.700000,0.045001,false,,,,,,,,1.764035,false,0.000000,0,4,0.000000
1779158639.263800,2026-05-18T21:43:59,0.017944,SVJ,false,DECELERATING,15823,0.000000,0.000000,0.000000,0.700000,0.045001,false,,,,,,,,1.764035,false,0.000000,0,4,0.000000
1779158639.281763,2026-05-18T21:43:59,0.017969,SVJ,false,DECELERATING,15823,0.000000,0.000000,0.000000,0.700000,0.045001,false,,,,,,,,1.764035,false,0.000000,0,4,0.000000
1779158639.300004,2026-05-18T21:43:59,0.018009,SVJ,false,DECELERATING,15823,0.000000,0.000000,0.000000,0.700000,0.045001,false,,,,,,,,1.764035,false,0.000000,0,3,0.000000
1779158639.317752,2026-05-18T21:43:59,0.017992,SVJ,false,DECELERATING,15823,0.000000,0.000000,0.000000,0.700000,0.045001,false,,,,,,,,1.764035,false,0.000000,0,3,0.000000
1779158639.335729,2026-05-18T21:43:59,0.017990,SVJ,false,DECELERATING,15823,0.000000,0.000000,0.000000,0.700000,0.045001,false,,,,,,,,1.764035,false,0.000000,0,3,0.000000
1779158639.353945,2026-05-18T21:43:59,0.018009,SVJ,false,DECELERATING,15823,0.000000,0.000000,0.000000,0.700000,0.045001,false,,,,,,,,1.764035,false,0.000000,0,3,0.000000
1779158639.371728,2026-05-18T21:43:59,0.017997,SVJ,false,DECELERATING,15823,0.000000,0.000000,0.000000,0.700000,0.045001,false,,,,,,,,1.764035,false,0.000000,0,3,0.000000
1779158639.389754,2026-05-18T21:43:59,0.018009,SVJ,false,DECELERATING,15823,0.000000,0.000000,0.000000,0.700000,0.045001,false,,,,,,,,1.764035,false,0.000000,0,3,0.000000
1779158639.407742,2026-05-18T21:43:59,0.017999,SVJ,false,DECELERATING,15823,0.000000,0.000000,0.000000,0.700000,0.045001,false,,,,,,,,1.764035,false,0.000000,0,3,0.000000
1779158639.425735,2026-05-18T21:43:59,0.017988,SVJ,false,DECELERATING,15823,0.000000,0.000000,0.000000,0.700000,0.045001,false,,,,,,,,1.764035,false,0.000000,0,3,0.000000
1779158639.443738,2026-05-18T21:43:59,0.017997,SVJ,false,DECELERATING,15823,0.000000,0.000000,0.000000,0.700000,0.045001,false,,,,,,,,1.764035,false,0.000000,0,3,0.000000
1779158639.461739,2026-05-18T21:43:59,0.018003,SVJ,false,DECELERATING,15823,0.000000,0.000000,0.000000,0.700000,0.045001,false,,,,,,,,1.764035,false,0.000000,0,3,0.000000
1779158639.479737,2026-05-18T21:43:59,0.018004,SVJ,false,DECELERATING,15823,0.000000,0.000000,0.000000,0.700000,0.045001,false,,,,,,,,1.764035,false,0.000000,0,3,0.000000
1779158639.497737,2026-05-18T21:43:59,0.018002,SVJ,false,DECELERATING,15823,0.000000,0.000000,0.000000,0.700000,0.045001,false,,,,,,,,1.764035,false,0.000000,0,3,0.000000
1779158639.515742,2026-05-18T21:43:59,0.018001,SVJ,false,DECELERATING,15823,0.000000,0.000000,0.000000,0.700000,0.045001,false,,,,,,,,1.764035,false,0.000000,0,3,0.000000
1779158639.533739,2026-05-18T21:43:59,0.017999,SVJ,false,DECELERATING,15823,0.000000,0.000000,0.000000,0.700000,0.045001,false,,,,,,,,1.764035,false,0.000000,0,3,0.000000
1779158639.551742,2026-05-18T21:43:59,0.017995,SVJ,false,DECELERATING,15823,0.000000,0.000000,0.000000,0.700000,0.045001,false,,,,,,,,1.764035,false,0.000000,0,3,0.000000
1779158639.569726,2026-05-18T21:43:59,0.018000,SVJ,false,DECELERATING,15823,0.000000,0.000000,0.000000,0.700000,0.045001,false,,,,,,,,1.764035,false,0.000000,0,3,0.000000
1779158639.587770,2026-05-18T21:43:59,0.017997,SVJ,false,DECELERATING,15823,0.000000,0.000000,0.000000,0.700000,0.045001,false,,,,,,,,1.764035,false,0.000000,0,3,0.000000
1779158639.605752,2026-05-18T21:43:59,0.018008,SVJ,false,DECELERATING,15823,0.000000,0.000000,0.000000,0.700000,0.045001,false,,,,,,,,1.764035,false,0.000000,0,3,0.000000
1779158639.623752,2026-05-18T21:43:59,0.018003,SVJ,false,DECELERATING,15823,0.000000,0.000000,0.000000,0.700000,0.045001,false,,,,,,,,1.764035,false,0.000000,0,3,0.000000
1779158639.641731,2026-05-18T21:43:59,0.017993,SVJ,false,DECELERATING,15823,0.000000,0.000000,0.000000,0.700000,0.045001,false,,,,,,,,1.764035,false,0.000000,0,3,0.000000
1779158639.659924,2026-05-18T21:43:59,0.018195,SVJ,false,DECELERATING,15823,0.000000,0.000000,0.000000,0.700000,0.045001,false,,,,,,,,1.764035,false,0.000000,0,3,0.000000
1779158639.677943,2026-05-18T21:43:59,0.018004,SVJ,false,DECELERATING,15823,0.000000,0.000000,0.000000,0.700000,0.045001,false,,,,,,,,1.764035,false,0.000000,0,3,0.000000
1779158639.695922,2026-05-18T21:43:59,0.017993,SVJ,false,DECELERATING,15823,0.000000,0.000000,0.000000,0.700000,0.045001,false,,,,,,,,1.764035,false,0.000000,0,3,0.000000
1779158639.713937,2026-05-18T21:43:59,0.017998,SVJ,false,DECELERATING,15823,0.000000,0.000000,0.000000,0.700000,0.045001,false,,,,,,,,1.764035,false,0.000000,0,3,0.000000
1779158639.731938,2026-05-18T21:43:59,0.018005,SVJ,false,DECELERATING,15823,0.000000,0.000000,0.000000,0.700000,0.045001,false,,,,,,,,1.764035,false,0.000000,0,3,0.000000
1779158639.749926,2026-05-18T21:43:59,0.017995,SVJ,false,DECELERATING,15823,0.000000,0.000000,0.000000,0.700000,0.045001,false,,,,,,,,1.764035,false,0.000000,0,3,0.000000
1779158639.767976,2026-05-18T21:43:59,0.018015,SVJ,false,DECELERATING,15823,0.000000,0.000000,0.000000,0.700000,0.045001,false,,,,,,,,1.764035,false,0.000000,0,3,0.000000
1779158639.785932,2026-05-18T21:43:59,0.017988,SVJ,false,DECELERATING,15823,0.000000,0.000000,0.000000,0.700000,0.045001,false,,,,,,,,1.764035,false,0.000000,0,3,0.000000
1779158639.803975,2026-05-18T21:43:59,0.018025,SVJ,false,DECELERATING,15823,0.000000,0.000000,0.000000,0.700000,0.045001,false,,,,,,,,1.764035,false,0.000000,0,3,0.000000
1779158639.821940,2026-05-18T21:43:59,0.017976,SVJ,false,DECELERATING,15823,0.000000,0.000000,0.000000,0.700000,0.045001,false,,,,,,,,1.764035,false,0.000000,0,3,0.000000
1779158639.839936,2026-05-18T21:43:59,0.018006,SVJ,false,DECELERATING,15823,0.000000,0.000000,0.000000,0.700000,0.045001,false,,,,,,,,1.764035,false,0.000000,0,3,0.000000
1779158639.857938,2026-05-18T21:43:59,0.017993,SVJ,false,DECELERATING,15823,0.000000,0.000000,0.000000,0.700000,0.045001,false,,,,,,,,1.764035,false,0.000000,0,3,0.000000
1779158639.875982,2026-05-18T21:43:59,0.018012,SVJ,false,DECELERATING,15823,0.000000,0.000000,0.000000,0.700000,0.045001,false,,,,,,,,1.764035,false,0.000000,0,3,0.000000
1779158639.893948,2026-05-18T21:43:59,0.018000,SVJ,false,DECELERATING,15823,0.000000,0.000000,0.000000,0.700000,0.045001,false,,,,,,,,1.764035,false,0.000000,0,3,0.000000
1779158639.911966,2026-05-18T21:43:59,0.018000,SVJ,false,DECELERATING,15823,0.000000,0.000000,0.000000,0.700000,0.045001,false,,,,,,,,1.764035,false,0.000000,0,3,0.000000
1779158639.929927,2026-05-18T21:43:59,0.017986,SVJ,false,DECELERATING,15823,0.000000,0.000000,0.000000,0.700000,0.045001,false,,,,,,,,1.764035,false,0.000000,0,3,0.000000
1779158639.947967,2026-05-18T21:43:59,0.018006,SVJ,false,DECELERATING,15823,0.000000,0.000000,0.000000,0.700000,0.045001,false,,,,,,,,1.764035,false,0.000000,0,3,0.000000
1779158639.965945,2026-05-18T21:43:59,0.018009,SVJ,false,DECELERATING,15823,0.000000,0.000000,0.000000,0.700000,0.045001,false,,,,,,,,1.764035,false,0.000000,0,3,0.000000
1779158639.983955,2026-05-18T21:43:59,0.017986,SVJ,false,DECELERATING,15823,0.000000,0.000000,0.000000,0.700000,0.045001,false,,,,,,,,1.764035,false,0.000000,0,3,0.000000
1779158640.001969,2026-05-18T21:44:00,0.018010,SVJ,false,DECELERATING,15823,0.000000,0.000000,0.000000,0.700000,0.045001,false,,,,,,,,1.764035,false,0.000000,0,3,0.000000
1779158640.019957,2026-05-18T21:44:00,0.018001,SVJ,false,DECELERATING,15823,0.000000,0.000000,0.000000,0.700000,0.045001,false,,,,,,,,1.764035,false,0.000000,0,3,0.000000
1779158640.037940,2026-05-18T21:44:00,0.017996,SVJ,false,DECELERATING,15823,0.000000,0.000000,0.000000,0.700000,0.045001,false,,,,,,,,1.764035,false,0.000000,0,3,0.000000
1779158640.055956,2026-05-18T21:44:00,0.018003,SVJ,false,DECELERATING,15823,0.000000,0.000000,0.000000,0.700000,0.045001,false,,,,,,,,1.764035,false,0.000000,0,3,0.000000
1779158640.073954,2026-05-18T21:44:00,0.017992,SVJ,false,DECELERATING,15823,0.000000,0.000000,0.000000,0.700000,0.045001,false,,,,,,,,1.764035,false,0.000000,0,3,0.000000
1779158640.091981,2026-05-18T21:44:00,0.018033,SVJ,false,DECELERATING,15823,0.000000,0.000000,0.000000,0.700000,0.045001,false,,,,,,,,1.764035,false,0.000000,0,3,0.000000
1779158640.109933,2026-05-18T21:44:00,0.017964,SVJ,false,DECELERATING,15823,0.000000,0.000000,0.000000,0.700000,0.045001,false,,,,,,,,1.764035,false,0.000000,0,3,0.000000
1779158640.127959,2026-05-18T21:44:00,0.018000,SVJ,false,DECELERATING,15823,0.000000,0.000000,0.000000,0.700000,0.045001,false,,,,,,,,1.764035,false,0.000000,0,3,0.000000
1779158640.145934,2026-05-18T21:44:00,0.018000,SVJ,false,DECELERATING,15823,0.000000,0.000000,0.000000,0.700000,0.045001,false,,,,,,,,1.764035,false,0.000000,0,3,0.000000
1779158640.163958,2026-05-18T21:44:00,0.018006,SVJ,false,DECELERATING,15823,0.000000,0.000000,0.000000,0.700000,0.045001,false,,,,,,,,1.764035,false,0.000000,0,3,0.000000
1779158640.181954,2026-05-18T21:44:00,0.017999,SVJ,false,DECELERATING,15823,0.000000,0.000000,0.000000,0.700000,0.045001,false,,,,,,,,1.764035,false,0.000000,0,3,0.000000
1779158640.199956,2026-05-18T21:44:00,0.017999,SVJ,false,DECELERATING,15823,0.000000,0.000000,0.000000,0.700000,0.045001,false,,,,,,,,1.764035,false,0.000000,0,3,0.000000
1779158640.217941,2026-05-18T21:44:00,0.018000,SVJ,false,DECELERATING,15823,0.000000,0.000000,0.000000,0.700000,0.045001,false,,,,,,,,1.764035,false,0.000000,0,3,0.000000
1779158640.235946,2026-05-18T21:44:00,0.017998,SVJ,false,DECELERATING,15823,0.000000,0.000000,0.000000,0.700000,0.045001,false,,,,,,,,1.764035,false,0.000000,0,3,0.000000
1779158640.253956,2026-05-18T21:44:00,0.018007,SVJ,false,DECELERATING,15823,0.000000,0.000000,0.000000,0.700000,0.045001,false,,,,,,,,1.764035,false,0.000000,0,3,0.000000
1779158640.271952,2026-05-18T21:44:00,0.017995,SVJ,false,DECELERATING,15823,0.000000,0.000000,0.000000,0.700000,0.045001,false,,,,,,,,1.764035,false,0.000000,0,3,0.000000
1779158640.289976,2026-05-18T21:44:00,0.017997,SVJ,false,DECELERATING,15823,0.000000,0.000000,0.000000,0.700000,0.045001,false,,,,,,,,1.764035,false,0.000000,0,3,0.000000
1779158640.307949,2026-05-18T21:44:00,0.018002,SVJ,false,DECELERATING,15823,0.000000,0.000000,0.000000,0.700000,0.045001,false,,,,,,,,1.764035,false,0.000000,0,3,0.000000
1779158640.325967,2026-05-18T21:44:00,0.018007,SVJ,false,DECELERATING,15823,0.000000,0.000000,0.000000,0.700000,0.045001,false,,,,,,,,1.764035,false,0.000000,0,3,0.000000
1779158640.343957,2026-05-18T21:44:00,0.018012,SVJ,false,DECELERATING,15823,0.000000,0.000000,0.000000,0.700000,0.045001,false,,,,,,,,1.764035,false,0.000000,0,3,0.000000
1779158640.361960,2026-05-18T21:44:00,0.017978,SVJ,false,DECELERATING,15823,0.000000,0.000000,0.000000,0.700000,0.045001,false,,,,,,,,1.764035,false,0.000000,0,3,0.000000
1779158640.379966,2026-05-18T21:44:00,0.018015,SVJ,false,DECELERATING,15823,0.000000,0.000000,0.000000,0.700000,0.045001,false,,,,,,,,1.764035,false,0.000000,0,3,0.000000
1779158640.397961,2026-05-18T21:44:00,0.018002,SVJ,false,DECELERATING,15823,0.000000,0.000000,0.000000,0.700000,0.045001,false,,,,,,,,1.764035,false,0.000000,0,3,0.000000
1779158640.415946,2026-05-18T21:44:00,0.017986,SVJ,false,DECELERATING,15823,0.000000,0.000000,0.000000,0.700000,0.045001,false,,,,,,,,1.764035,false,0.000000,0,3,0.000000
1779158640.433951,2026-05-18T21:44:00,0.017996,SVJ,false,DECELERATING,15823,0.000000,0.000000,0.000000,0.700000,0.045001,false,,,,,,,,1.764035,false,0.000000,0,3,0.000000
1779158640.452044,2026-05-18T21:44:00,0.018004,SVJ,false,DECELERATING,15823,0.000000,0.000000,0.000000,0.700000,0.045001,false,,,,,,,,1.764035,false,0.000000,0,3,0.000000
1779158640.469972,2026-05-18T21:44:00,0.018013,SVJ,false,DECELERATING,15823,0.000000,0.000000,0.000000,0.700000,0.045001,false,,,,,,,,1.764035,false,0.000000,0,3,0.000000
1779158640.488024,2026-05-18T21:44:00,0.018018,SVJ,false,DECELERATING,15823,0.000000,0.000000,0.000000,0.700000,0.045001,false,,,,,,,,1.764035,false,0.000000,0,3,0.000000
1779158640.505956,2026-05-18T21:44:00,0.017982,SVJ,false,DECELERATING,15823,0.000000,0.000000,0.000000,0.700000,0.045001,false,,,,,,,,1.764035,false,0.000000,0,3,0.000000
1779158640.523971,2026-05-18T21:44:00,0.018007,SVJ,false,DECELERATING,15823,0.000000,0.000000,0.000000,0.700000,0.045001,false,,,,,,,,1.764035,false,0.000000,0,3,0.000000
1779158640.541958,2026-05-18T21:44:00,0.017984,SVJ,false,DECELERATING,15823,0.000000,0.000000,0.000000,0.700000,0.045001,false,,,,,,,,1.764035,false,0.000000,0,3,0.000000
1779158640.559963,2026-05-18T21:44:00,0.018002,SVJ,false,DECELERATING,15823,0.000000,0.000000,0.000000,0.700000,0.045001,false,,,,,,,,1.764035,false,0.000000,0,3,0.000000
1779158640.577959,2026-05-18T21:44:00,0.017993,SVJ,false,DECELERATING,15823,0.000000,0.000000,0.000000,0.700000,0.045001,false,,,,,,,,1.764035,false,0.000000,0,3,0.000000
1779158640.595974,2026-05-18T21:44:00,0.017999,SVJ,false,DECELERATING,15823,0.000000,0.000000,0.000000,0.700000,0.045001,false,,,,,,,,1.764035,false,0.000000,0,3,0.000000
1779158640.613987,2026-05-18T21:44:00,0.018007,SVJ,false,DECELERATING,15823,0.000000,0.000000,0.000000,0.700000,0.045001,false,,,,,,,,1.764035,false,0.000000,0,3,0.000000
1779158640.632022,2026-05-18T21:44:00,0.018013,SVJ,false,DECELERATING,15823,0.000000,0.000000,0.000000,0.700000,0.045001,false,,,,,,,,1.764035,false,0.000000,0,3,0.000000
1779158640.649943,2026-05-18T21:44:00,0.017980,SVJ,false,DECELERATING,15823,0.000000,0.000000,0.000000,0.700000,0.045001,false,,,,,,,,1.764035,false,0.000000,0,3,0.000000
1779158640.667964,2026-05-18T21:44:00,0.018000,SVJ,false,DECELERATING,15823,0.000000,0.000000,0.000000,0.700000,0.045001,false,,,,,,,,1.764035,false,0.000000,0,3,0.000000
1779158640.686009,2026-05-18T21:44:00,0.018003,SVJ,false,DECELERATING,15823,0.000000,0.000000,0.000000,0.700000,0.045001,false,,,,,,,,1.764035,false,0.000000,0,3,0.000000
1779158640.703974,2026-05-18T21:44:00,0.018006,SVJ,false,DECELERATING,15823,0.000000,0.000000,0.000000,0.700000,0.045001,false,,,,,,,,1.764035,false,0.000000,0,3,0.000000
1779158640.721961,2026-05-18T21:44:00,0.017995,SVJ,false,DECELERATING,15823,0.000000,0.000000,0.000000,0.700000,0.045001,false,,,,,,,,1.764035,false,0.000000,0,3,0.000000
1779158640.739968,2026-05-18T21:44:00,0.017999,SVJ,false,DECELERATING,15823,0.000000,0.000000,0.000000,0.700000,0.045001,false,,,,,,,,1.764035,false,0.000000,0,3,0.000000
1779158640.757964,2026-05-18T21:44:00,0.017997,SVJ,false,DECELERATING,15823,0.000000,0.000000,0.000000,0.700000,0.045001,false,,,,,,,,1.764035,false,0.000000,0,3,0.000000
1779158640.775958,2026-05-18T21:44:00,0.018000,SVJ,false,DECELERATING,15823,0.000000,0.000000,0.000000,0.700000,0.045001,false,,,,,,,,1.764035,false,0.000000,0,3,0.000000
1779158640.793985,2026-05-18T21:44:00,0.018006,SVJ,false,DECELERATING,15823,0.000000,0.000000,0.000000,0.700000,0.045001,false,,,,,,,,1.764035,false,0.000000,0,3,0.000000
1779158640.811985,2026-05-18T21:44:00,0.018012,SVJ,false,DECELERATING,15823,0.000000,0.000000,0.000000,0.700000,0.045001,false,,,,,,,,1.764035,false,0.000000,0,3,0.000000
1779158640.829965,2026-05-18T21:44:00,0.017988,SVJ,false,DECELERATING,15823,0.000000,0.000000,0.000000,0.700000,0.045001,false,,,,,,,,1.764035,false,0.000000,0,3,0.000000
1779158640.847962,2026-05-18T21:44:00,0.018000,SVJ,false,DECELERATING,15823,0.000000,0.000000,0.000000,0.700000,0.045001,false,,,,,,,,1.764035,false,0.000000,0,3,0.000000
1779158640.865973,2026-05-18T21:44:00,0.017992,SVJ,false,DECELERATING,15823,0.000000,0.000000,0.000000,0.700000,0.045001,false,,,,,,,,1.764035,false,0.000000,0,3,0.000000
1779158640.883990,2026-05-18T21:44:00,0.018019,SVJ,false,DECELERATING,15823,0.000000,0.000000,0.000000,0.700000,0.045001,false,,,,,,,,1.764035,false,0.000000,0,3,0.000000
1779158640.901989,2026-05-18T21:44:00,0.018000,SVJ,false,DECELERATING,15823,0.000000,0.000000,0.000000,0.700000,0.045001,false,,,,,,,,1.764035,false,0.000000,0,3,0.000000
1779158640.920090,2026-05-18T21:44:00,0.018048,SVJ,false,DECELERATING,15823,0.000000,0.000000,0.000000,0.700000,0.045001,false,,,,,,,,1.764035,false,0.000000,0,3,0.000000
1779158640.937976,2026-05-18T21:44:00,0.017949,SVJ,false,DECELERATING,15823,0.000000,0.000000,0.000000,0.700000,0.045001,false,,,,,,,,1.764035,false,0.000000,0,3,0.000000
1779158640.955966,2026-05-18T21:44:00,0.017987,SVJ,false,DECELERATING,15823,0.000000,0.000000,0.000000,0.700000,0.045001,false,,,,,,,,1.764035,false,0.000000,0,3,0.000000
1779158640.974046,2026-05-18T21:44:00,0.018028,SVJ,false,DECELERATING,15823,0.000000,0.000000,0.000000,0.700000,0.045001,false,,,,,,,,1.764035,false,0.000000,0,3,0.000000
1779158640.992006,2026-05-18T21:44:00,0.017988,SVJ,false,DECELERATING,15823,0.000000,0.000000,0.000000,0.700000,0.045001,false,,,,,,,,1.764035,false,0.000000,0,3,0.000000
1779158641.009967,2026-05-18T21:44:01,0.017984,SVJ,false,DECELERATING,15823,0.000000,0.000000,0.000000,0.700000,0.045001,false,,,,,,,,1.764035,false,0.000000,0,3,0.000000
1779158641.027972,2026-05-18T21:44:01,0.017999,SVJ,false,DECELERATING,15823,0.000000,0.000000,0.000000,0.700000,0.045001,false,,,,,,,,1.764035,false,0.000000,0,3,0.000000
1779158641.045986,2026-05-18T21:44:01,0.018007,SVJ,false,DECELERATING,15823,0.000000,0.000000,0.000000,0.700000,0.045001,false,,,,,,,,1.764035,false,0.000000,0,3,0.000000
1779158641.064021,2026-05-18T21:44:01,0.018038,SVJ,false,DECELERATING,15823,0.000000,0.000000,0.000000,0.700000,0.045001,false,,,,,,,,1.764035,false,0.000000,0,3,0.000000
1779158641.081982,2026-05-18T21:44:01,0.017955,SVJ,false,DECELERATING,15823,0.000000,0.000000,0.000000,0.700000,0.045001,false,,,,,,,,1.764035,false,0.000000,0,3,0.000000
1779158641.099978,2026-05-18T21:44:01,0.018014,SVJ,false,DECELERATING,15823,0.000000,0.000000,0.000000,0.700000,0.045001,false,,,,,,,,1.764035,false,0.000000,0,3,0.000000
1779158641.117981,2026-05-18T21:44:01,0.017998,SVJ,false,DECELERATING,15823,0.000000,0.000000,0.000000,0.700000,0.045001,false,,,,,,,,1.764035,false,0.000000,0,3,0.000000
1779158641.135968,2026-05-18T21:44:01,0.017985,SVJ,false,DECELERATING,15823,0.000000,0.000000,0.000000,0.700000,0.045001,false,,,,,,,,1.764035,false,0.000000,0,3,0.000000
1779158641.153979,2026-05-18T21:44:01,0.018005,SVJ,false,DECELERATING,15823,0.000000,0.000000,0.000000,0.700000,0.045001,false,,,,,,,,1.764035,false,0.000000,0,3,0.000000
1779158641.171992,2026-05-18T21:44:01,0.018004,SVJ,false,DECELERATING,15823,0.000000,0.000000,0.000000,0.700000,0.045001,false,,,,,,,,1.764035,false,0.000000,0,3,0.000000
1779158641.189962,2026-05-18T21:44:01,0.017992,SVJ,false,DECELERATING,15823,0.000000,0.000000,0.000000,0.700000,0.045001,false,,,,,,,,1.764035,false,0.000000,0,3,0.000000
1779158641.207995,2026-05-18T21:44:01,0.018008,SVJ,false,DECELERATING,15823,0.000000,0.000000,0.000000,0.700000,0.045001,false,,,,,,,,1.764035,false,0.000000,0,3,0.000000
1779158641.225966,2026-05-18T21:44:01,0.017996,SVJ,false,DECELERATING,15823,0.000000,0.000000,0.000000,0.700000,0.045001,false,,,,,,,,1.764035,false,0.000000,0,3,0.000000
1779158641.244004,2026-05-18T21:44:01,0.018014,SVJ,false,DECELERATING,15823,0.000000,0.000000,0.000000,0.700000,0.045001,false,,,,,,,,1.764035,false,0.000000,0,3,0.000000
1779158641.261972,2026-05-18T21:44:01,0.017988,SVJ,false,DECELERATING,15823,0.000000,0.000000,0.000000,0.700000,0.045001,false,,,,,,,,1.764035,false,0.000000,0,3,0.000000
1779158641.279983,2026-05-18T21:44:01,0.018002,SVJ,false,DECELERATING,15823,0.000000,0.000000,0.000000,0.700000,0.045001,false,,,,,,,,1.764035,false,0.000000,0,3,0.000000
1779158641.297984,2026-05-18T21:44:01,0.018002,SVJ,false,DECELERATING,15823,0.000000,0.000000,0.000000,0.700000,0.045001,false,,,,,,,,1.764035,false,0.000000,0,3,0.000000
1779158641.315990,2026-05-18T21:44:01,0.017993,SVJ,false,DECELERATING,15823,0.000000,0.000000,0.000000,0.700000,0.045001,false,,,,,,,,1.764035,false,0.000000,0,3,0.000000
1779158641.333998,2026-05-18T21:44:01,0.018015,SVJ,false,DECELERATING,15823,0.000000,0.000000,0.000000,0.700000,0.045001,false,,,,,,,,1.764035,false,0.000000,0,3,0.000000
1779158641.351965,2026-05-18T21:44:01,0.017985,SVJ,false,DECELERATING,15823,0.000000,0.000000,0.000000,0.700000,0.045001,false,,,,,,,,1.764035,false,0.000000,0,3,0.000000
1779158641.369993,2026-05-18T21:44:01,0.017998,SVJ,false,DECELERATING,15823,0.000000,0.000000,0.000000,0.700000,0.045001,false,,,,,,,,1.764035,false,0.000000,0,3,0.000000
1779158641.387985,2026-05-18T21:44:01,0.018005,SVJ,false,DECELERATING,15823,0.000000,0.000000,0.000000,0.700000,0.045001,false,,,,,,,,1.764035,false,0.000000,0,3,0.000000
1779158641.405997,2026-05-18T21:44:01,0.018002,SVJ,false,DECELERATING,15823,0.000000,0.000000,0.000000,0.700000,0.045001,false,,,,,,,,1.764035,false,0.000000,0,3,0.000000
1779158641.424008,2026-05-18T21:44:01,0.018012,SVJ,false,DECELERATING,15823,0.000000,0.000000,0.000000,0.700000,0.045001,false,,,,,,,,1.764035,false,0.000000,0,3,0.000000
1779158641.442036,2026-05-18T21:44:01,0.017986,SVJ,false,DECELERATING,15823,0.000000,0.000000,0.000000,0.700000,0.045001,false,,,,,,,,1.764035,false,0.000000,0,3,0.000000
1779158641.460056,2026-05-18T21:44:01,0.018080,SVJ,false,DECELERATING,15823,0.000000,0.000000,0.000000,0.700000,0.045001,false,,,,,,,,1.764035,false,0.000000,0,3,0.000000
1779158641.478005,2026-05-18T21:44:01,0.017928,SVJ,false,DECELERATING,15823,0.000000,0.000000,0.000000,0.700000,0.045001,false,,,,,,,,1.764035,false,0.000000,0,3,0.000000
1779158641.495994,2026-05-18T21:44:01,0.017995,SVJ,false,DECELERATING,15823,0.000000,0.000000,0.000000,0.700000,0.045001,false,,,,,,,,1.764035,false,0.000000,0,3,0.000000
1779158641.513973,2026-05-18T21:44:01,0.017990,SVJ,false,DECELERATING,15823,0.000000,0.000000,0.000000,0.700000,0.045001,false,,,,,,,,1.764035,false,0.000000,0,3,0.000000
1779158641.531996,2026-05-18T21:44:01,0.018019,SVJ,false,DECELERATING,15823,0.000000,0.000000,0.000000,0.700000,0.045001,false,,,,,,,,1.764035,false,0.000000,0,3,0.000000
1779158641.549987,2026-05-18T21:44:01,0.017990,SVJ,false,DECELERATING,15823,0.000000,0.000000,0.000000,0.700000,0.045001,false,,,,,,,,1.764035,false,0.000000,0,3,0.000000
1779158641.568050,2026-05-18T21:44:01,0.017998,SVJ,false,DECELERATING,15823,0.000000,0.000000,0.000000,0.700000,0.045001,false,,,,,,,,1.764035,false,0.000000,0,3,0.000000
1779158641.585980,2026-05-18T21:44:01,0.018004,SVJ,false,DECELERATING,15823,0.000000,0.000000,0.000000,0.700000,0.045001,false,,,,,,,,1.764035,false,0.000000,0,3,0.000000
1779158641.603984,2026-05-18T21:44:01,0.017999,SVJ,false,DECELERATING,15823,0.000000,0.000000,0.000000,0.700000,0.045001,false,,,,,,,,1.764035,false,0.000000,0,3,0.000000
1779158641.622025,2026-05-18T21:44:01,0.017992,SVJ,false,DECELERATING,15823,0.000000,0.000000,0.000000,0.700000,0.045001,false,,,,,,,,1.764035,false,0.000000,0,3,0.000000
1779158641.639989,2026-05-18T21:44:01,0.018000,SVJ,false,DECELERATING,15823,0.000000,0.000000,0.000000,0.700000,0.045001,false,,,,,,,,1.764035,false,0.000000,0,3,0.000000
1779158641.658005,2026-05-18T21:44:01,0.018014,SVJ,false,DECELERATING,15823,0.000000,0.000000,0.000000,0.700000,0.045001,false,,,,,,,,1.764035,false,0.000000,0,3,0.000000
1779158641.676039,2026-05-18T21:44:01,0.018005,SVJ,false,DECELERATING,15823,0.000000,0.000000,0.000000,0.700000,0.045001,false,,,,,,,,1.764035,false,0.000000,0,3,0.000000
1779158641.693993,2026-05-18T21:44:01,0.017987,SVJ,false,DECELERATING,15823,0.000000,0.000000,0.000000,0.700000,0.045001,false,,,,,,,,1.764035,false,0.000000,0,3,0.000000
1779158641.712003,2026-05-18T21:44:01,0.017999,SVJ,false,DECELERATING,15823,0.000000,0.000000,0.000000,0.700000,0.045001,false,,,,,,,,1.764035,false,0.000000,0,3,0.000000
1779158641.729977,2026-05-18T21:44:01,0.017995,SVJ,false,DECELERATING,15823,0.000000,0.000000,0.000000,0.700000,0.045001,false,,,,,,,,1.764035,false,0.000000,0,3,0.000000
1779158641.747988,2026-05-18T21:44:01,0.017999,SVJ,false,DECELERATING,15823,0.000000,0.000000,0.000000,0.700000,0.045001,false,,,,,,,,1.764035,false,0.000000,0,3,0.000000
1779158641.765978,2026-05-18T21:44:01,0.018001,SVJ,false,DECELERATING,15823,0.000000,0.000000,0.000000,0.700000,0.045001,false,,,,,,,,1.764035,false,0.000000,0,3,0.000000
1779158641.783996,2026-05-18T21:44:01,0.018012,SVJ,false,DECELERATING,15823,0.000000,0.000000,0.000000,0.700000,0.045001,false,,,,,,,,1.764035,false,0.000000,0,3,0.000000
1779158641.801986,2026-05-18T21:44:01,0.017989,SVJ,false,DECELERATING,15823,0.000000,0.000000,0.000000,0.700000,0.045001,false,,,,,,,,1.764035,false,0.000000,0,3,0.000000
1779158641.820000,2026-05-18T21:44:01,0.018008,SVJ,false,DECELERATING,15823,0.000000,0.000000,0.000000,0.700000,0.045001,false,,,,,,,,1.764035,false,0.000000,0,3,0.000000
1779158641.838000,2026-05-18T21:44:01,0.018000,SVJ,false,DECELERATING,15823,0.000000,0.000000,0.000000,0.700000,0.045001,false,,,,,,,,1.764035,false,0.000000,0,3,0.000000
1779158641.856011,2026-05-18T21:44:01,0.017998,SVJ,false,DECELERATING,15823,0.000000,0.000000,0.000000,0.700000,0.045001,false,,,,,,,,1.764035,false,0.000000,0,3,0.000000
1779158641.873990,2026-05-18T21:44:01,0.018003,SVJ,false,DECELERATING,15823,0.000000,0.000000,0.000000,0.700000,0.045001,false,,,,,,,,1.764035,false,0.000000,0,3,0.000000
1779158641.892011,2026-05-18T21:44:01,0.017996,SVJ,false,DECELERATING,15823,0.000000,0.000000,0.000000,0.700000,0.045001,false,,,,,,,,1.764035,false,0.000000,0,3,0.000000
1779158641.909994,2026-05-18T21:44:01,0.018006,SVJ,false,DECELERATING,15823,0.000000,0.000000,0.000000,0.700000,0.045001,false,,,,,,,,1.764035,false,0.000000,0,3,0.000000
1779158641.927989,2026-05-18T21:44:01,0.017994,SVJ,false,DECELERATING,15823,0.000000,0.000000,0.000000,0.700000,0.045001,false,,,,,,,,1.764035,false,0.000000,0,3,0.000000
1779158641.945985,2026-05-18T21:44:01,0.017999,SVJ,false,DECELERATING,15823,0.000000,0.000000,0.000000,0.700000,0.045001,false,,,,,,,,1.764035,false,0.000000,0,3,0.000000
1779158641.963982,2026-05-18T21:44:01,0.017996,SVJ,false,DECELERATING,15823,0.000000,0.000000,0.000000,0.700000,0.045001,false,,,,,,,,1.764035,false,0.000000,0,3,0.000000
1779158641.981994,2026-05-18T21:44:01,0.018009,SVJ,false,DECELERATING,15823,0.000000,0.000000,0.000000,0.700000,0.045001,false,,,,,,,,1.764035,false,0.000000,0,3,0.000000
1779158642.000008,2026-05-18T21:44:02,0.017993,SVJ,false,DECELERATING,15823,0.000000,0.000000,0.000000,0.700000,0.045001,false,,,,,,,,1.764035,false,0.000000,0,3,0.000000
1779158642.018016,2026-05-18T21:44:02,0.018008,SVJ,false,DECELERATING,15823,0.000000,0.000000,0.000000,0.700000,0.045001,false,,,,,,,,1.764035,false,0.000000,0,3,0.000000
1779158642.036001,2026-05-18T21:44:02,0.017989,SVJ,false,DECELERATING,15823,0.000000,0.000000,0.000000,0.700000,0.045001,false,,,,,,,,1.764035,false,0.000000,0,3,0.000000
1779158642.054002,2026-05-18T21:44:02,0.018012,SVJ,false,DECELERATING,15823,0.000000,0.000000,0.000000,0.700000,0.045001,false,,,,,,,,1.764035,false,0.000000,0,3,0.000000
1779158642.072021,2026-05-18T21:44:02,0.017995,SVJ,false,DECELERATING,15823,0.000000,0.000000,0.000000,0.700000,0.045001,false,,,,,,,,1.764035,false,0.000000,0,3,0.000000
1779158642.090004,2026-05-18T21:44:02,0.017994,SVJ,false,DECELERATING,15823,0.000000,0.000000,0.000000,0.700000,0.045001,false,,,,,,,,1.764035,false,0.000000,0,3,0.000000
1779158642.108009,2026-05-18T21:44:02,0.018004,SVJ,false,DECELERATING,15823,0.000000,0.000000,0.000000,0.700000,0.045001,false,,,,,,,,1.764035,false,0.000000,0,3,0.000000
1779158642.126004,2026-05-18T21:44:02,0.018013,SVJ,false,DECELERATING,15823,0.000000,0.000000,0.000000,0.700000,0.045001,false,,,,,,,,1.764035,false,0.000000,0,3,0.000000
1779158642.143991,2026-05-18T21:44:02,0.017989,SVJ,false,DECELERATING,15823,0.000000,0.000000,0.000000,0.700000,0.045001,false,,,,,,,,1.764035,false,0.000000,0,3,0.000000
1779158642.162014,2026-05-18T21:44:02,0.018003,SVJ,false,DECELERATING,15823,0.000000,0.000000,0.000000,0.700000,0.045001,false,,,,,,,,1.764035,false,0.000000,0,3,0.000000
1779158642.179996,2026-05-18T21:44:02,0.017996,SVJ,false,DECELERATING,15823,0.000000,0.000000,0.000000,0.700000,0.045001,false,,,,,,,,1.764035,false,0.000000,0,3,0.000000
1779158642.198029,2026-05-18T21:44:02,0.017990,SVJ,false,DECELERATING,15823,0.000000,0.000000,0.000000,0.700000,0.045001,false,,,,,,,,1.764035,false,0.000000,0,3,0.000000
1779158642.216000,2026-05-18T21:44:02,0.018013,SVJ,false,DECELERATING,15823,0.000000,0.000000,0.000000,0.700000,0.045001,false,,,,,,,,1.764035,false,0.000000,0,3,0.000000
1779158642.234010,2026-05-18T21:44:02,0.017993,SVJ,false,DECELERATING,15823,0.000000,0.000000,0.000000,0.700000,0.045001,false,,,,,,,,1.764035,false,0.000000,0,3,0.000000
1779158642.252025,2026-05-18T21:44:02,0.018002,SVJ,false,DECELERATING,15823,0.000000,0.000000,0.000000,0.700000,0.045001,false,,,,,,,,1.764035,false,0.000000,0,3,0.000000
1779158642.270008,2026-05-18T21:44:02,0.018003,SVJ,false,DECELERATING,15823,0.000000,0.000000,0.000000,0.700000,0.045001,false,,,,,,,,1.764035,false,0.000000,0,3,0.000000
1779158642.288019,2026-05-18T21:44:02,0.017991,SVJ,false,DECELERATING,15823,0.000000,0.000000,0.000000,0.700000,0.045001,false,,,,,,,,1.764035,false,0.000000,0,3,0.000000
1779158642.305995,2026-05-18T21:44:02,0.018003,SVJ,false,DECELERATING,15823,0.000000,0.000000,0.000000,0.700000,0.045001,false,,,,,,,,1.764035,false,0.000000,0,3,0.000000
1779158642.324009,2026-05-18T21:44:02,0.018003,SVJ,false,DECELERATING,15823,0.000000,0.000000,0.000000,0.700000,0.045001,false,,,,,,,,1.764035,false,0.000000,0,3,0.000000
1779158642.342247,2026-05-18T21:44:02,0.018005,SVJ,false,DECELERATING,15823,0.000000,0.000000,0.000000,0.700000,0.045001,false,,,,,,,,1.764035,false,0.000000,0,2,0.000000
1779158642.360012,2026-05-18T21:44:02,0.017996,SVJ,false,DECELERATING,15823,0.000000,0.000000,0.000000,0.700000,0.045001,false,,,,,,,,1.764035,false,0.000000,0,2,0.000000
1779158642.378021,2026-05-18T21:44:02,0.018003,SVJ,false,DECELERATING,15823,0.000000,0.000000,0.000000,0.700000,0.045001,false,,,,,,,,1.764035,false,0.000000,0,2,0.000000
1779158642.396044,2026-05-18T21:44:02,0.017993,SVJ,false,DECELERATING,15823,0.000000,0.000000,0.000000,0.700000,0.045001,false,,,,,,,,1.764035,false,0.000000,0,2,0.000000
1779158642.414031,2026-05-18T21:44:02,0.017997,SVJ,false,DECELERATING,15823,0.000000,0.000000,0.000000,0.700000,0.045001,false,,,,,,,,1.764035,false,0.000000,0,2,0.000000
1779158642.432063,2026-05-18T21:44:02,0.018001,SVJ,false,DECELERATING,15823,0.000000,0.000000,0.000000,0.700000,0.045001,false,,,,,,,,1.764035,false,0.000000,0,2,0.000000
1779158642.450020,2026-05-18T21:44:02,0.018003,SVJ,false,DECELERATING,15823,0.000000,0.000000,0.000000,0.700000,0.045001,false,,,,,,,,1.764035,false,0.000000,0,2,0.000000
1779158642.468003,2026-05-18T21:44:02,0.017996,SVJ,false,DECELERATING,15823,0.000000,0.000000,0.000000,0.700000,0.045001,false,,,,,,,,1.764035,false,0.000000,0,2,0.000000
1779158642.486015,2026-05-18T21:44:02,0.018002,SVJ,false,DECELERATING,15823,0.000000,0.000000,0.000000,0.700000,0.045001,false,,,,,,,,1.764035,false,0.000000,0,2,0.000000
1779158642.504035,2026-05-18T21:44:02,0.018010,SVJ,false,DECELERATING,15823,0.000000,0.000000,0.000000,0.700000,0.045001,false,,,,,,,,1.764035,false,0.000000,0,2,0.000000
1779158642.522012,2026-05-18T21:44:02,0.017999,SVJ,false,DECELERATING,15823,0.000000,0.000000,0.000000,0.700000,0.045001,false,,,,,,,,1.764035,false,0.000000,0,2,0.000000
1779158642.540025,2026-05-18T21:44:02,0.017997,SVJ,false,DECELERATING,15823,0.000000,0.000000,0.000000,0.700000,0.045001,false,,,,,,,,1.764035,false,0.000000,0,2,0.000000
1779158642.558033,2026-05-18T21:44:02,0.018021,SVJ,false,DECELERATING,15823,0.000000,0.000000,0.000000,0.700000,0.045001,false,,,,,,,,1.764035,false,0.000000,0,2,0.000000
1779158642.576047,2026-05-18T21:44:02,0.017983,SVJ,false,DECELERATING,15823,0.000000,0.000000,0.000000,0.700000,0.045001,false,,,,,,,,1.764035,false,0.000000,0,2,0.000000
1779158642.594020,2026-05-18T21:44:02,0.017997,SVJ,false,DECELERATING,15823,0.000000,0.000000,0.000000,0.700000,0.045001,false,,,,,,,,1.764035,false,0.000000,0,2,0.000000
1779158642.612015,2026-05-18T21:44:02,0.017988,SVJ,false,DECELERATING,15823,0.000000,0.000000,0.000000,0.700000,0.045001,false,,,,,,,,1.764035,false,0.000000,0,2,0.000000
1779158642.630029,2026-05-18T21:44:02,0.018012,SVJ,false,DECELERATING,15823,0.000000,0.000000,0.000000,0.700000,0.045001,false,,,,,,,,1.764035,false,0.000000,0,2,0.000000
1779158642.648020,2026-05-18T21:44:02,0.017994,SVJ,false,DECELERATING,15823,0.000000,0.000000,0.000000,0.700000,0.045001,false,,,,,,,,1.764035,false,0.000000,0,2,0.000000
1779158642.665998,2026-05-18T21:44:02,0.017996,SVJ,false,DECELERATING,15823,0.000000,0.000000,0.000000,0.700000,0.045001,false,,,,,,,,1.764035,false,0.000000,0,2,0.000000
1779158642.684019,2026-05-18T21:44:02,0.018007,SVJ,false,DECELERATING,15823,0.000000,0.000000,0.000000,0.700000,0.045001,false,,,,,,,,1.764035,false,0.000000,0,2,0.000000
1779158642.702034,2026-05-18T21:44:02,0.018004,SVJ,false,DECELERATING,15823,0.000000,0.000000,0.000000,0.700000,0.045001,false,,,,,,,,1.764035,false,0.000000,0,2,0.000000
1779158642.720048,2026-05-18T21:44:02,0.018006,SVJ,false,DECELERATING,15823,0.000000,0.000000,0.000000,0.700000,0.045001,false,,,,,,,,1.764035,false,0.000000,0,2,0.000000
1779158642.738033,2026-05-18T21:44:02,0.017996,SVJ,false,DECELERATING,15823,0.000000,0.000000,0.000000,0.700000,0.045001,false,,,,,,,,1.764035,false,0.000000,0,2,0.000000
1779158642.756007,2026-05-18T21:44:02,0.017988,SVJ,false,DECELERATING,15823,0.000000,0.000000,0.000000,0.700000,0.045001,false,,,,,,,,1.764035,false,0.000000,0,2,0.000000
1779158642.774012,2026-05-18T21:44:02,0.018003,SVJ,false,DECELERATING,15823,0.000000,0.000000,0.000000,0.700000,0.045001,false,,,,,,,,1.764035,false,0.000000,0,2,0.000000
1779158642.792027,2026-05-18T21:44:02,0.018012,SVJ,false,DECELERATING,15823,0.000000,0.000000,0.000000,0.700000,0.045001,false,,,,,,,,1.764035,false,0.000000,0,2,0.000000
1779158642.810019,2026-05-18T21:44:02,0.017989,SVJ,false,DECELERATING,15823,0.000000,0.000000,0.000000,0.700000,0.045001,false,,,,,,,,1.764035,false,0.000000,0,2,0.000000
1779158642.828028,2026-05-18T21:44:02,0.018004,SVJ,false,DECELERATING,15823,0.000000,0.000000,0.000000,0.700000,0.045001,false,,,,,,,,1.764035,false,0.000000,0,2,0.000000
1779158642.846003,2026-05-18T21:44:02,0.017989,SVJ,false,DECELERATING,15823,0.000000,0.000000,0.000000,0.700000,0.045001,false,,,,,,,,1.764035,false,0.000000,0,2,0.000000
1779158642.864096,2026-05-18T21:44:02,0.018039,SVJ,false,DECELERATING,15823,0.000000,0.000000,0.000000,0.700000,0.045001,false,,,,,,,,1.764035,false,0.000000,0,2,0.000000
1779158642.882017,2026-05-18T21:44:02,0.017966,SVJ,false,DECELERATING,15823,0.000000,0.000000,0.000000,0.700000,0.045001,false,,,,,,,,1.764035,false,0.000000,0,2,0.000000
1779158642.900037,2026-05-18T21:44:02,0.018006,SVJ,false,DECELERATING,15823,0.000000,0.000000,0.000000,0.700000,0.045001,false,,,,,,,,1.764035,false,0.000000,0,2,0.000000
1779158642.918044,2026-05-18T21:44:02,0.018000,SVJ,false,DECELERATING,15823,0.000000,0.000000,0.000000,0.700000,0.045001,false,,,,,,,,1.764035,false,0.000000,0,2,0.000000
1779158642.936040,2026-05-18T21:44:02,0.017997,SVJ,false,DECELERATING,15823,0.000000,0.000000,0.000000,0.700000,0.045001,false,,,,,,,,1.764035,false,0.000000,0,2,0.000000
1779158642.954040,2026-05-18T21:44:02,0.018003,SVJ,false,DECELERATING,15823,0.000000,0.000000,0.000000,0.700000,0.045001,false,,,,,,,,1.764035,false,0.000000,0,2,0.000000
1779158642.972036,2026-05-18T21:44:02,0.018007,SVJ,false,DECELERATING,15823,0.000000,0.000000,0.000000,0.700000,0.045001,false,,,,,,,,1.764035,false,0.000000,0,2,0.000000
1779158642.990050,2026-05-18T21:44:02,0.017983,SVJ,false,DECELERATING,15823,0.000000,0.000000,0.000000,0.700000,0.045001,false,,,,,,,,1.764035,false,0.000000,0,2,0.000000
1779158643.008047,2026-05-18T21:44:03,0.018002,SVJ,false,DECELERATING,15823,0.000000,0.000000,0.000000,0.700000,0.045001,false,,,,,,,,1.764035,false,0.000000,0,2,0.000000
1779158643.026020,2026-05-18T21:44:03,0.018001,SVJ,false,DECELERATING,15823,0.000000,0.000000,0.000000,0.700000,0.045001,false,,,,,,,,1.764035,false,0.000000,0,2,0.000000
1779158643.044022,2026-05-18T21:44:03,0.018009,SVJ,false,DECELERATING,15823,0.000000,0.000000,0.000000,0.700000,0.045001,false,,,,,,,,1.764035,false,0.000000,0,2,0.000000
1779158643.062042,2026-05-18T21:44:03,0.017987,SVJ,false,DECELERATING,15823,0.000000,0.000000,0.000000,0.700000,0.045001,false,,,,,,,,1.764035,false,0.000000,0,2,0.000000
1779158643.080017,2026-05-18T21:44:03,0.017999,SVJ,false,DECELERATING,15823,0.000000,0.000000,0.000000,0.700000,0.045001,false,,,,,,,,1.764035,false,0.000000,0,2,0.000000
1779158643.098008,2026-05-18T21:44:03,0.018002,SVJ,false,DECELERATING,15823,0.000000,0.000000,0.000000,0.700000,0.045001,false,,,,,,,,1.764035,false,0.000000,0,2,0.000000
1779158643.116045,2026-05-18T21:44:03,0.018018,SVJ,false,DECELERATING,15823,0.000000,0.000000,0.000000,0.700000,0.045001,false,,,,,,,,1.764035,false,0.000000,0,2,0.000000
1779158643.134048,2026-05-18T21:44:03,0.018011,SVJ,false,DECELERATING,15823,0.000000,0.000000,0.000000,0.700000,0.045001,false,,,,,,,,1.764035,false,0.000000,0,2,0.000000
1779158643.152069,2026-05-18T21:44:03,0.017990,SVJ,false,DECELERATING,15823,0.000000,0.000000,0.000000,0.700000,0.045001,false,,,,,,,,1.764035,false,0.000000,0,2,0.000000
1779158643.170064,2026-05-18T21:44:03,0.018013,SVJ,false,DECELERATING,15823,0.000000,0.000000,0.000000,0.700000,0.045001,false,,,,,,,,1.764035,false,0.000000,0,2,0.000000
1779158643.188072,2026-05-18T21:44:03,0.017980,SVJ,false,DECELERATING,15823,0.000000,0.000000,0.000000,0.700000,0.045001,false,,,,,,,,1.764035,false,0.000000,0,2,0.000000
1779158643.206017,2026-05-18T21:44:03,0.017994,SVJ,false,DECELERATING,15823,0.000000,0.000000,0.000000,0.700000,0.045001,false,,,,,,,,1.764035,false,0.000000,0,2,0.000000
1779158643.224039,2026-05-18T21:44:03,0.017996,SVJ,false,DECELERATING,15823,0.000000,0.000000,0.000000,0.700000,0.045001,false,,,,,,,,1.764035,false,0.000000,0,2,0.000000
1779158643.242028,2026-05-18T21:44:03,0.018006,SVJ,false,DECELERATING,15823,0.000000,0.000000,0.000000,0.700000,0.045001,false,,,,,,,,1.764035,false,0.000000,0,2,0.000000
1779158643.260047,2026-05-18T21:44:03,0.018002,SVJ,false,DECELERATING,15823,0.000000,0.000000,0.000000,0.700000,0.045001,false,,,,,,,,1.764035,false,0.000000,0,2,0.000000
1779158643.278030,2026-05-18T21:44:03,0.017990,SVJ,false,DECELERATING,15823,0.000000,0.000000,0.000000,0.700000,0.045001,false,,,,,,,,1.764035,false,0.000000,0,2,0.000000
1779158643.296057,2026-05-18T21:44:03,0.018019,SVJ,false,DECELERATING,15823,0.000000,0.000000,0.000000,0.700000,0.045001,false,,,,,,,,1.764035,false,0.000000,0,2,0.000000
1779158643.314055,2026-05-18T21:44:03,0.018008,SVJ,false,DECELERATING,15823,0.000000,0.000000,0.000000,0.700000,0.045001,false,,,,,,,,1.764035,false,0.000000,0,2,0.000000
1779158643.332120,2026-05-18T21:44:03,0.017993,SVJ,false,DECELERATING,15823,0.000000,0.000000,0.000000,0.700000,0.045001,false,,,,,,,,1.764035,false,0.000000,0,2,0.000000
1779158643.350086,2026-05-18T21:44:03,0.017983,SVJ,false,DECELERATING,15823,0.000000,0.000000,0.000000,0.700000,0.045001,false,,,,,,,,1.764035,false,0.000000,0,2,0.000000
1779158643.368046,2026-05-18T21:44:03,0.018002,SVJ,false,DECELERATING,15823,0.000000,0.000000,0.000000,0.700000,0.045001,false,,,,,,,,1.764035,false,0.000000,0,2,0.000000
1779158643.385549,2026-05-18T21:44:03,0.017514,SVJ,false,DECELERATING,15823,0.000000,0.000000,0.000000,0.700000,0.045001,false,,,,,,,,1.764035,false,0.000000,0,2,0.000000
1779158643.403550,2026-05-18T21:44:03,0.018008,SVJ,false,DECELERATING,15823,0.000000,0.000000,0.000000,0.700000,0.045001,false,,,,,,,,1.764035,false,0.000000,0,2,0.000000
1779158643.421542,2026-05-18T21:44:03,0.017989,SVJ,false,DECELERATING,15823,0.000000,0.000000,0.000000,0.700000,0.045001,false,,,,,,,,1.764035,false,0.000000,0,2,0.000000
1779158643.439560,2026-05-18T21:44:03,0.018004,SVJ,false,DECELERATING,15823,0.000000,0.000000,0.000000,0.700000,0.045001,false,,,,,,,,1.764035,false,0.000000,0,2,0.000000
1779158643.457585,2026-05-18T21:44:03,0.017997,SVJ,false,DECELERATING,15823,0.000000,0.000000,0.000000,0.700000,0.045001,false,,,,,,,,1.764035,false,0.000000,0,2,0.000000
1779158643.475574,2026-05-18T21:44:03,0.017997,SVJ,false,DECELERATING,15823,0.000000,0.000000,0.000000,0.700000,0.045001,false,,,,,,,,1.764035,false,0.000000,0,2,0.000000
1779158643.493706,2026-05-18T21:44:03,0.018031,SVJ,false,DECELERATING,15823,0.000000,0.000000,0.000000,0.700000,0.045001,false,,,,,,,,1.764035,false,0.000000,0,2,0.000000
1779158643.511562,2026-05-18T21:44:03,0.017984,SVJ,false,DECELERATING,15823,0.000000,0.000000,0.000000,0.700000,0.045001,false,,,,,,,,1.764035,false,0.000000,0,2,0.000000
1779158643.528742,2026-05-18T21:44:03,0.017171,SVJ,false,DECELERATING,15823,0.000000,0.000000,0.000000,0.700000,0.045001,false,,,,,,,,1.764035,false,0.000000,0,2,0.000000
1779158643.546744,2026-05-18T21:44:03,0.018008,SVJ,false,DECELERATING,15823,0.000000,0.000000,0.000000,0.700000,0.045001,false,,,,,,,,1.764035,false,0.000000,0,2,0.000000
1779158643.564745,2026-05-18T21:44:03,0.017990,SVJ,false,DECELERATING,15823,0.000000,0.000000,0.000000,0.700000,0.045001,false,,,,,,,,1.764035,false,0.000000,0,2,0.000000
1779158643.582744,2026-05-18T21:44:03,0.018004,SVJ,false,DECELERATING,15823,0.000000,0.000000,0.000000,0.700000,0.045001,false,,,,,,,,1.764035,false,0.000000,0,2,0.000000
1779158643.600732,2026-05-18T21:44:03,0.017996,SVJ,false,DECELERATING,15823,0.000000,0.000000,0.000000,0.700000,0.045001,false,,,,,,,,1.764035,false,0.000000,0,2,0.000000
1779158643.618741,2026-05-18T21:44:03,0.018014,SVJ,false,DECELERATING,15823,0.000000,0.000000,0.000000,0.700000,0.045001,false,,,,,,,,1.764035,false,0.000000,0,2,0.000000
1779158643.636765,2026-05-18T21:44:03,0.017993,SVJ,false,DECELERATING,15823,0.000000,0.000000,0.000000,0.700000,0.045001,false,,,,,,,,1.764035,false,0.000000,0,2,0.000000
1779158643.654759,2026-05-18T21:44:03,0.018005,SVJ,false,DECELERATING,15823,0.000000,0.000000,0.000000,0.700000,0.045001,false,,,,,,,,1.764035,false,0.000000,0,2,0.000000
1779158643.672779,2026-05-18T21:44:03,0.017997,SVJ,false,DECELERATING,15823,0.000000,0.000000,0.000000,0.700000,0.045001,false,,,,,,,,1.764035,false,0.000000,0,2,0.000000
1779158643.690776,2026-05-18T21:44:03,0.018033,SVJ,false,DECELERATING,15823,0.000000,0.000000,0.000000,0.700000,0.045001,false,,,,,,,,1.764035,false,0.000000,0,2,0.000000
1779158643.708745,2026-05-18T21:44:03,0.017962,SVJ,false,DECELERATING,15823,0.000000,0.000000,0.000000,0.700000,0.045001,false,,,,,,,,1.764035,false,0.000000,0,2,0.000000
1779158643.726748,2026-05-18T21:44:03,0.018001,SVJ,false,DECELERATING,15823,0.000000,0.000000,0.000000,0.700000,0.045001,false,,,,,,,,1.764035,false,0.000000,0,2,0.000000
1779158643.744840,2026-05-18T21:44:03,0.018064,SVJ,false,DECELERATING,15823,0.000000,0.000000,0.000000,0.700000,0.045001,false,,,,,,,,1.764035,false,0.000000,0,2,0.000000
1779158643.762756,2026-05-18T21:44:03,0.017951,SVJ,false,DECELERATING,15823,0.000000,0.000000,0.000000,0.700000,0.045001,false,,,,,,,,1.764035,false,0.000000,0,2,0.000000
1779158643.780786,2026-05-18T21:44:03,0.017982,SVJ,false,DECELERATING,15823,0.000000,0.000000,0.000000,0.700000,0.045001,false,,,,,,,,1.764035,false,0.000000,0,2,0.000000
1779158643.798738,2026-05-18T21:44:03,0.017998,SVJ,false,DECELERATING,15823,0.000000,0.000000,0.000000,0.700000,0.045001,false,,,,,,,,1.764035,false,0.000000,0,2,0.000000
1779158643.816768,2026-05-18T21:44:03,0.018013,SVJ,false,DECELERATING,15823,0.000000,0.000000,0.000000,0.700000,0.045001,false,,,,,,,,1.764035,false,0.000000,0,2,0.000000
1779158643.835086,2026-05-18T21:44:03,0.017999,SVJ,false,DECELERATING,15823,0.000000,0.000000,0.000000,0.700000,0.045001,false,,,,,,,,1.764035,false,0.000000,0,1,0.000000
1779158643.852739,2026-05-18T21:44:03,0.017993,SVJ,false,DECELERATING,15823,0.000000,0.000000,0.000000,0.700000,0.045001,false,,,,,,,,1.764035,false,0.000000,0,1,0.000000
1779158643.870740,2026-05-18T21:44:03,0.017997,SVJ,false,DECELERATING,15823,0.000000,0.000000,0.000000,0.700000,0.045001,false,,,,,,,,1.764035,false,0.000000,0,1,0.000000
1779158643.888736,2026-05-18T21:44:03,0.018002,SVJ,false,DECELERATING,15823,0.000000,0.000000,0.000000,0.700000,0.045001,false,,,,,,,,1.764035,false,0.000000,0,1,0.000000
1779158643.906797,2026-05-18T21:44:03,0.018005,SVJ,false,DECELERATING,15823,0.000000,0.000000,0.000000,0.700000,0.045001,false,,,,,,,,1.764035,false,0.000000,0,1,0.000000
1779158643.924740,2026-05-18T21:44:03,0.017994,SVJ,false,DECELERATING,15823,0.000000,0.000000,0.000000,0.700000,0.045001,false,,,,,,,,1.764035,false,0.000000,0,1,0.000000
1779158643.942746,2026-05-18T21:44:03,0.018000,SVJ,false,DECELERATING,15823,0.000000,0.000000,0.000000,0.700000,0.045001,false,,,,,,,,1.764035,false,0.000000,0,1,0.000000
1779158643.960768,2026-05-18T21:44:03,0.018018,SVJ,false,DECELERATING,15823,0.000000,0.000000,0.000000,0.700000,0.045001,false,,,,,,,,1.764035,false,0.000000,0,1,0.000000
1779158643.978762,2026-05-18T21:44:03,0.017981,SVJ,false,DECELERATING,15823,0.000000,0.000000,0.000000,0.700000,0.045001,false,,,,,,,,1.764035,false,0.000000,0,1,0.000000
1779158643.996742,2026-05-18T21:44:03,0.017998,SVJ,false,DECELERATING,15823,0.000000,0.000000,0.000000,0.700000,0.045001,false,,,,,,,,1.764035,false,0.000000,0,1,0.000000
1779158644.014788,2026-05-18T21:44:04,0.018025,SVJ,false,DECELERATING,15823,0.000000,0.000000,0.000000,0.700000,0.045001,false,,,,,,,,1.764035,false,0.000000,0,1,0.000000
1779158644.032777,2026-05-18T21:44:04,0.017976,SVJ,false,DECELERATING,15823,0.000000,0.000000,0.000000,0.700000,0.045001,false,,,,,,,,1.764035,false,0.000000,0,1,0.000000
1779158644.050788,2026-05-18T21:44:04,0.018028,SVJ,false,DECELERATING,15823,0.000000,0.000000,0.000000,0.700000,0.045001,false,,,,,,,,1.764035,false,0.000000,0,1,0.000000
1779158644.068751,2026-05-18T21:44:04,0.017972,SVJ,false,DECELERATING,15823,0.000000,0.000000,0.000000,0.700000,0.045001,false,,,,,,,,1.764035,false,0.000000,0,1,0.000000
1779158644.086765,2026-05-18T21:44:04,0.018010,SVJ,false,DECELERATING,15823,0.000000,0.000000,0.000000,0.700000,0.045001,false,,,,,,,,1.764035,false,0.000000,0,1,0.000000
1779158644.104774,2026-05-18T21:44:04,0.018001,SVJ,false,DECELERATING,15823,0.000000,0.000000,0.000000,0.700000,0.045001,false,,,,,,,,1.764035,false,0.000000,0,1,0.000000
1779158644.122763,2026-05-18T21:44:04,0.017990,SVJ,false,DECELERATING,15823,0.000000,0.000000,0.000000,0.700000,0.045001,false,,,,,,,,1.764035,false,0.000000,0,1,0.000000
1779158644.140808,2026-05-18T21:44:04,0.018016,SVJ,false,DECELERATING,15823,0.000000,0.000000,0.000000,0.700000,0.045001,false,,,,,,,,1.764035,false,0.000000,0,1,0.000000
1779158644.158750,2026-05-18T21:44:04,0.017989,SVJ,false,DECELERATING,15823,0.000000,0.000000,0.000000,0.700000,0.045001,false,,,,,,,,1.764035,false,0.000000,0,1,0.000000
1779158644.176740,2026-05-18T21:44:04,0.017993,SVJ,false,DECELERATING,15823,0.000000,0.000000,0.000000,0.700000,0.045001,false,,,,,,,,1.764035,false,0.000000,0,1,0.000000
1779158644.194769,2026-05-18T21:44:04,0.018011,SVJ,false,DECELERATING,15823,0.000000,0.000000,0.000000,0.700000,0.045001,false,,,,,,,,1.764035,false,0.000000,0,1,0.000000
1779158644.212771,2026-05-18T21:44:04,0.017993,SVJ,false,DECELERATING,15823,0.000000,0.000000,0.000000,0.700000,0.045001,false,,,,,,,,1.764035,false,0.000000,0,1,0.000000
1779158644.230763,2026-05-18T21:44:04,0.018005,SVJ,false,DECELERATING,15823,0.000000,0.000000,0.000000,0.700000,0.045001,false,,,,,,,,1.764035,false,0.000000,0,1,0.000000
1779158644.248777,2026-05-18T21:44:04,0.018000,SVJ,false,DECELERATING,15823,0.000000,0.000000,0.000000,0.700000,0.045001,false,,,,,,,,1.764035,false,0.000000,0,1,0.000000
1779158644.266745,2026-05-18T21:44:04,0.017991,SVJ,false,DECELERATING,15823,0.000000,0.000000,0.000000,0.700000,0.045001,false,,,,,,,,1.764035,false,0.000000,0,1,0.000000
1779158644.284764,2026-05-18T21:44:04,0.018013,SVJ,false,DECELERATING,15823,0.000000,0.000000,0.000000,0.700000,0.045001,false,,,,,,,,1.764035,false,0.000000,0,1,0.000000
1779158644.302871,2026-05-18T21:44:04,0.017994,SVJ,false,DECELERATING,15823,0.000000,0.000000,0.000000,0.700000,0.045001,false,,,,,,,,1.764035,false,0.000000,0,1,0.000000
1779158644.320758,2026-05-18T21:44:04,0.017990,SVJ,false,DECELERATING,15823,0.000000,0.000000,0.000000,0.700000,0.045001,false,,,,,,,,1.764035,false,0.000000,0,1,0.000000
1779158644.338820,2026-05-18T21:44:04,0.018021,SVJ,false,DECELERATING,15823,0.000000,0.000000,0.000000,0.700000,0.045001,false,,,,,,,,1.764035,false,0.000000,0,1,0.000000
1779158644.356761,2026-05-18T21:44:04,0.017993,SVJ,false,DECELERATING,15823,0.000000,0.000000,0.000000,0.700000,0.045001,false,,,,,,,,1.764035,false,0.000000,0,1,0.000000
1779158644.374788,2026-05-18T21:44:04,0.018005,SVJ,false,DECELERATING,15823,0.000000,0.000000,0.000000,0.700000,0.045001,false,,,,,,,,1.764035,false,0.000000,0,1,0.000000
1779158644.392778,2026-05-18T21:44:04,0.017989,SVJ,false,DECELERATING,15823,0.000000,0.000000,0.000000,0.700000,0.045001,false,,,,,,,,1.764035,false,0.000000,0,1,0.000000
1779158644.410784,2026-05-18T21:44:04,0.018008,SVJ,false,DECELERATING,15823,0.000000,0.000000,0.000000,0.700000,0.045001,false,,,,,,,,1.764035,false,0.000000,0,1,0.000000
1779158644.428776,2026-05-18T21:44:04,0.017995,SVJ,false,DECELERATING,15823,0.000000,0.000000,0.000000,0.700000,0.045001,false,,,,,,,,1.764035,false,0.000000,0,1,0.000000
1779158644.446769,2026-05-18T21:44:04,0.017996,SVJ,false,DECELERATING,15823,0.000000,0.000000,0.000000,0.700000,0.045001,false,,,,,,,,1.764035,false,0.000000,0,1,0.000000
1779158644.464806,2026-05-18T21:44:04,0.018008,SVJ,false,DECELERATING,15823,0.000000,0.000000,0.000000,0.700000,0.045001,false,,,,,,,,1.764035,false,0.000000,0,1,0.000000
1779158644.482783,2026-05-18T21:44:04,0.018006,SVJ,false,DECELERATING,15823,0.000000,0.000000,0.000000,0.700000,0.045001,false,,,,,,,,1.764035,false,0.000000,0,1,0.000000
1779158644.500795,2026-05-18T21:44:04,0.017996,SVJ,false,DECELERATING,15823,0.000000,0.000000,0.000000,0.700000,0.045001,false,,,,,,,,1.764035,false,0.000000,0,1,0.000000
1779158644.518762,2026-05-18T21:44:04,0.017987,SVJ,false,DECELERATING,15823,0.000000,0.000000,0.000000,0.700000,0.045001,false,,,,,,,,1.764035,false,0.000000,0,1,0.000000
1779158644.536763,2026-05-18T21:44:04,0.017998,SVJ,false,DECELERATING,15823,0.000000,0.000000,0.000000,0.700000,0.045001,false,,,,,,,,1.764035,false,0.000000,0,1,0.000000
1779158644.554753,2026-05-18T21:44:04,0.018000,SVJ,false,DECELERATING,15823,0.000000,0.000000,0.000000,0.700000,0.045001,false,,,,,,,,1.764035,false,0.000000,0,1,0.000000
1779158644.572770,2026-05-18T21:44:04,0.018003,SVJ,false,DECELERATING,15823,0.000000,0.000000,0.000000,0.700000,0.045001,false,,,,,,,,1.764035,false,0.000000,0,1,0.000000
1779158644.590760,2026-05-18T21:44:04,0.018013,SVJ,false,DECELERATING,15823,0.000000,0.000000,0.000000,0.700000,0.045001,false,,,,,,,,1.764035,false,0.000000,0,1,0.000000
1779158644.608784,2026-05-18T21:44:04,0.018001,SVJ,false,DECELERATING,15823,0.000000,0.000000,0.000000,0.700000,0.045001,false,,,,,,,,1.764035,false,0.000000,0,1,0.000000
1779158644.626801,2026-05-18T21:44:04,0.018019,SVJ,false,DECELERATING,15823,0.000000,0.000000,0.000000,0.700000,0.045001,false,,,,,,,,1.764035,false,0.000000,0,1,0.000000
1779158644.644782,2026-05-18T21:44:04,0.017976,SVJ,false,DECELERATING,15823,0.000000,0.000000,0.000000,0.700000,0.045001,false,,,,,,,,1.764035,false,0.000000,0,1,0.000000
1779158644.662773,2026-05-18T21:44:04,0.017992,SVJ,false,DECELERATING,15823,0.000000,0.000000,0.000000,0.700000,0.045001,false,,,,,,,,1.764035,false,0.000000,0,1,0.000000
1779158644.680768,2026-05-18T21:44:04,0.018010,SVJ,false,DECELERATING,15823,0.000000,0.000000,0.000000,0.700000,0.045001,false,,,,,,,,1.764035,false,0.000000,0,1,0.000000
1779158644.698761,2026-05-18T21:44:04,0.017992,SVJ,false,DECELERATING,15823,0.000000,0.000000,0.000000,0.700000,0.045001,false,,,,,,,,1.764035,false,0.000000,0,1,0.000000
1779158644.716762,2026-05-18T21:44:04,0.017997,SVJ,false,DECELERATING,15823,0.000000,0.000000,0.000000,0.700000,0.045001,false,,,,,,,,1.764035,false,0.000000,0,1,0.000000
1779158644.734788,2026-05-18T21:44:04,0.018012,SVJ,false,DECELERATING,15823,0.000000,0.000000,0.000000,0.700000,0.045001,false,,,,,,,,1.764035,false,0.000000,0,1,0.000000
1779158644.752784,2026-05-18T21:44:04,0.017997,SVJ,false,DECELERATING,15823,0.000000,0.000000,0.000000,0.700000,0.045001,false,,,,,,,,1.764035,false,0.000000,0,1,0.000000
1779158644.770767,2026-05-18T21:44:04,0.017993,SVJ,false,DECELERATING,15823,0.000000,0.000000,0.000000,0.700000,0.045001,false,,,,,,,,1.764035,false,0.000000,0,1,0.000000
1779158644.788775,2026-05-18T21:44:04,0.018010,SVJ,false,DECELERATING,15823,0.000000,0.000000,0.000000,0.700000,0.045001,false,,,,,,,,1.764035,false,0.000000,0,1,0.000000
1779158644.806763,2026-05-18T21:44:04,0.017989,SVJ,false,DECELERATING,15823,0.000000,0.000000,0.000000,0.700000,0.045001,false,,,,,,,,1.764035,false,0.000000,0,1,0.000000
1779158644.824765,2026-05-18T21:44:04,0.018002,SVJ,false,DECELERATING,15823,0.000000,0.000000,0.000000,0.700000,0.045001,false,,,,,,,,1.764035,false,0.000000,0,1,0.000000
1779158644.842802,2026-05-18T21:44:04,0.018013,SVJ,false,DECELERATING,15823,0.000000,0.000000,0.000000,0.700000,0.045001,false,,,,,,,,1.764035,false,0.000000,0,1,0.000000
1779158644.860787,2026-05-18T21:44:04,0.018011,SVJ,false,DECELERATING,15823,0.000000,0.000000,0.000000,0.700000,0.045001,false,,,,,,,,1.764035,false,0.000000,0,1,0.000000
1779158644.878816,2026-05-18T21:44:04,0.017980,SVJ,false,DECELERATING,15823,0.000000,0.000000,0.000000,0.700000,0.045001,false,,,,,,,,1.764035,false,0.000000,0,1,0.000000
1779158644.896757,2026-05-18T21:44:04,0.017992,SVJ,false,DECELERATING,15823,0.000000,0.000000,0.000000,0.700000,0.045001,false,,,,,,,,1.764035,false,0.000000,0,1,0.000000
1779158644.914770,2026-05-18T21:44:04,0.018007,SVJ,false,DECELERATING,15823,0.000000,0.000000,0.000000,0.700000,0.045001,false,,,,,,,,1.764035,false,0.000000,0,1,0.000000
1779158644.932788,2026-05-18T21:44:04,0.017997,SVJ,false,DECELERATING,15823,0.000000,0.000000,0.000000,0.700000,0.045001,false,,,,,,,,1.764035,false,0.000000,0,1,0.000000
1779158644.950783,2026-05-18T21:44:04,0.018008,SVJ,false,DECELERATING,15823,0.000000,0.000000,0.000000,0.700000,0.045001,false,,,,,,,,1.764035,false,0.000000,0,1,0.000000
1779158644.968788,2026-05-18T21:44:04,0.017999,SVJ,false,DECELERATING,15823,0.000000,0.000000,0.000000,0.700000,0.045001,false,,,,,,,,1.764035,false,0.000000,0,1,0.000000
1779158644.986774,2026-05-18T21:44:04,0.017994,SVJ,false,DECELERATING,15823,0.000000,0.000000,0.000000,0.700000,0.045001,false,,,,,,,,1.764035,false,0.000000,0,1,0.000000
1779158645.004769,2026-05-18T21:44:05,0.018003,SVJ,false,DECELERATING,15823,0.000000,0.000000,0.000000,0.700000,0.045001,false,,,,,,,,1.764035,false,0.000000,0,1,0.000000
1779158645.022817,2026-05-18T21:44:05,0.018008,SVJ,false,DECELERATING,15823,0.000000,0.000000,0.000000,0.700000,0.045001,false,,,,,,,,1.764035,false,0.000000,0,1,0.000000
1779158645.040806,2026-05-18T21:44:05,0.018002,SVJ,false,DECELERATING,15823,0.000000,0.000000,0.000000,0.700000,0.045001,false,,,,,,,,1.764035,false,0.000000,0,1,0.000000
1779158645.058822,2026-05-18T21:44:05,0.017995,SVJ,false,DECELERATING,15823,0.000000,0.000000,0.000000,0.700000,0.045001,false,,,,,,,,1.764035,false,0.000000,0,1,0.000000
1779158645.076766,2026-05-18T21:44:05,0.018000,SVJ,false,DECELERATING,15823,0.000000,0.000000,0.000000,0.700000,0.045001,false,,,,,,,,1.764035,false,0.000000,0,1,0.000000
1779158645.094783,2026-05-18T21:44:05,0.018005,SVJ,false,DECELERATING,15823,0.000000,0.000000,0.000000,0.700000,0.045001,false,,,,,,,,1.764035,false,0.000000,0,1,0.000000
1779158645.112786,2026-05-18T21:44:05,0.018000,SVJ,false,DECELERATING,15823,0.000000,0.000000,0.000000,0.700000,0.045001,false,,,,,,,,1.764035,false,0.000000,0,1,0.000000
1779158645.130784,2026-05-18T21:44:05,0.017993,SVJ,false,DECELERATING,15823,0.000000,0.000000,0.000000,0.700000,0.045001,false,,,,,,,,1.764035,false,0.000000,0,1,0.000000
1779158645.148794,2026-05-18T21:44:05,0.018010,SVJ,false,DECELERATING,15823,0.000000,0.000000,0.000000,0.700000,0.045001,false,,,,,,,,1.764035,false,0.000000,0,1,0.000000
1779158645.166782,2026-05-18T21:44:05,0.017985,SVJ,false,DECELERATING,15823,0.000000,0.000000,0.000000,0.700000,0.045001,false,,,,,,,,1.764035,false,0.000000,0,1,0.000000
1779158645.184788,2026-05-18T21:44:05,0.018010,SVJ,false,DECELERATING,15823,0.000000,0.000000,0.000000,0.700000,0.045001,false,,,,,,,,1.764035,false,0.000000,0,1,0.000000
1779158645.202785,2026-05-18T21:44:05,0.017996,SVJ,false,DECELERATING,15823,0.000000,0.000000,0.000000,0.700000,0.045001,false,,,,,,,,1.764035,false,0.000000,0,1,0.000000
1779158645.220793,2026-05-18T21:44:05,0.018002,SVJ,false,DECELERATING,15823,0.000000,0.000000,0.000000,0.700000,0.045001,false,,,,,,,,1.764035,false,0.000000,0,1,0.000000
1779158645.238804,2026-05-18T21:44:05,0.018008,SVJ,false,DECELERATING,15823,0.000000,0.000000,0.000000,0.700000,0.045001,false,,,,,,,,1.764035,false,0.000000,0,1,0.000000
1779158645.256799,2026-05-18T21:44:05,0.017995,SVJ,false,DECELERATING,15823,0.000000,0.000000,0.000000,0.700000,0.045001,false,,,,,,,,1.764035,false,0.000000,0,1,0.000000
1779158645.274793,2026-05-18T21:44:05,0.017995,SVJ,false,DECELERATING,15823,0.000000,0.000000,0.000000,0.700000,0.045001,false,,,,,,,,1.764035,false,0.000000,0,1,0.000000
1779158645.292797,2026-05-18T21:44:05,0.017997,SVJ,false,DECELERATING,15823,0.000000,0.000000,0.000000,0.700000,0.045001,false,,,,,,,,1.764035,false,0.000000,0,1,0.000000
1779158645.310795,2026-05-18T21:44:05,0.018003,SVJ,false,DECELERATING,15823,0.000000,0.000000,0.000000,0.700000,0.045001,false,,,,,,,,1.764035,false,0.000000,0,1,0.000000
1779158645.328788,2026-05-18T21:44:05,0.018003,SVJ,false,DECELERATING,15823,0.000000,0.000000,0.000000,0.700000,0.045001,false,,,,,,,,1.764035,false,0.000000,0,1,0.000000
1779158645.346787,2026-05-18T21:44:05,0.017994,SVJ,false,DECELERATING,15823,0.000000,0.000000,0.000000,0.700000,0.045001,false,,,,,,,,1.764035,false,0.000000,0,1,0.000000
1779158645.364797,2026-05-18T21:44:05,0.017999,SVJ,false,DECELERATING,15823,0.000000,0.000000,0.000000,0.700000,0.045001,false,,,,,,,,1.764035,false,0.000000,0,1,0.000000
1779158645.382786,2026-05-18T21:44:05,0.018002,SVJ,false,DECELERATING,15823,0.000000,0.000000,0.000000,0.700000,0.045001,false,,,,,,,,1.764035,false,0.000000,0,1,0.000000
1779158645.400789,2026-05-18T21:44:05,0.017999,SVJ,false,DECELERATING,15823,0.000000,0.000000,0.000000,0.700000,0.045001,false,,,,,,,,1.764035,false,0.000000,0,1,0.000000
1779158645.418786,2026-05-18T21:44:05,0.018001,SVJ,false,DECELERATING,15823,0.000000,0.000000,0.000000,0.700000,0.045001,false,,,,,,,,1.764035,false,0.000000,0,1,0.000000
1779158645.436787,2026-05-18T21:44:05,0.017994,SVJ,false,DECELERATING,15823,0.000000,0.000000,0.000000,0.700000,0.045001,false,,,,,,,,1.764035,false,0.000000,0,1,0.000000
1779158645.454809,2026-05-18T21:44:05,0.018013,SVJ,false,DECELERATING,15823,0.000000,0.000000,0.000000,0.700000,0.045001,false,,,,,,,,1.764035,false,0.000000,0,1,0.000000
1779158645.472818,2026-05-18T21:44:05,0.017989,SVJ,false,DECELERATING,15823,0.000000,0.000000,0.000000,0.700000,0.045001,false,,,,,,,,1.764035,false,0.000000,0,1,0.000000
1779158645.490818,2026-05-18T21:44:05,0.018006,SVJ,false,DECELERATING,15823,0.000000,0.000000,0.000000,0.700000,0.045001,false,,,,,,,,1.764035,false,0.000000,0,1,0.000000
1779158645.508802,2026-05-18T21:44:05,0.017998,SVJ,false,DECELERATING,15823,0.000000,0.000000,0.000000,0.700000,0.045001,false,,,,,,,,1.764035,false,0.000000,0,1,0.000000
1779158645.526811,2026-05-18T21:44:05,0.018010,SVJ,false,DECELERATING,15823,0.000000,0.000000,0.000000,0.700000,0.045001,false,,,,,,,,1.764035,false,0.000000,0,1,0.000000
1779158645.544804,2026-05-18T21:44:05,0.017995,SVJ,false,DECELERATING,15823,0.000000,0.000000,0.000000,0.700000,0.045001,false,,,,,,,,1.764035,false,0.000000,0,1,0.000000
1779158645.562847,2026-05-18T21:44:05,0.017997,SVJ,false,DECELERATING,15823,0.000000,0.000000,0.000000,0.700000,0.045001,false,,,,,,,,1.764035,false,0.000000,0,1,0.000000
1779158645.580803,2026-05-18T21:44:05,0.017996,SVJ,false,DECELERATING,15823,0.000000,0.000000,0.000000,0.700000,0.045001,false,,,,,,,,1.764035,false,0.000000,0,1,0.000000
1779158645.598802,2026-05-18T21:44:05,0.018016,SVJ,false,DECELERATING,15823,0.000000,0.000000,0.000000,0.700000,0.045001,false,,,,,,,,1.764035,false,0.000000,0,1,0.000000
1779158645.616782,2026-05-18T21:44:05,0.017984,SVJ,false,DECELERATING,15823,0.000000,0.000000,0.000000,0.700000,0.045001,false,,,,,,,,1.764035,false,0.000000,0,1,0.000000
1779158645.634851,2026-05-18T21:44:05,0.018018,SVJ,false,DECELERATING,15823,0.000000,0.000000,0.000000,0.700000,0.045001,false,,,,,,,,1.764035,false,0.000000,0,1,0.000000
1779158645.652799,2026-05-18T21:44:05,0.017978,SVJ,false,DECELERATING,15823,0.000000,0.000000,0.000000,0.700000,0.045001,false,,,,,,,,1.764035,false,0.000000,0,1,0.000000
1779158645.670802,2026-05-18T21:44:05,0.018011,SVJ,false,DECELERATING,15823,0.000000,0.000000,0.000000,0.700000,0.045001,false,,,,,,,,1.764035,false,0.000000,0,1,0.000000
1779158645.688807,2026-05-18T21:44:05,0.018008,SVJ,false,DECELERATING,15823,0.000000,0.000000,0.000000,0.700000,0.045001,false,,,,,,,,1.764035,false,0.000000,0,1,0.000000
1779158645.706843,2026-05-18T21:44:05,0.017988,SVJ,false,DECELERATING,15823,0.000000,0.000000,0.000000,0.700000,0.045001,false,,,,,,,,1.764035,false,0.000000,0,1,0.000000
1779158645.724810,2026-05-18T21:44:05,0.018007,SVJ,false,DECELERATING,15823,0.000000,0.000000,0.000000,0.700000,0.045001,false,,,,,,,,1.764035,false,0.000000,0,1,0.000000
1779158645.742814,2026-05-18T21:44:05,0.018003,SVJ,false,DECELERATING,15823,0.000000,0.000000,0.000000,0.700000,0.045001,false,,,,,,,,1.764035,false,0.000000,0,1,0.000000
1779158645.760834,2026-05-18T21:44:05,0.017987,SVJ,false,DECELERATING,15823,0.000000,0.000000,0.000000,0.700000,0.045001,false,,,,,,,,1.764035,false,0.000000,0,1,0.000000
1779158645.778820,2026-05-18T21:44:05,0.018017,SVJ,false,DECELERATING,15823,0.000000,0.000000,0.000000,0.700000,0.045001,false,,,,,,,,1.764035,false,0.000000,0,1,0.000000
1779158645.796793,2026-05-18T21:44:05,0.017985,SVJ,false,DECELERATING,15823,0.000000,0.000000,0.000000,0.700000,0.045001,false,,,,,,,,1.764035,false,0.000000,0,1,0.000000
1779158645.814809,2026-05-18T21:44:05,0.018014,SVJ,false,DECELERATING,15823,0.000000,0.000000,0.000000,0.700000,0.045001,false,,,,,,,,1.764035,false,0.000000,0,1,0.000000
1779158645.832795,2026-05-18T21:44:05,0.017982,SVJ,false,DECELERATING,15823,0.000000,0.000000,0.000000,0.700000,0.045001,false,,,,,,,,1.764035,false,0.000000,0,1,0.000000
1779158645.850804,2026-05-18T21:44:05,0.018005,SVJ,false,DECELERATING,15823,0.000000,0.000000,0.000000,0.700000,0.045001,false,,,,,,,,1.764035,false,0.000000,0,1,0.000000
1779158645.868790,2026-05-18T21:44:05,0.017997,SVJ,false,DECELERATING,15823,0.000000,0.000000,0.000000,0.700000,0.045001,false,,,,,,,,1.764035,false,0.000000,0,1,0.000000
1779158645.886801,2026-05-18T21:44:05,0.018000,SVJ,false,DECELERATING,15823,0.000000,0.000000,0.000000,0.700000,0.045001,false,,,,,,,,1.764035,false,0.000000,0,1,0.000000
1779158645.904804,2026-05-18T21:44:05,0.018004,SVJ,false,DECELERATING,15823,0.000000,0.000000,0.000000,0.700000,0.045001,false,,,,,,,,1.764035,false,0.000000,0,1,0.000000
1779158645.922821,2026-05-18T21:44:05,0.018010,SVJ,false,DECELERATING,15823,0.000000,0.000000,0.000000,0.700000,0.045001,false,,,,,,,,1.764035,false,0.000000,0,1,0.000000
1779158645.940792,2026-05-18T21:44:05,0.017986,SVJ,false,DECELERATING,15823,0.000000,0.000000,0.000000,0.700000,0.045001,false,,,,,,,,1.764035,false,0.000000,0,1,0.000000
1779158645.958841,2026-05-18T21:44:05,0.018017,SVJ,false,DECELERATING,15823,0.000000,0.000000,0.000000,0.700000,0.045001,false,,,,,,,,1.764035,false,0.000000,0,1,0.000000
1779158645.976805,2026-05-18T21:44:05,0.017994,SVJ,false,DECELERATING,15823,0.000000,0.000000,0.000000,0.700000,0.045001,false,,,,,,,,1.764035,false,0.000000,0,1,0.000000
1779158645.994860,2026-05-18T21:44:05,0.018048,SVJ,false,DECELERATING,15823,0.000000,0.000000,0.000000,0.700000,0.045001,false,,,,,,,,1.764035,false,0.000000,0,1,0.000000
1779158646.012810,2026-05-18T21:44:06,0.017940,SVJ,false,DECELERATING,15823,0.000000,0.000000,0.000000,0.700000,0.045001,false,,,,,,,,1.764035,false,0.000000,0,1,0.000000
1779158646.030804,2026-05-18T21:44:06,0.018002,SVJ,false,DECELERATING,15823,0.000000,0.000000,0.000000,0.700000,0.045001,false,,,,,,,,1.764035,false,0.000000,0,1,0.000000
1779158646.048790,2026-05-18T21:44:06,0.017997,SVJ,false,DECELERATING,15823,0.000000,0.000000,0.000000,0.700000,0.045001,false,,,,,,,,1.764035,false,0.000000,0,1,0.000000
1779158646.066836,2026-05-18T21:44:06,0.018011,SVJ,false,DECELERATING,15823,0.000000,0.000000,0.000000,0.700000,0.045001,false,,,,,,,,1.764035,false,0.000000,0,1,0.000000
1779158646.084827,2026-05-18T21:44:06,0.017998,SVJ,false,DECELERATING,15823,0.000000,0.000000,0.000000,0.700000,0.045001,false,,,,,,,,1.764035,false,0.000000,0,1,0.000000
1779158646.102805,2026-05-18T21:44:06,0.017996,SVJ,false,DECELERATING,15823,0.000000,0.000000,0.000000,0.700000,0.045001,false,,,,,,,,1.764035,false,0.000000,0,1,0.000000
1779158646.120816,2026-05-18T21:44:06,0.018015,SVJ,false,DECELERATING,15823,0.000000,0.000000,0.000000,0.700000,0.045001,false,,,,,,,,1.764035,false,0.000000,0,1,0.000000
1779158646.138801,2026-05-18T21:44:06,0.017987,SVJ,false,DECELERATING,15823,0.000000,0.000000,0.000000,0.700000,0.045001,false,,,,,,,,1.764035,false,0.000000,0,1,0.000000
1779158646.156855,2026-05-18T21:44:06,0.018020,SVJ,false,DECELERATING,15823,0.000000,0.000000,0.000000,0.700000,0.045001,false,,,,,,,,1.764035,false,0.000000,0,1,0.000000
1779158646.174814,2026-05-18T21:44:06,0.017978,SVJ,false,DECELERATING,15823,0.000000,0.000000,0.000000,0.700000,0.045001,false,,,,,,,,1.764035,false,0.000000,0,1,0.000000
1779158646.192804,2026-05-18T21:44:06,0.018000,SVJ,false,DECELERATING,15823,0.000000,0.000000,0.000000,0.700000,0.045001,false,,,,,,,,1.764035,false,0.000000,0,1,0.000000
1779158646.210865,2026-05-18T21:44:06,0.018060,SVJ,false,DECELERATING,15823,0.000000,0.000000,0.000000,0.700000,0.045001,false,,,,,,,,1.764035,false,0.000000,0,1,0.000000
1779158646.228813,2026-05-18T21:44:06,0.017936,SVJ,false,DECELERATING,15823,0.000000,0.000000,0.000000,0.700000,0.045001,false,,,,,,,,1.764035,false,0.000000,0,1,0.000000
1779158646.246818,2026-05-18T21:44:06,0.017999,SVJ,false,DECELERATING,15823,0.000000,0.000000,0.000000,0.700000,0.045001,false,,,,,,,,1.764035,false,0.000000,0,1,0.000000
1779158646.264872,2026-05-18T21:44:06,0.018018,SVJ,false,DECELERATING,15823,0.000000,0.000000,0.000000,0.700000,0.045001,false,,,,,,,,1.764035,false,0.000000,0,1,0.000000
1779158646.282861,2026-05-18T21:44:06,0.018001,SVJ,false,DECELERATING,15823,0.000000,0.000000,0.000000,0.700000,0.045001,false,,,,,,,,1.764035,false,0.000000,0,1,0.000000
1779158646.300811,2026-05-18T21:44:06,0.017984,SVJ,false,DECELERATING,15823,0.000000,0.000000,0.000000,0.700000,0.045001,false,,,,,,,,1.764035,false,0.000000,0,1,0.000000
1779158646.318830,2026-05-18T21:44:06,0.018014,SVJ,false,DECELERATING,15823,0.000000,0.000000,0.000000,0.700000,0.045001,false,,,,,,,,1.764035,false,0.000000,0,1,0.000000
1779158646.336842,2026-05-18T21:44:06,0.018002,SVJ,false,DECELERATING,15823,0.000000,0.000000,0.000000,0.700000,0.045001,false,,,,,,,,1.764035,false,0.000000,0,1,0.000000
1779158646.354828,2026-05-18T21:44:06,0.017995,SVJ,false,DECELERATING,15823,0.000000,0.000000,0.000000,0.700000,0.045001,false,,,,,,,,1.764035,false,0.000000,0,1,0.000000
1779158646.372839,2026-05-18T21:44:06,0.018005,SVJ,false,DECELERATING,15823,0.000000,0.000000,0.000000,0.700000,0.045001,false,,,,,,,,1.764035,false,0.000000,0,1,0.000000
1779158646.390831,2026-05-18T21:44:06,0.017992,SVJ,false,DECELERATING,15823,0.000000,0.000000,0.000000,0.700000,0.045001,false,,,,,,,,1.764035,false,0.000000,0,1,0.000000
1779158646.408831,2026-05-18T21:44:06,0.017999,SVJ,false,DECELERATING,15823,0.000000,0.000000,0.000000,0.700000,0.045001,false,,,,,,,,1.764035,false,0.000000,0,1,0.000000
1779158646.426802,2026-05-18T21:44:06,0.017993,SVJ,false,DECELERATING,15823,0.000000,0.000000,0.000000,0.700000,0.045001,false,,,,,,,,1.764035,false,0.000000,0,1,0.000000
1779158646.444838,2026-05-18T21:44:06,0.018006,SVJ,false,DECELERATING,15823,0.000000,0.000000,0.000000,0.700000,0.045001,false,,,,,,,,1.764035,false,0.000000,0,1,0.000000
1779158646.462824,2026-05-18T21:44:06,0.017998,SVJ,false,DECELERATING,15823,0.000000,0.000000,0.000000,0.700000,0.045001,false,,,,,,,,1.764035,false,0.000000,0,1,0.000000
1779158646.480829,2026-05-18T21:44:06,0.017997,SVJ,false,DECELERATING,15823,0.000000,0.000000,0.000000,0.700000,0.045001,false,,,,,,,,1.764035,false,0.000000,0,1,0.000000
1779158646.498820,2026-05-18T21:44:06,0.017997,SVJ,false,DECELERATING,15823,0.000000,0.000000,0.000000,0.700000,0.045001,false,,,,,,,,1.764035,false,0.000000,0,1,0.000000
1779158646.516812,2026-05-18T21:44:06,0.018006,SVJ,false,DECELERATING,15823,0.000000,0.000000,0.000000,0.700000,0.045001,false,,,,,,,,1.764035,false,0.000000,0,1,0.000000
1779158646.534824,2026-05-18T21:44:06,0.017997,SVJ,false,DECELERATING,15823,0.000000,0.000000,0.000000,0.700000,0.045001,false,,,,,,,,1.764035,false,0.000000,0,1,0.000000
1779158646.552832,2026-05-18T21:44:06,0.018005,SVJ,false,DECELERATING,15823,0.000000,0.000000,0.000000,0.700000,0.045001,false,,,,,,,,1.764035,false,0.000000,0,1,0.000000
1779158646.570837,2026-05-18T21:44:06,0.017997,SVJ,false,DECELERATING,15823,0.000000,0.000000,0.000000,0.700000,0.045001,false,,,,,,,,1.764035,false,0.000000,0,1,0.000000
1779158646.588817,2026-05-18T21:44:06,0.017996,SVJ,false,DECELERATING,15823,0.000000,0.000000,0.000000,0.700000,0.045001,false,,,,,,,,1.764035,false,0.000000,0,1,0.000000
1779158646.606827,2026-05-18T21:44:06,0.018017,SVJ,false,DECELERATING,15823,0.000000,0.000000,0.000000,0.700000,0.045001,false,,,,,,,,1.764035,false,0.000000,0,1,0.000000
1779158646.624962,2026-05-18T21:44:06,0.018082,SVJ,false,DECELERATING,15823,0.000000,0.000000,0.000000,0.700000,0.045001,false,,,,,,,,1.764035,false,0.000000,0,1,0.000000
1779158646.642823,2026-05-18T21:44:06,0.017904,SVJ,false,DECELERATING,15823,0.000000,0.000000,0.000000,0.700000,0.045001,false,,,,,,,,1.764035,false,0.000000,0,1,0.000000
1779158646.660856,2026-05-18T21:44:06,0.018006,SVJ,false,DECELERATING,15823,0.000000,0.000000,0.000000,0.700000,0.045001,false,,,,,,,,1.764035,false,0.000000,0,1,0.000000
1779158646.678841,2026-05-18T21:44:06,0.018011,SVJ,false,DECELERATING,15823,0.000000,0.000000,0.000000,0.700000,0.045001,false,,,,,,,,1.764035,false,0.000000,0,1,0.000000
1779158646.696854,2026-05-18T21:44:06,0.017996,SVJ,false,DECELERATING,15823,0.000000,0.000000,0.000000,0.700000,0.045001,false,,,,,,,,1.764035,false,0.000000,0,1,0.000000
1779158646.714815,2026-05-18T21:44:06,0.017984,SVJ,false,DECELERATING,15823,0.000000,0.000000,0.000000,0.700000,0.045001,false,,,,,,,,1.764035,false,0.000000,0,1,0.000000
1779158646.732849,2026-05-18T21:44:06,0.018000,SVJ,false,DECELERATING,15823,0.000000,0.000000,0.000000,0.700000,0.045001,false,,,,,,,,1.764035,false,0.000000,0,1,0.000000
1779158646.750849,2026-05-18T21:44:06,0.018000,SVJ,false,DECELERATING,15823,0.000000,0.000000,0.000000,0.700000,0.045001,false,,,,,,,,1.764035,false,0.000000,0,1,0.000000
1779158646.768840,2026-05-18T21:44:06,0.018007,SVJ,false,DECELERATING,15823,0.000000,0.000000,0.000000,0.700000,0.045001,false,,,,,,,,1.764035,false,0.000000,0,1,0.000000
1779158646.786844,2026-05-18T21:44:06,0.018001,SVJ,false,DECELERATING,15823,0.000000,0.000000,0.000000,0.700000,0.045001,false,,,,,,,,1.764035,false,0.000000,0,1,0.000000
1779158646.804838,2026-05-18T21:44:06,0.017999,SVJ,false,DECELERATING,15823,0.000000,0.000000,0.000000,0.700000,0.045001,false,,,,,,,,1.764035,false,0.000000,0,1,0.000000
1779158646.822843,2026-05-18T21:44:06,0.018009,SVJ,false,DECELERATING,15823,0.000000,0.000000,0.000000,0.700000,0.045001,false,,,,,,,,1.764035,false,0.000000,0,1,0.000000
1779158646.840889,2026-05-18T21:44:06,0.018017,SVJ,false,DECELERATING,15823,0.000000,0.000000,0.000000,0.700000,0.045001,false,,,,,,,,1.764035,false,0.000000,0,1,0.000000
1779158646.858860,2026-05-18T21:44:06,0.017989,SVJ,false,DECELERATING,15823,0.000000,0.000000,0.000000,0.700000,0.045001,false,,,,,,,,1.764035,false,0.000000,0,1,0.000000
1779158646.876856,2026-05-18T21:44:06,0.017999,SVJ,false,DECELERATING,15823,0.000000,0.000000,0.000000,0.700000,0.045001,false,,,,,,,,1.764035,false,0.000000,0,1,0.000000
1779158646.894864,2026-05-18T21:44:06,0.017994,SVJ,false,DECELERATING,15823,0.000000,0.000000,0.000000,0.700000,0.045001,false,,,,,,,,1.764035,false,0.000000,0,1,0.000000
1779158646.912841,2026-05-18T21:44:06,0.017989,SVJ,false,DECELERATING,15823,0.000000,0.000000,0.000000,0.700000,0.045001,false,,,,,,,,1.764035,false,0.000000,0,1,0.000000
1779158646.930835,2026-05-18T21:44:06,0.018006,SVJ,false,DECELERATING,15823,0.000000,0.000000,0.000000,0.700000,0.045001,false,,,,,,,,1.764035,false,0.000000,0,1,0.000000
1779158646.948827,2026-05-18T21:44:06,0.018001,SVJ,false,DECELERATING,15823,0.000000,0.000000,0.000000,0.700000,0.045001,false,,,,,,,,1.764035,false,0.000000,0,1,0.000000
1779158646.966841,2026-05-18T21:44:06,0.017998,SVJ,false,DECELERATING,15823,0.000000,0.000000,0.000000,0.700000,0.045001,false,,,,,,,,1.764035,false,0.000000,0,1,0.000000
1779158646.984852,2026-05-18T21:44:06,0.018004,SVJ,false,DECELERATING,15823,0.000000,0.000000,0.000000,0.700000,0.045001,false,,,,,,,,1.764035,false,0.000000,0,1,0.000000
1779158647.002854,2026-05-18T21:44:07,0.018010,SVJ,false,DECELERATING,15823,0.000000,0.000000,0.000000,0.700000,0.045001,false,,,,,,,,1.764035,false,0.000000,0,1,0.000000
1779158647.020838,2026-05-18T21:44:07,0.017980,SVJ,false,DECELERATING,15823,0.000000,0.000000,0.000000,0.700000,0.045001,false,,,,,,,,1.764035,false,0.000000,0,1,0.000000
1779158647.038824,2026-05-18T21:44:07,0.017999,SVJ,false,DECELERATING,15823,0.000000,0.000000,0.000000,0.700000,0.045001,false,,,,,,,,1.764035,false,0.000000,0,1,0.000000
1779158647.056820,2026-05-18T21:44:07,0.017997,SVJ,false,DECELERATING,15823,0.000000,0.000000,0.000000,0.700000,0.045001,false,,,,,,,,1.764035,false,0.000000,0,1,0.000000
1779158647.074825,2026-05-18T21:44:07,0.018004,SVJ,false,DECELERATING,15823,0.000000,0.000000,0.000000,0.700000,0.045001,false,,,,,,,,1.764035,false,0.000000,0,1,0.000000
1779158647.092871,2026-05-18T21:44:07,0.018013,SVJ,false,DECELERATING,15823,0.000000,0.000000,0.000000,0.700000,0.045001,false,,,,,,,,1.764035,false,0.000000,0,1,0.000000
1779158647.110849,2026-05-18T21:44:07,0.017984,SVJ,false,DECELERATING,15823,0.000000,0.000000,0.000000,0.700000,0.045001,false,,,,,,,,1.764035,false,0.000000,0,1,0.000000
1779158647.128826,2026-05-18T21:44:07,0.018002,SVJ,false,DECELERATING,15823,0.000000,0.000000,0.000000,0.700000,0.045001,false,,,,,,,,1.764035,false,0.000000,0,1,0.000000
1779158647.146837,2026-05-18T21:44:07,0.018000,SVJ,false,DECELERATING,15823,0.000000,0.000000,0.000000,0.700000,0.045001,false,,,,,,,,1.764035,false,0.000000,0,1,0.000000
1779158647.164843,2026-05-18T21:44:07,0.018003,SVJ,false,DECELERATING,15823,0.000000,0.000000,0.000000,0.700000,0.045001,false,,,,,,,,1.764035,false,0.000000,0,1,0.000000
1779158647.182849,2026-05-18T21:44:07,0.018004,SVJ,false,DECELERATING,15823,0.000000,0.000000,0.000000,0.700000,0.045001,false,,,,,,,,1.764035,false,0.000000,0,1,0.000000
1779158647.200871,2026-05-18T21:44:07,0.018015,SVJ,false,DECELERATING,15823,0.000000,0.000000,0.000000,0.700000,0.045001,false,,,,,,,,1.764035,false,0.000000,0,1,0.000000
1779158647.218860,2026-05-18T21:44:07,0.017989,SVJ,false,DECELERATING,15823,0.000000,0.000000,0.000000,0.700000,0.045001,false,,,,,,,,1.764035,false,0.000000,0,1,0.000000
1779158647.236853,2026-05-18T21:44:07,0.017993,SVJ,false,DECELERATING,15823,0.000000,0.000000,0.000000,0.700000,0.045001,false,,,,,,,,1.764035,false,0.000000,0,1,0.000000
1779158647.254829,2026-05-18T21:44:07,0.017995,SVJ,false,DECELERATING,15823,0.000000,0.000000,0.000000,0.700000,0.045001,false,,,,,,,,1.764035,false,0.000000,0,1,0.000000
